<?xml version="1.0" encoding="UTF-8"?>
<gpx creator="StravaGPX" version="1.1" xmlns="http://www.topografix.com/GPX/1/1" xmlns:xsi="http://www.w3.org/2001/XMLSchema-instance" xsi:schemaLocation="http://www.topografix.com/GPX/1/1 http://www.topografix.com/GPX/1/1/gpx.xsd http://www.garmin.com/xmlschemas/GpxExtensions/v3 http://www.garmin.com/xmlschemas/GpxExtensionsv3.xsd http://www.garmin.com/xmlschemas/TrackPointExtension/v1 http://www.garmin.com/xmlschemas/TrackPointExtensionv1.xsd" xmlns:gpxtpx="http://www.garmin.com/xmlschemas/TrackPointExtension/v1" xmlns:gpxx="http://www.garmin.com/xmlschemas/GpxExtensions/v3">
 <metadata>
  <time>2026-05-31T13:04:27Z</time>
 </metadata>
 <trk>
  <name>Run / walk with H</name>
  <type>running</type>
  <trkseg>
   <trkpt lat="51.8342040" lon="-1.5393470">
    <ele>178.4</ele>
    <time>2026-05-31T13:04:27Z</time>
    <extensions>
     <gpxtpx:TrackPointExtension>
      <gpxtpx:hr>93</gpxtpx:hr>
      <gpxtpx:cad>0</gpxtpx:cad>
     </gpxtpx:TrackPointExtension>
    </extensions>
   </trkpt>
   <trkpt lat="51.8341920" lon="-1.5393420">
    <ele>178.2</ele>
    <time>2026-05-31T13:04:28Z</time>
    <extensions>
     <gpxtpx:TrackPointExtension>
      <gpxtpx:hr>93</gpxtpx:hr>
      <gpxtpx:cad>0</gpxtpx:cad>
     </gpxtpx:TrackPointExtension>
    </extensions>
   </trkpt>
   <trkpt lat="51.8341580" lon="-1.5393130">
    <ele>177.0</ele>
    <time>2026-05-31T13:04:30Z</time>
    <extensions>
     <gpxtpx:TrackPointExtension>
      <gpxtpx:hr>94</gpxtpx:hr>
      <gpxtpx:cad>0</gpxtpx:cad>
     </gpxtpx:TrackPointExtension>
    </extensions>
   </trkpt>
   <trkpt lat="51.8341310" lon="-1.5392990">
    <ele>178.6</ele>
    <time>2026-05-31T13:04:31Z</time>
    <extensions>
     <gpxtpx:TrackPointExtension>
      <gpxtpx:hr>93</gpxtpx:hr>
      <gpxtpx:cad>0</gpxtpx:cad>
     </gpxtpx:TrackPointExtension>
    </extensions>
   </trkpt>
   <trkpt lat="51.8341000" lon="-1.5392900">
    <ele>177.8</ele>
    <time>2026-05-31T13:04:32Z</time>
    <extensions>
     <gpxtpx:TrackPointExtension>
      <gpxtpx:hr>94</gpxtpx:hr>
      <gpxtpx:cad>0</gpxtpx:cad>
     </gpxtpx:TrackPointExtension>
    </extensions>
   </trkpt>
   <trkpt lat="51.8340680" lon="-1.5392740">
    <ele>178.2</ele>
    <time>2026-05-31T13:04:33Z</time>
    <extensions>
     <gpxtpx:TrackPointExtension>
      <gpxtpx:hr>98</gpxtpx:hr>
      <gpxtpx:cad>90</gpxtpx:cad>
     </gpxtpx:TrackPointExtension>
    </extensions>
   </trkpt>
   <trkpt lat="51.8340320" lon="-1.5392590">
    <ele>177.4</ele>
    <time>2026-05-31T13:04:34Z</time>
    <extensions>
     <gpxtpx:TrackPointExtension>
      <gpxtpx:hr>101</gpxtpx:hr>
      <gpxtpx:cad>90</gpxtpx:cad>
     </gpxtpx:TrackPointExtension>
    </extensions>
   </trkpt>
   <trkpt lat="51.8339900" lon="-1.5392500">
    <ele>177.8</ele>
    <time>2026-05-31T13:04:35Z</time>
    <extensions>
     <gpxtpx:TrackPointExtension>
      <gpxtpx:hr>104</gpxtpx:hr>
      <gpxtpx:cad>90</gpxtpx:cad>
     </gpxtpx:TrackPointExtension>
    </extensions>
   </trkpt>
   <trkpt lat="51.8339270" lon="-1.5392620">
    <ele>177.6</ele>
    <time>2026-05-31T13:04:36Z</time>
    <extensions>
     <gpxtpx:TrackPointExtension>
      <gpxtpx:hr>108</gpxtpx:hr>
      <gpxtpx:cad>90</gpxtpx:cad>
     </gpxtpx:TrackPointExtension>
    </extensions>
   </trkpt>
   <trkpt lat="51.8338850" lon="-1.5392520">
    <ele>184.0</ele>
    <time>2026-05-31T13:04:37Z</time>
    <extensions>
     <gpxtpx:TrackPointExtension>
      <gpxtpx:hr>110</gpxtpx:hr>
      <gpxtpx:cad>90</gpxtpx:cad>
     </gpxtpx:TrackPointExtension>
    </extensions>
   </trkpt>
   <trkpt lat="51.8338400" lon="-1.5392460">
    <ele>183.6</ele>
    <time>2026-05-31T13:04:38Z</time>
    <extensions>
     <gpxtpx:TrackPointExtension>
      <gpxtpx:hr>115</gpxtpx:hr>
      <gpxtpx:cad>90</gpxtpx:cad>
     </gpxtpx:TrackPointExtension>
    </extensions>
   </trkpt>
   <trkpt lat="51.8337600" lon="-1.5392030">
    <ele>183.4</ele>
    <time>2026-05-31T13:04:40Z</time>
    <extensions>
     <gpxtpx:TrackPointExtension>
      <gpxtpx:hr>118</gpxtpx:hr>
      <gpxtpx:cad>90</gpxtpx:cad>
     </gpxtpx:TrackPointExtension>
    </extensions>
   </trkpt>
   <trkpt lat="51.8336940" lon="-1.5391500">
    <ele>183.6</ele>
    <time>2026-05-31T13:04:42Z</time>
    <extensions>
     <gpxtpx:TrackPointExtension>
      <gpxtpx:hr>121</gpxtpx:hr>
      <gpxtpx:cad>90</gpxtpx:cad>
     </gpxtpx:TrackPointExtension>
    </extensions>
   </trkpt>
   <trkpt lat="51.8336420" lon="-1.5390960">
    <ele>183.4</ele>
    <time>2026-05-31T13:04:44Z</time>
    <extensions>
     <gpxtpx:TrackPointExtension>
      <gpxtpx:hr>121</gpxtpx:hr>
      <gpxtpx:cad>87</gpxtpx:cad>
     </gpxtpx:TrackPointExtension>
    </extensions>
   </trkpt>
   <trkpt lat="51.8335830" lon="-1.5390450">
    <ele>182.6</ele>
    <time>2026-05-31T13:04:46Z</time>
    <extensions>
     <gpxtpx:TrackPointExtension>
      <gpxtpx:hr>122</gpxtpx:hr>
      <gpxtpx:cad>85</gpxtpx:cad>
     </gpxtpx:TrackPointExtension>
    </extensions>
   </trkpt>
   <trkpt lat="51.8334730" lon="-1.5389230">
    <ele>182.0</ele>
    <time>2026-05-31T13:04:50Z</time>
    <extensions>
     <gpxtpx:TrackPointExtension>
      <gpxtpx:hr>124</gpxtpx:hr>
      <gpxtpx:cad>86</gpxtpx:cad>
     </gpxtpx:TrackPointExtension>
    </extensions>
   </trkpt>
   <trkpt lat="51.8333540" lon="-1.5388050">
    <ele>181.6</ele>
    <time>2026-05-31T13:04:55Z</time>
    <extensions>
     <gpxtpx:TrackPointExtension>
      <gpxtpx:hr>124</gpxtpx:hr>
      <gpxtpx:cad>85</gpxtpx:cad>
     </gpxtpx:TrackPointExtension>
    </extensions>
   </trkpt>
   <trkpt lat="51.8333290" lon="-1.5387890">
    <ele>182.0</ele>
    <time>2026-05-31T13:04:56Z</time>
    <extensions>
     <gpxtpx:TrackPointExtension>
      <gpxtpx:hr>122</gpxtpx:hr>
      <gpxtpx:cad>82</gpxtpx:cad>
     </gpxtpx:TrackPointExtension>
    </extensions>
   </trkpt>
   <trkpt lat="51.8331360" lon="-1.5386790">
    <ele>181.8</ele>
    <time>2026-05-31T13:05:02Z</time>
    <extensions>
     <gpxtpx:TrackPointExtension>
      <gpxtpx:hr>123</gpxtpx:hr>
      <gpxtpx:cad>84</gpxtpx:cad>
     </gpxtpx:TrackPointExtension>
    </extensions>
   </trkpt>
   <trkpt lat="51.8330910" lon="-1.5386550">
    <ele>181.6</ele>
    <time>2026-05-31T13:05:04Z</time>
    <extensions>
     <gpxtpx:TrackPointExtension>
      <gpxtpx:hr>129</gpxtpx:hr>
      <gpxtpx:cad>87</gpxtpx:cad>
     </gpxtpx:TrackPointExtension>
    </extensions>
   </trkpt>
   <trkpt lat="51.8330680" lon="-1.5386450">
    <ele>181.6</ele>
    <time>2026-05-31T13:05:05Z</time>
    <extensions>
     <gpxtpx:TrackPointExtension>
      <gpxtpx:hr>129</gpxtpx:hr>
      <gpxtpx:cad>87</gpxtpx:cad>
     </gpxtpx:TrackPointExtension>
    </extensions>
   </trkpt>
   <trkpt lat="51.8330260" lon="-1.5386250">
    <ele>181.4</ele>
    <time>2026-05-31T13:05:07Z</time>
    <extensions>
     <gpxtpx:TrackPointExtension>
      <gpxtpx:hr>129</gpxtpx:hr>
      <gpxtpx:cad>84</gpxtpx:cad>
     </gpxtpx:TrackPointExtension>
    </extensions>
   </trkpt>
   <trkpt lat="51.8329410" lon="-1.5385830">
    <ele>180.4</ele>
    <time>2026-05-31T13:05:11Z</time>
    <extensions>
     <gpxtpx:TrackPointExtension>
      <gpxtpx:hr>129</gpxtpx:hr>
      <gpxtpx:cad>82</gpxtpx:cad>
     </gpxtpx:TrackPointExtension>
    </extensions>
   </trkpt>
   <trkpt lat="51.8328520" lon="-1.5385450">
    <ele>179.6</ele>
    <time>2026-05-31T13:05:16Z</time>
    <extensions>
     <gpxtpx:TrackPointExtension>
      <gpxtpx:hr>130</gpxtpx:hr>
      <gpxtpx:cad>81</gpxtpx:cad>
     </gpxtpx:TrackPointExtension>
    </extensions>
   </trkpt>
   <trkpt lat="51.8328280" lon="-1.5385390">
    <ele>179.4</ele>
    <time>2026-05-31T13:05:17Z</time>
    <extensions>
     <gpxtpx:TrackPointExtension>
      <gpxtpx:hr>129</gpxtpx:hr>
      <gpxtpx:cad>81</gpxtpx:cad>
     </gpxtpx:TrackPointExtension>
    </extensions>
   </trkpt>
   <trkpt lat="51.8327030" lon="-1.5385650">
    <ele>178.4</ele>
    <time>2026-05-31T13:05:23Z</time>
    <extensions>
     <gpxtpx:TrackPointExtension>
      <gpxtpx:hr>128</gpxtpx:hr>
      <gpxtpx:cad>80</gpxtpx:cad>
     </gpxtpx:TrackPointExtension>
    </extensions>
   </trkpt>
   <trkpt lat="51.8326480" lon="-1.5385880">
    <ele>178.2</ele>
    <time>2026-05-31T13:05:25Z</time>
    <extensions>
     <gpxtpx:TrackPointExtension>
      <gpxtpx:hr>128</gpxtpx:hr>
      <gpxtpx:cad>78</gpxtpx:cad>
     </gpxtpx:TrackPointExtension>
    </extensions>
   </trkpt>
   <trkpt lat="51.8325130" lon="-1.5385890">
    <ele>177.4</ele>
    <time>2026-05-31T13:05:30Z</time>
    <extensions>
     <gpxtpx:TrackPointExtension>
      <gpxtpx:hr>129</gpxtpx:hr>
      <gpxtpx:cad>83</gpxtpx:cad>
     </gpxtpx:TrackPointExtension>
    </extensions>
   </trkpt>
   <trkpt lat="51.8324910" lon="-1.5385810">
    <ele>177.2</ele>
    <time>2026-05-31T13:05:31Z</time>
    <extensions>
     <gpxtpx:TrackPointExtension>
      <gpxtpx:hr>130</gpxtpx:hr>
      <gpxtpx:cad>83</gpxtpx:cad>
     </gpxtpx:TrackPointExtension>
    </extensions>
   </trkpt>
   <trkpt lat="51.8323460" lon="-1.5385010">
    <ele>176.2</ele>
    <time>2026-05-31T13:05:38Z</time>
    <extensions>
     <gpxtpx:TrackPointExtension>
      <gpxtpx:hr>131</gpxtpx:hr>
      <gpxtpx:cad>82</gpxtpx:cad>
     </gpxtpx:TrackPointExtension>
    </extensions>
   </trkpt>
   <trkpt lat="51.8323250" lon="-1.5384900">
    <ele>176.0</ele>
    <time>2026-05-31T13:05:39Z</time>
    <extensions>
     <gpxtpx:TrackPointExtension>
      <gpxtpx:hr>131</gpxtpx:hr>
      <gpxtpx:cad>81</gpxtpx:cad>
     </gpxtpx:TrackPointExtension>
    </extensions>
   </trkpt>
   <trkpt lat="51.8322860" lon="-1.5384710">
    <ele>176.0</ele>
    <time>2026-05-31T13:05:41Z</time>
    <extensions>
     <gpxtpx:TrackPointExtension>
      <gpxtpx:hr>134</gpxtpx:hr>
      <gpxtpx:cad>81</gpxtpx:cad>
     </gpxtpx:TrackPointExtension>
    </extensions>
   </trkpt>
   <trkpt lat="51.8322340" lon="-1.5384280">
    <ele>175.6</ele>
    <time>2026-05-31T13:05:44Z</time>
    <extensions>
     <gpxtpx:TrackPointExtension>
      <gpxtpx:hr>131</gpxtpx:hr>
      <gpxtpx:cad>82</gpxtpx:cad>
     </gpxtpx:TrackPointExtension>
    </extensions>
   </trkpt>
   <trkpt lat="51.8321370" lon="-1.5383520">
    <ele>175.2</ele>
    <time>2026-05-31T13:05:49Z</time>
    <extensions>
     <gpxtpx:TrackPointExtension>
      <gpxtpx:hr>132</gpxtpx:hr>
      <gpxtpx:cad>82</gpxtpx:cad>
     </gpxtpx:TrackPointExtension>
    </extensions>
   </trkpt>
   <trkpt lat="51.8320220" lon="-1.5382010">
    <ele>174.6</ele>
    <time>2026-05-31T13:05:56Z</time>
    <extensions>
     <gpxtpx:TrackPointExtension>
      <gpxtpx:hr>130</gpxtpx:hr>
      <gpxtpx:cad>81</gpxtpx:cad>
     </gpxtpx:TrackPointExtension>
    </extensions>
   </trkpt>
   <trkpt lat="51.8319350" lon="-1.5380900">
    <ele>174.2</ele>
    <time>2026-05-31T13:06:02Z</time>
    <extensions>
     <gpxtpx:TrackPointExtension>
      <gpxtpx:hr>130</gpxtpx:hr>
      <gpxtpx:cad>80</gpxtpx:cad>
     </gpxtpx:TrackPointExtension>
    </extensions>
   </trkpt>
   <trkpt lat="51.8318770" lon="-1.5380140">
    <ele>174.0</ele>
    <time>2026-05-31T13:06:06Z</time>
    <extensions>
     <gpxtpx:TrackPointExtension>
      <gpxtpx:hr>129</gpxtpx:hr>
      <gpxtpx:cad>78</gpxtpx:cad>
     </gpxtpx:TrackPointExtension>
    </extensions>
   </trkpt>
   <trkpt lat="51.8317260" lon="-1.5378010">
    <ele>173.4</ele>
    <time>2026-05-31T13:06:14Z</time>
    <extensions>
     <gpxtpx:TrackPointExtension>
      <gpxtpx:hr>129</gpxtpx:hr>
      <gpxtpx:cad>80</gpxtpx:cad>
     </gpxtpx:TrackPointExtension>
    </extensions>
   </trkpt>
   <trkpt lat="51.8316800" lon="-1.5377480">
    <ele>173.2</ele>
    <time>2026-05-31T13:06:16Z</time>
    <extensions>
     <gpxtpx:TrackPointExtension>
      <gpxtpx:hr>131</gpxtpx:hr>
      <gpxtpx:cad>81</gpxtpx:cad>
     </gpxtpx:TrackPointExtension>
    </extensions>
   </trkpt>
   <trkpt lat="51.8316210" lon="-1.5376610">
    <ele>173.0</ele>
    <time>2026-05-31T13:06:19Z</time>
    <extensions>
     <gpxtpx:TrackPointExtension>
      <gpxtpx:hr>134</gpxtpx:hr>
      <gpxtpx:cad>81</gpxtpx:cad>
     </gpxtpx:TrackPointExtension>
    </extensions>
   </trkpt>
   <trkpt lat="51.8315650" lon="-1.5375970">
    <ele>172.8</ele>
    <time>2026-05-31T13:06:21Z</time>
    <extensions>
     <gpxtpx:TrackPointExtension>
      <gpxtpx:hr>135</gpxtpx:hr>
      <gpxtpx:cad>82</gpxtpx:cad>
     </gpxtpx:TrackPointExtension>
    </extensions>
   </trkpt>
   <trkpt lat="51.8314330" lon="-1.5374670">
    <ele>172.2</ele>
    <time>2026-05-31T13:06:26Z</time>
    <extensions>
     <gpxtpx:TrackPointExtension>
      <gpxtpx:hr>136</gpxtpx:hr>
      <gpxtpx:cad>81</gpxtpx:cad>
     </gpxtpx:TrackPointExtension>
    </extensions>
   </trkpt>
   <trkpt lat="51.8314140" lon="-1.5374400">
    <ele>172.0</ele>
    <time>2026-05-31T13:06:27Z</time>
    <extensions>
     <gpxtpx:TrackPointExtension>
      <gpxtpx:hr>135</gpxtpx:hr>
      <gpxtpx:cad>82</gpxtpx:cad>
     </gpxtpx:TrackPointExtension>
    </extensions>
   </trkpt>
   <trkpt lat="51.8314080" lon="-1.5374080">
    <ele>172.0</ele>
    <time>2026-05-31T13:06:28Z</time>
    <extensions>
     <gpxtpx:TrackPointExtension>
      <gpxtpx:hr>135</gpxtpx:hr>
      <gpxtpx:cad>82</gpxtpx:cad>
     </gpxtpx:TrackPointExtension>
    </extensions>
   </trkpt>
   <trkpt lat="51.8314070" lon="-1.5373770">
    <ele>171.8</ele>
    <time>2026-05-31T13:06:29Z</time>
    <extensions>
     <gpxtpx:TrackPointExtension>
      <gpxtpx:hr>138</gpxtpx:hr>
      <gpxtpx:cad>82</gpxtpx:cad>
     </gpxtpx:TrackPointExtension>
    </extensions>
   </trkpt>
   <trkpt lat="51.8314080" lon="-1.5373450">
    <ele>171.8</ele>
    <time>2026-05-31T13:06:30Z</time>
    <extensions>
     <gpxtpx:TrackPointExtension>
      <gpxtpx:hr>137</gpxtpx:hr>
      <gpxtpx:cad>82</gpxtpx:cad>
     </gpxtpx:TrackPointExtension>
    </extensions>
   </trkpt>
   <trkpt lat="51.8314640" lon="-1.5370850">
    <ele>171.6</ele>
    <time>2026-05-31T13:06:38Z</time>
    <extensions>
     <gpxtpx:TrackPointExtension>
      <gpxtpx:hr>137</gpxtpx:hr>
      <gpxtpx:cad>78</gpxtpx:cad>
     </gpxtpx:TrackPointExtension>
    </extensions>
   </trkpt>
   <trkpt lat="51.8314980" lon="-1.5369470">
    <ele>171.4</ele>
    <time>2026-05-31T13:06:42Z</time>
    <extensions>
     <gpxtpx:TrackPointExtension>
      <gpxtpx:hr>140</gpxtpx:hr>
      <gpxtpx:cad>80</gpxtpx:cad>
     </gpxtpx:TrackPointExtension>
    </extensions>
   </trkpt>
   <trkpt lat="51.8315000" lon="-1.5368980">
    <ele>171.4</ele>
    <time>2026-05-31T13:06:44Z</time>
    <extensions>
     <gpxtpx:TrackPointExtension>
      <gpxtpx:hr>143</gpxtpx:hr>
      <gpxtpx:cad>80</gpxtpx:cad>
     </gpxtpx:TrackPointExtension>
    </extensions>
   </trkpt>
   <trkpt lat="51.8314930" lon="-1.5368770">
    <ele>171.6</ele>
    <time>2026-05-31T13:06:45Z</time>
    <extensions>
     <gpxtpx:TrackPointExtension>
      <gpxtpx:hr>145</gpxtpx:hr>
      <gpxtpx:cad>80</gpxtpx:cad>
     </gpxtpx:TrackPointExtension>
    </extensions>
   </trkpt>
   <trkpt lat="51.8314670" lon="-1.5368290">
    <ele>171.6</ele>
    <time>2026-05-31T13:06:51Z</time>
    <extensions>
     <gpxtpx:TrackPointExtension>
      <gpxtpx:hr>145</gpxtpx:hr>
      <gpxtpx:cad>0</gpxtpx:cad>
     </gpxtpx:TrackPointExtension>
    </extensions>
   </trkpt>
   <trkpt lat="51.8314470" lon="-1.5368290">
    <ele>171.8</ele>
    <time>2026-05-31T13:06:57Z</time>
    <extensions>
     <gpxtpx:TrackPointExtension>
      <gpxtpx:hr>141</gpxtpx:hr>
      <gpxtpx:cad>0</gpxtpx:cad>
     </gpxtpx:TrackPointExtension>
    </extensions>
   </trkpt>
   <trkpt lat="51.8314470" lon="-1.5368240">
    <ele>171.8</ele>
    <time>2026-05-31T13:06:58Z</time>
    <extensions>
     <gpxtpx:TrackPointExtension>
      <gpxtpx:hr>141</gpxtpx:hr>
      <gpxtpx:cad>0</gpxtpx:cad>
     </gpxtpx:TrackPointExtension>
    </extensions>
   </trkpt>
   <trkpt lat="51.8314630" lon="-1.5366930">
    <ele>171.8</ele>
    <time>2026-05-31T13:07:02Z</time>
    <extensions>
     <gpxtpx:TrackPointExtension>
      <gpxtpx:hr>140</gpxtpx:hr>
      <gpxtpx:cad>78</gpxtpx:cad>
     </gpxtpx:TrackPointExtension>
    </extensions>
   </trkpt>
   <trkpt lat="51.8315340" lon="-1.5363930">
    <ele>171.8</ele>
    <time>2026-05-31T13:07:08Z</time>
    <extensions>
     <gpxtpx:TrackPointExtension>
      <gpxtpx:hr>137</gpxtpx:hr>
      <gpxtpx:cad>82</gpxtpx:cad>
     </gpxtpx:TrackPointExtension>
    </extensions>
   </trkpt>
   <trkpt lat="51.8315700" lon="-1.5361520">
    <ele>171.8</ele>
    <time>2026-05-31T13:07:14Z</time>
    <extensions>
     <gpxtpx:TrackPointExtension>
      <gpxtpx:hr>138</gpxtpx:hr>
      <gpxtpx:cad>82</gpxtpx:cad>
     </gpxtpx:TrackPointExtension>
    </extensions>
   </trkpt>
   <trkpt lat="51.8315820" lon="-1.5361220">
    <ele>171.6</ele>
    <time>2026-05-31T13:07:16Z</time>
    <extensions>
     <gpxtpx:TrackPointExtension>
      <gpxtpx:hr>139</gpxtpx:hr>
      <gpxtpx:cad>82</gpxtpx:cad>
     </gpxtpx:TrackPointExtension>
    </extensions>
   </trkpt>
   <trkpt lat="51.8315990" lon="-1.5360800">
    <ele>171.6</ele>
    <time>2026-05-31T13:07:19Z</time>
    <extensions>
     <gpxtpx:TrackPointExtension>
      <gpxtpx:hr>141</gpxtpx:hr>
      <gpxtpx:cad>80</gpxtpx:cad>
     </gpxtpx:TrackPointExtension>
    </extensions>
   </trkpt>
   <trkpt lat="51.8316350" lon="-1.5359510">
    <ele>171.6</ele>
    <time>2026-05-31T13:07:27Z</time>
    <extensions>
     <gpxtpx:TrackPointExtension>
      <gpxtpx:hr>140</gpxtpx:hr>
      <gpxtpx:cad>53</gpxtpx:cad>
     </gpxtpx:TrackPointExtension>
    </extensions>
   </trkpt>
   <trkpt lat="51.8316580" lon="-1.5358900">
    <ele>171.6</ele>
    <time>2026-05-31T13:07:31Z</time>
    <extensions>
     <gpxtpx:TrackPointExtension>
      <gpxtpx:hr>137</gpxtpx:hr>
      <gpxtpx:cad>55</gpxtpx:cad>
     </gpxtpx:TrackPointExtension>
    </extensions>
   </trkpt>
   <trkpt lat="51.8316880" lon="-1.5358280">
    <ele>171.6</ele>
    <time>2026-05-31T13:07:35Z</time>
    <extensions>
     <gpxtpx:TrackPointExtension>
      <gpxtpx:hr>132</gpxtpx:hr>
      <gpxtpx:cad>55</gpxtpx:cad>
     </gpxtpx:TrackPointExtension>
    </extensions>
   </trkpt>
   <trkpt lat="51.8317390" lon="-1.5357350">
    <ele>171.6</ele>
    <time>2026-05-31T13:07:39Z</time>
    <extensions>
     <gpxtpx:TrackPointExtension>
      <gpxtpx:hr>129</gpxtpx:hr>
      <gpxtpx:cad>74</gpxtpx:cad>
     </gpxtpx:TrackPointExtension>
    </extensions>
   </trkpt>
   <trkpt lat="51.8317680" lon="-1.5356920">
    <ele>171.6</ele>
    <time>2026-05-31T13:07:42Z</time>
    <extensions>
     <gpxtpx:TrackPointExtension>
      <gpxtpx:hr>128</gpxtpx:hr>
      <gpxtpx:cad>62</gpxtpx:cad>
     </gpxtpx:TrackPointExtension>
    </extensions>
   </trkpt>
   <trkpt lat="51.8317850" lon="-1.5356390">
    <ele>171.6</ele>
    <time>2026-05-31T13:07:47Z</time>
    <extensions>
     <gpxtpx:TrackPointExtension>
      <gpxtpx:hr>132</gpxtpx:hr>
      <gpxtpx:cad>62</gpxtpx:cad>
     </gpxtpx:TrackPointExtension>
    </extensions>
   </trkpt>
   <trkpt lat="51.8317950" lon="-1.5356260">
    <ele>171.6</ele>
    <time>2026-05-31T13:07:49Z</time>
    <extensions>
     <gpxtpx:TrackPointExtension>
      <gpxtpx:hr>135</gpxtpx:hr>
      <gpxtpx:cad>0</gpxtpx:cad>
     </gpxtpx:TrackPointExtension>
    </extensions>
   </trkpt>
   <trkpt lat="51.8318410" lon="-1.5355490">
    <ele>171.6</ele>
    <time>2026-05-31T13:07:56Z</time>
    <extensions>
     <gpxtpx:TrackPointExtension>
      <gpxtpx:hr>132</gpxtpx:hr>
      <gpxtpx:cad>49</gpxtpx:cad>
     </gpxtpx:TrackPointExtension>
    </extensions>
   </trkpt>
   <trkpt lat="51.8318490" lon="-1.5355340">
    <ele>171.6</ele>
    <time>2026-05-31T13:07:57Z</time>
    <extensions>
     <gpxtpx:TrackPointExtension>
      <gpxtpx:hr>130</gpxtpx:hr>
      <gpxtpx:cad>49</gpxtpx:cad>
     </gpxtpx:TrackPointExtension>
    </extensions>
   </trkpt>
   <trkpt lat="51.8319150" lon="-1.5354250">
    <ele>171.8</ele>
    <time>2026-05-31T13:08:04Z</time>
    <extensions>
     <gpxtpx:TrackPointExtension>
      <gpxtpx:hr>133</gpxtpx:hr>
      <gpxtpx:cad>79</gpxtpx:cad>
     </gpxtpx:TrackPointExtension>
    </extensions>
   </trkpt>
   <trkpt lat="51.8319560" lon="-1.5353650">
    <ele>172.0</ele>
    <time>2026-05-31T13:08:11Z</time>
    <extensions>
     <gpxtpx:TrackPointExtension>
      <gpxtpx:hr>131</gpxtpx:hr>
      <gpxtpx:cad>0</gpxtpx:cad>
     </gpxtpx:TrackPointExtension>
    </extensions>
   </trkpt>
   <trkpt lat="51.8319750" lon="-1.5353680">
    <ele>172.0</ele>
    <time>2026-05-31T13:08:18Z</time>
    <extensions>
     <gpxtpx:TrackPointExtension>
      <gpxtpx:hr>128</gpxtpx:hr>
      <gpxtpx:cad>0</gpxtpx:cad>
     </gpxtpx:TrackPointExtension>
    </extensions>
   </trkpt>
   <trkpt lat="51.8319790" lon="-1.5353680">
    <ele>172.0</ele>
    <time>2026-05-31T13:08:19Z</time>
    <extensions>
     <gpxtpx:TrackPointExtension>
      <gpxtpx:hr>133</gpxtpx:hr>
      <gpxtpx:cad>0</gpxtpx:cad>
     </gpxtpx:TrackPointExtension>
    </extensions>
   </trkpt>
   <trkpt lat="51.8319890" lon="-1.5353690">
    <ele>172.0</ele>
    <time>2026-05-31T13:08:22Z</time>
    <extensions>
     <gpxtpx:TrackPointExtension>
      <gpxtpx:hr>133</gpxtpx:hr>
      <gpxtpx:cad>0</gpxtpx:cad>
     </gpxtpx:TrackPointExtension>
    </extensions>
   </trkpt>
   <trkpt lat="51.8320070" lon="-1.5353670">
    <ele>172.0</ele>
    <time>2026-05-31T13:08:27Z</time>
    <extensions>
     <gpxtpx:TrackPointExtension>
      <gpxtpx:hr>130</gpxtpx:hr>
      <gpxtpx:cad>0</gpxtpx:cad>
     </gpxtpx:TrackPointExtension>
    </extensions>
   </trkpt>
   <trkpt lat="51.8320170" lon="-1.5353490">
    <ele>172.0</ele>
    <time>2026-05-31T13:08:31Z</time>
    <extensions>
     <gpxtpx:TrackPointExtension>
      <gpxtpx:hr>128</gpxtpx:hr>
      <gpxtpx:cad>0</gpxtpx:cad>
     </gpxtpx:TrackPointExtension>
    </extensions>
   </trkpt>
   <trkpt lat="51.8320270" lon="-1.5353240">
    <ele>172.0</ele>
    <time>2026-05-31T13:08:39Z</time>
    <extensions>
     <gpxtpx:TrackPointExtension>
      <gpxtpx:hr>125</gpxtpx:hr>
      <gpxtpx:cad>0</gpxtpx:cad>
     </gpxtpx:TrackPointExtension>
    </extensions>
   </trkpt>
   <trkpt lat="51.8320310" lon="-1.5353200">
    <ele>172.0</ele>
    <time>2026-05-31T13:08:40Z</time>
    <extensions>
     <gpxtpx:TrackPointExtension>
      <gpxtpx:hr>123</gpxtpx:hr>
      <gpxtpx:cad>0</gpxtpx:cad>
     </gpxtpx:TrackPointExtension>
    </extensions>
   </trkpt>
   <trkpt lat="51.8320460" lon="-1.5352830">
    <ele>172.2</ele>
    <time>2026-05-31T13:08:51Z</time>
    <extensions>
     <gpxtpx:TrackPointExtension>
      <gpxtpx:hr>121</gpxtpx:hr>
      <gpxtpx:cad>0</gpxtpx:cad>
     </gpxtpx:TrackPointExtension>
    </extensions>
   </trkpt>
   <trkpt lat="51.8320930" lon="-1.5352000">
    <ele>172.0</ele>
    <time>2026-05-31T13:09:03Z</time>
    <extensions>
     <gpxtpx:TrackPointExtension>
      <gpxtpx:hr>125</gpxtpx:hr>
      <gpxtpx:cad>0</gpxtpx:cad>
     </gpxtpx:TrackPointExtension>
    </extensions>
   </trkpt>
   <trkpt lat="51.8321010" lon="-1.5351930">
    <ele>172.0</ele>
    <time>2026-05-31T13:09:05Z</time>
    <extensions>
     <gpxtpx:TrackPointExtension>
      <gpxtpx:hr>129</gpxtpx:hr>
      <gpxtpx:cad>0</gpxtpx:cad>
     </gpxtpx:TrackPointExtension>
    </extensions>
   </trkpt>
   <trkpt lat="51.8321050" lon="-1.5351900">
    <ele>172.0</ele>
    <time>2026-05-31T13:09:06Z</time>
    <extensions>
     <gpxtpx:TrackPointExtension>
      <gpxtpx:hr>131</gpxtpx:hr>
      <gpxtpx:cad>0</gpxtpx:cad>
     </gpxtpx:TrackPointExtension>
    </extensions>
   </trkpt>
   <trkpt lat="51.8321130" lon="-1.5351940">
    <ele>172.0</ele>
    <time>2026-05-31T13:09:08Z</time>
    <extensions>
     <gpxtpx:TrackPointExtension>
      <gpxtpx:hr>135</gpxtpx:hr>
      <gpxtpx:cad>0</gpxtpx:cad>
     </gpxtpx:TrackPointExtension>
    </extensions>
   </trkpt>
   <trkpt lat="51.8321150" lon="-1.5351960">
    <ele>172.0</ele>
    <time>2026-05-31T13:09:11Z</time>
    <extensions>
     <gpxtpx:TrackPointExtension>
      <gpxtpx:hr>138</gpxtpx:hr>
      <gpxtpx:cad>0</gpxtpx:cad>
     </gpxtpx:TrackPointExtension>
    </extensions>
   </trkpt>
   <trkpt lat="51.8321170" lon="-1.5351950">
    <ele>172.0</ele>
    <time>2026-05-31T13:09:16Z</time>
    <extensions>
     <gpxtpx:TrackPointExtension>
      <gpxtpx:hr>141</gpxtpx:hr>
      <gpxtpx:cad>0</gpxtpx:cad>
     </gpxtpx:TrackPointExtension>
    </extensions>
   </trkpt>
   <trkpt lat="51.8321160" lon="-1.5351930">
    <ele>172.0</ele>
    <time>2026-05-31T13:09:18Z</time>
    <extensions>
     <gpxtpx:TrackPointExtension>
      <gpxtpx:hr>140</gpxtpx:hr>
      <gpxtpx:cad>0</gpxtpx:cad>
     </gpxtpx:TrackPointExtension>
    </extensions>
   </trkpt>
   <trkpt lat="51.8321160" lon="-1.5351910">
    <ele>172.0</ele>
    <time>2026-05-31T13:09:23Z</time>
    <extensions>
     <gpxtpx:TrackPointExtension>
      <gpxtpx:hr>136</gpxtpx:hr>
      <gpxtpx:cad>0</gpxtpx:cad>
     </gpxtpx:TrackPointExtension>
    </extensions>
   </trkpt>
   <trkpt lat="51.8321170" lon="-1.5351920">
    <ele>172.0</ele>
    <time>2026-05-31T13:09:27Z</time>
    <extensions>
     <gpxtpx:TrackPointExtension>
      <gpxtpx:hr>131</gpxtpx:hr>
      <gpxtpx:cad>0</gpxtpx:cad>
     </gpxtpx:TrackPointExtension>
    </extensions>
   </trkpt>
   <trkpt lat="51.8321180" lon="-1.5351900">
    <ele>172.0</ele>
    <time>2026-05-31T13:09:29Z</time>
    <extensions>
     <gpxtpx:TrackPointExtension>
      <gpxtpx:hr>128</gpxtpx:hr>
      <gpxtpx:cad>0</gpxtpx:cad>
     </gpxtpx:TrackPointExtension>
    </extensions>
   </trkpt>
   <trkpt lat="51.8321180" lon="-1.5351870">
    <ele>172.0</ele>
    <time>2026-05-31T13:09:31Z</time>
    <extensions>
     <gpxtpx:TrackPointExtension>
      <gpxtpx:hr>128</gpxtpx:hr>
      <gpxtpx:cad>0</gpxtpx:cad>
     </gpxtpx:TrackPointExtension>
    </extensions>
   </trkpt>
   <trkpt lat="51.8321230" lon="-1.5351800">
    <ele>172.0</ele>
    <time>2026-05-31T13:09:36Z</time>
    <extensions>
     <gpxtpx:TrackPointExtension>
      <gpxtpx:hr>125</gpxtpx:hr>
      <gpxtpx:cad>0</gpxtpx:cad>
     </gpxtpx:TrackPointExtension>
    </extensions>
   </trkpt>
   <trkpt lat="51.8321260" lon="-1.5351770">
    <ele>172.0</ele>
    <time>2026-05-31T13:09:37Z</time>
    <extensions>
     <gpxtpx:TrackPointExtension>
      <gpxtpx:hr>119</gpxtpx:hr>
      <gpxtpx:cad>0</gpxtpx:cad>
     </gpxtpx:TrackPointExtension>
    </extensions>
   </trkpt>
   <trkpt lat="51.8321260" lon="-1.5351770">
    <ele>172.0</ele>
    <time>2026-05-31T13:09:38Z</time>
    <extensions>
     <gpxtpx:TrackPointExtension>
      <gpxtpx:hr>114</gpxtpx:hr>
      <gpxtpx:cad>0</gpxtpx:cad>
     </gpxtpx:TrackPointExtension>
    </extensions>
   </trkpt>
   <trkpt lat="51.8321260" lon="-1.5351760">
    <ele>172.0</ele>
    <time>2026-05-31T13:09:39Z</time>
    <extensions>
     <gpxtpx:TrackPointExtension>
      <gpxtpx:hr>108</gpxtpx:hr>
      <gpxtpx:cad>0</gpxtpx:cad>
     </gpxtpx:TrackPointExtension>
    </extensions>
   </trkpt>
   <trkpt lat="51.8321270" lon="-1.5351750">
    <ele>172.0</ele>
    <time>2026-05-31T13:09:40Z</time>
    <extensions>
     <gpxtpx:TrackPointExtension>
      <gpxtpx:hr>104</gpxtpx:hr>
      <gpxtpx:cad>0</gpxtpx:cad>
     </gpxtpx:TrackPointExtension>
    </extensions>
   </trkpt>
   <trkpt lat="51.8321270" lon="-1.5351740">
    <ele>172.0</ele>
    <time>2026-05-31T13:09:41Z</time>
    <extensions>
     <gpxtpx:TrackPointExtension>
      <gpxtpx:hr>98</gpxtpx:hr>
      <gpxtpx:cad>0</gpxtpx:cad>
     </gpxtpx:TrackPointExtension>
    </extensions>
   </trkpt>
   <trkpt lat="51.8321290" lon="-1.5351700">
    <ele>172.0</ele>
    <time>2026-05-31T13:09:43Z</time>
    <extensions>
     <gpxtpx:TrackPointExtension>
      <gpxtpx:hr>95</gpxtpx:hr>
      <gpxtpx:cad>0</gpxtpx:cad>
     </gpxtpx:TrackPointExtension>
    </extensions>
   </trkpt>
   <trkpt lat="51.8321290" lon="-1.5351640">
    <ele>172.0</ele>
    <time>2026-05-31T13:09:45Z</time>
    <extensions>
     <gpxtpx:TrackPointExtension>
      <gpxtpx:hr>96</gpxtpx:hr>
      <gpxtpx:cad>0</gpxtpx:cad>
     </gpxtpx:TrackPointExtension>
    </extensions>
   </trkpt>
   <trkpt lat="51.8321310" lon="-1.5351530">
    <ele>172.0</ele>
    <time>2026-05-31T13:09:48Z</time>
    <extensions>
     <gpxtpx:TrackPointExtension>
      <gpxtpx:hr>93</gpxtpx:hr>
      <gpxtpx:cad>0</gpxtpx:cad>
     </gpxtpx:TrackPointExtension>
    </extensions>
   </trkpt>
   <trkpt lat="51.8321320" lon="-1.5351500">
    <ele>172.0</ele>
    <time>2026-05-31T13:09:49Z</time>
    <extensions>
     <gpxtpx:TrackPointExtension>
      <gpxtpx:hr>90</gpxtpx:hr>
      <gpxtpx:cad>0</gpxtpx:cad>
     </gpxtpx:TrackPointExtension>
    </extensions>
   </trkpt>
   <trkpt lat="51.8321320" lon="-1.5351490">
    <ele>172.0</ele>
    <time>2026-05-31T13:09:51Z</time>
    <extensions>
     <gpxtpx:TrackPointExtension>
      <gpxtpx:hr>87</gpxtpx:hr>
      <gpxtpx:cad>0</gpxtpx:cad>
     </gpxtpx:TrackPointExtension>
    </extensions>
   </trkpt>
   <trkpt lat="51.8321320" lon="-1.5351480">
    <ele>172.0</ele>
    <time>2026-05-31T13:09:52Z</time>
    <extensions>
     <gpxtpx:TrackPointExtension>
      <gpxtpx:hr>80</gpxtpx:hr>
      <gpxtpx:cad>0</gpxtpx:cad>
     </gpxtpx:TrackPointExtension>
    </extensions>
   </trkpt>
   <trkpt lat="51.8321330" lon="-1.5351470">
    <ele>172.0</ele>
    <time>2026-05-31T13:09:55Z</time>
    <extensions>
     <gpxtpx:TrackPointExtension>
      <gpxtpx:hr>77</gpxtpx:hr>
      <gpxtpx:cad>0</gpxtpx:cad>
     </gpxtpx:TrackPointExtension>
    </extensions>
   </trkpt>
   <trkpt lat="51.8321360" lon="-1.5351420">
    <ele>172.0</ele>
    <time>2026-05-31T13:10:00Z</time>
    <extensions>
     <gpxtpx:TrackPointExtension>
      <gpxtpx:hr>74</gpxtpx:hr>
      <gpxtpx:cad>0</gpxtpx:cad>
     </gpxtpx:TrackPointExtension>
    </extensions>
   </trkpt>
   <trkpt lat="51.8321370" lon="-1.5351300">
    <ele>172.0</ele>
    <time>2026-05-31T13:10:03Z</time>
    <extensions>
     <gpxtpx:TrackPointExtension>
      <gpxtpx:hr>72</gpxtpx:hr>
      <gpxtpx:cad>0</gpxtpx:cad>
     </gpxtpx:TrackPointExtension>
    </extensions>
   </trkpt>
   <trkpt lat="51.8321480" lon="-1.5350910">
    <ele>172.0</ele>
    <time>2026-05-31T13:10:14Z</time>
    <extensions>
     <gpxtpx:TrackPointExtension>
      <gpxtpx:hr>69</gpxtpx:hr>
      <gpxtpx:cad>0</gpxtpx:cad>
     </gpxtpx:TrackPointExtension>
    </extensions>
   </trkpt>
   <trkpt lat="51.8321480" lon="-1.5350790">
    <ele>172.0</ele>
    <time>2026-05-31T13:10:15Z</time>
    <extensions>
     <gpxtpx:TrackPointExtension>
      <gpxtpx:hr>71</gpxtpx:hr>
      <gpxtpx:cad>0</gpxtpx:cad>
     </gpxtpx:TrackPointExtension>
    </extensions>
   </trkpt>
   <trkpt lat="51.8321580" lon="-1.5350470">
    <ele>172.0</ele>
    <time>2026-05-31T13:10:17Z</time>
    <extensions>
     <gpxtpx:TrackPointExtension>
      <gpxtpx:hr>74</gpxtpx:hr>
      <gpxtpx:cad>0</gpxtpx:cad>
     </gpxtpx:TrackPointExtension>
    </extensions>
   </trkpt>
   <trkpt lat="51.8322240" lon="-1.5348780">
    <ele>172.0</ele>
    <time>2026-05-31T13:10:21Z</time>
    <extensions>
     <gpxtpx:TrackPointExtension>
      <gpxtpx:hr>72</gpxtpx:hr>
      <gpxtpx:cad>82</gpxtpx:cad>
     </gpxtpx:TrackPointExtension>
    </extensions>
   </trkpt>
   <trkpt lat="51.8322460" lon="-1.5347590">
    <ele>172.0</ele>
    <time>2026-05-31T13:10:23Z</time>
    <extensions>
     <gpxtpx:TrackPointExtension>
      <gpxtpx:hr>78</gpxtpx:hr>
      <gpxtpx:cad>82</gpxtpx:cad>
     </gpxtpx:TrackPointExtension>
    </extensions>
   </trkpt>
   <trkpt lat="51.8322520" lon="-1.5347010">
    <ele>172.0</ele>
    <time>2026-05-31T13:10:24Z</time>
    <extensions>
     <gpxtpx:TrackPointExtension>
      <gpxtpx:hr>82</gpxtpx:hr>
      <gpxtpx:cad>84</gpxtpx:cad>
     </gpxtpx:TrackPointExtension>
    </extensions>
   </trkpt>
   <trkpt lat="51.8322580" lon="-1.5346490">
    <ele>172.0</ele>
    <time>2026-05-31T13:10:25Z</time>
    <extensions>
     <gpxtpx:TrackPointExtension>
      <gpxtpx:hr>86</gpxtpx:hr>
      <gpxtpx:cad>84</gpxtpx:cad>
     </gpxtpx:TrackPointExtension>
    </extensions>
   </trkpt>
   <trkpt lat="51.8322620" lon="-1.5346050">
    <ele>171.8</ele>
    <time>2026-05-31T13:10:26Z</time>
    <extensions>
     <gpxtpx:TrackPointExtension>
      <gpxtpx:hr>90</gpxtpx:hr>
      <gpxtpx:cad>85</gpxtpx:cad>
     </gpxtpx:TrackPointExtension>
    </extensions>
   </trkpt>
   <trkpt lat="51.8322640" lon="-1.5345620">
    <ele>171.8</ele>
    <time>2026-05-31T13:10:27Z</time>
    <extensions>
     <gpxtpx:TrackPointExtension>
      <gpxtpx:hr>93</gpxtpx:hr>
      <gpxtpx:cad>86</gpxtpx:cad>
     </gpxtpx:TrackPointExtension>
    </extensions>
   </trkpt>
   <trkpt lat="51.8322680" lon="-1.5345120">
    <ele>171.8</ele>
    <time>2026-05-31T13:10:28Z</time>
    <extensions>
     <gpxtpx:TrackPointExtension>
      <gpxtpx:hr>96</gpxtpx:hr>
      <gpxtpx:cad>86</gpxtpx:cad>
     </gpxtpx:TrackPointExtension>
    </extensions>
   </trkpt>
   <trkpt lat="51.8322690" lon="-1.5344630">
    <ele>171.8</ele>
    <time>2026-05-31T13:10:29Z</time>
    <extensions>
     <gpxtpx:TrackPointExtension>
      <gpxtpx:hr>96</gpxtpx:hr>
      <gpxtpx:cad>85</gpxtpx:cad>
     </gpxtpx:TrackPointExtension>
    </extensions>
   </trkpt>
   <trkpt lat="51.8322700" lon="-1.5342890">
    <ele>171.8</ele>
    <time>2026-05-31T13:10:32Z</time>
    <extensions>
     <gpxtpx:TrackPointExtension>
      <gpxtpx:hr>99</gpxtpx:hr>
      <gpxtpx:cad>82</gpxtpx:cad>
     </gpxtpx:TrackPointExtension>
    </extensions>
   </trkpt>
   <trkpt lat="51.8322690" lon="-1.5340980">
    <ele>171.6</ele>
    <time>2026-05-31T13:10:36Z</time>
    <extensions>
     <gpxtpx:TrackPointExtension>
      <gpxtpx:hr>104</gpxtpx:hr>
      <gpxtpx:cad>84</gpxtpx:cad>
     </gpxtpx:TrackPointExtension>
    </extensions>
   </trkpt>
   <trkpt lat="51.8322680" lon="-1.5340740">
    <ele>171.4</ele>
    <time>2026-05-31T13:10:37Z</time>
    <extensions>
     <gpxtpx:TrackPointExtension>
      <gpxtpx:hr>104</gpxtpx:hr>
      <gpxtpx:cad>84</gpxtpx:cad>
     </gpxtpx:TrackPointExtension>
    </extensions>
   </trkpt>
   <trkpt lat="51.8322680" lon="-1.5340460">
    <ele>171.4</ele>
    <time>2026-05-31T13:10:39Z</time>
    <extensions>
     <gpxtpx:TrackPointExtension>
      <gpxtpx:hr>107</gpxtpx:hr>
      <gpxtpx:cad>84</gpxtpx:cad>
     </gpxtpx:TrackPointExtension>
    </extensions>
   </trkpt>
   <trkpt lat="51.8322650" lon="-1.5340300">
    <ele>171.4</ele>
    <time>2026-05-31T13:10:41Z</time>
    <extensions>
     <gpxtpx:TrackPointExtension>
      <gpxtpx:hr>111</gpxtpx:hr>
      <gpxtpx:cad>79</gpxtpx:cad>
     </gpxtpx:TrackPointExtension>
    </extensions>
   </trkpt>
   <trkpt lat="51.8322660" lon="-1.5340060">
    <ele>171.2</ele>
    <time>2026-05-31T13:10:43Z</time>
    <extensions>
     <gpxtpx:TrackPointExtension>
      <gpxtpx:hr>112</gpxtpx:hr>
      <gpxtpx:cad>65</gpxtpx:cad>
     </gpxtpx:TrackPointExtension>
    </extensions>
   </trkpt>
   <trkpt lat="51.8322590" lon="-1.5339250">
    <ele>171.0</ele>
    <time>2026-05-31T13:10:52Z</time>
    <extensions>
     <gpxtpx:TrackPointExtension>
      <gpxtpx:hr>114</gpxtpx:hr>
      <gpxtpx:cad>0</gpxtpx:cad>
     </gpxtpx:TrackPointExtension>
    </extensions>
   </trkpt>
   <trkpt lat="51.8322530" lon="-1.5338650">
    <ele>171.0</ele>
    <time>2026-05-31T13:10:59Z</time>
    <extensions>
     <gpxtpx:TrackPointExtension>
      <gpxtpx:hr>111</gpxtpx:hr>
      <gpxtpx:cad>0</gpxtpx:cad>
     </gpxtpx:TrackPointExtension>
    </extensions>
   </trkpt>
   <trkpt lat="51.8322530" lon="-1.5338560">
    <ele>171.0</ele>
    <time>2026-05-31T13:11:00Z</time>
    <extensions>
     <gpxtpx:TrackPointExtension>
      <gpxtpx:hr>111</gpxtpx:hr>
      <gpxtpx:cad>0</gpxtpx:cad>
     </gpxtpx:TrackPointExtension>
    </extensions>
   </trkpt>
   <trkpt lat="51.8322510" lon="-1.5338140">
    <ele>171.0</ele>
    <time>2026-05-31T13:11:04Z</time>
    <extensions>
     <gpxtpx:TrackPointExtension>
      <gpxtpx:hr>110</gpxtpx:hr>
      <gpxtpx:cad>0</gpxtpx:cad>
     </gpxtpx:TrackPointExtension>
    </extensions>
   </trkpt>
   <trkpt lat="51.8322360" lon="-1.5338000">
    <ele>170.8</ele>
    <time>2026-05-31T13:11:09Z</time>
    <extensions>
     <gpxtpx:TrackPointExtension>
      <gpxtpx:hr>107</gpxtpx:hr>
      <gpxtpx:cad>0</gpxtpx:cad>
     </gpxtpx:TrackPointExtension>
    </extensions>
   </trkpt>
   <trkpt lat="51.8322360" lon="-1.5337850">
    <ele>170.8</ele>
    <time>2026-05-31T13:11:12Z</time>
    <extensions>
     <gpxtpx:TrackPointExtension>
      <gpxtpx:hr>107</gpxtpx:hr>
      <gpxtpx:cad>0</gpxtpx:cad>
     </gpxtpx:TrackPointExtension>
    </extensions>
   </trkpt>
   <trkpt lat="51.8322370" lon="-1.5337690">
    <ele>170.8</ele>
    <time>2026-05-31T13:11:14Z</time>
    <extensions>
     <gpxtpx:TrackPointExtension>
      <gpxtpx:hr>103</gpxtpx:hr>
      <gpxtpx:cad>0</gpxtpx:cad>
     </gpxtpx:TrackPointExtension>
    </extensions>
   </trkpt>
   <trkpt lat="51.8322480" lon="-1.5336850">
    <ele>170.6</ele>
    <time>2026-05-31T13:11:23Z</time>
    <extensions>
     <gpxtpx:TrackPointExtension>
      <gpxtpx:hr>102</gpxtpx:hr>
      <gpxtpx:cad>0</gpxtpx:cad>
     </gpxtpx:TrackPointExtension>
    </extensions>
   </trkpt>
   <trkpt lat="51.8322430" lon="-1.5336770">
    <ele>170.6</ele>
    <time>2026-05-31T13:11:27Z</time>
    <extensions>
     <gpxtpx:TrackPointExtension>
      <gpxtpx:hr>99</gpxtpx:hr>
      <gpxtpx:cad>0</gpxtpx:cad>
     </gpxtpx:TrackPointExtension>
    </extensions>
   </trkpt>
   <trkpt lat="51.8322430" lon="-1.5336740">
    <ele>170.6</ele>
    <time>2026-05-31T13:11:28Z</time>
    <extensions>
     <gpxtpx:TrackPointExtension>
      <gpxtpx:hr>94</gpxtpx:hr>
      <gpxtpx:cad>0</gpxtpx:cad>
     </gpxtpx:TrackPointExtension>
    </extensions>
   </trkpt>
   <trkpt lat="51.8322420" lon="-1.5336710">
    <ele>170.6</ele>
    <time>2026-05-31T13:11:29Z</time>
    <extensions>
     <gpxtpx:TrackPointExtension>
      <gpxtpx:hr>89</gpxtpx:hr>
      <gpxtpx:cad>0</gpxtpx:cad>
     </gpxtpx:TrackPointExtension>
    </extensions>
   </trkpt>
   <trkpt lat="51.8322440" lon="-1.5336590">
    <ele>170.6</ele>
    <time>2026-05-31T13:11:31Z</time>
    <extensions>
     <gpxtpx:TrackPointExtension>
      <gpxtpx:hr>86</gpxtpx:hr>
      <gpxtpx:cad>0</gpxtpx:cad>
     </gpxtpx:TrackPointExtension>
    </extensions>
   </trkpt>
   <trkpt lat="51.8322410" lon="-1.5336380">
    <ele>170.6</ele>
    <time>2026-05-31T13:11:35Z</time>
    <extensions>
     <gpxtpx:TrackPointExtension>
      <gpxtpx:hr>85</gpxtpx:hr>
      <gpxtpx:cad>0</gpxtpx:cad>
     </gpxtpx:TrackPointExtension>
    </extensions>
   </trkpt>
   <trkpt lat="51.8322390" lon="-1.5335850">
    <ele>170.6</ele>
    <time>2026-05-31T13:11:51Z</time>
    <extensions>
     <gpxtpx:TrackPointExtension>
      <gpxtpx:hr>84</gpxtpx:hr>
      <gpxtpx:cad>0</gpxtpx:cad>
     </gpxtpx:TrackPointExtension>
    </extensions>
   </trkpt>
   <trkpt lat="51.8322330" lon="-1.5335740">
    <ele>170.6</ele>
    <time>2026-05-31T13:11:57Z</time>
    <extensions>
     <gpxtpx:TrackPointExtension>
      <gpxtpx:hr>81</gpxtpx:hr>
      <gpxtpx:cad>0</gpxtpx:cad>
     </gpxtpx:TrackPointExtension>
    </extensions>
   </trkpt>
   <trkpt lat="51.8322270" lon="-1.5335640">
    <ele>170.8</ele>
    <time>2026-05-31T13:12:05Z</time>
    <extensions>
     <gpxtpx:TrackPointExtension>
      <gpxtpx:hr>82</gpxtpx:hr>
      <gpxtpx:cad>0</gpxtpx:cad>
     </gpxtpx:TrackPointExtension>
    </extensions>
   </trkpt>
   <trkpt lat="51.8322240" lon="-1.5335460">
    <ele>170.8</ele>
    <time>2026-05-31T13:12:12Z</time>
    <extensions>
     <gpxtpx:TrackPointExtension>
      <gpxtpx:hr>79</gpxtpx:hr>
      <gpxtpx:cad>0</gpxtpx:cad>
     </gpxtpx:TrackPointExtension>
    </extensions>
   </trkpt>
   <trkpt lat="51.8322210" lon="-1.5335280">
    <ele>170.8</ele>
    <time>2026-05-31T13:12:19Z</time>
    <extensions>
     <gpxtpx:TrackPointExtension>
      <gpxtpx:hr>75</gpxtpx:hr>
      <gpxtpx:cad>0</gpxtpx:cad>
     </gpxtpx:TrackPointExtension>
    </extensions>
   </trkpt>
   <trkpt lat="51.8322210" lon="-1.5335270">
    <ele>170.8</ele>
    <time>2026-05-31T13:12:20Z</time>
    <extensions>
     <gpxtpx:TrackPointExtension>
      <gpxtpx:hr>75</gpxtpx:hr>
      <gpxtpx:cad>0</gpxtpx:cad>
     </gpxtpx:TrackPointExtension>
    </extensions>
   </trkpt>
   <trkpt lat="51.8322190" lon="-1.5334640">
    <ele>170.6</ele>
    <time>2026-05-31T13:12:34Z</time>
    <extensions>
     <gpxtpx:TrackPointExtension>
      <gpxtpx:hr>77</gpxtpx:hr>
      <gpxtpx:cad>0</gpxtpx:cad>
     </gpxtpx:TrackPointExtension>
    </extensions>
   </trkpt>
   <trkpt lat="51.8322310" lon="-1.5334080">
    <ele>170.8</ele>
    <time>2026-05-31T13:12:50Z</time>
    <extensions>
     <gpxtpx:TrackPointExtension>
      <gpxtpx:hr>79</gpxtpx:hr>
      <gpxtpx:cad>0</gpxtpx:cad>
     </gpxtpx:TrackPointExtension>
    </extensions>
   </trkpt>
   <trkpt lat="51.8322320" lon="-1.5333720">
    <ele>170.8</ele>
    <time>2026-05-31T13:12:57Z</time>
    <extensions>
     <gpxtpx:TrackPointExtension>
      <gpxtpx:hr>82</gpxtpx:hr>
      <gpxtpx:cad>0</gpxtpx:cad>
     </gpxtpx:TrackPointExtension>
    </extensions>
   </trkpt>
   <trkpt lat="51.8322400" lon="-1.5333310">
    <ele>171.0</ele>
    <time>2026-05-31T13:13:02Z</time>
    <extensions>
     <gpxtpx:TrackPointExtension>
      <gpxtpx:hr>82</gpxtpx:hr>
      <gpxtpx:cad>0</gpxtpx:cad>
     </gpxtpx:TrackPointExtension>
    </extensions>
   </trkpt>
   <trkpt lat="51.8322440" lon="-1.5332620">
    <ele>171.0</ele>
    <time>2026-05-31T13:13:08Z</time>
    <extensions>
     <gpxtpx:TrackPointExtension>
      <gpxtpx:hr>86</gpxtpx:hr>
      <gpxtpx:cad>77</gpxtpx:cad>
     </gpxtpx:TrackPointExtension>
    </extensions>
   </trkpt>
   <trkpt lat="51.8322410" lon="-1.5332520">
    <ele>171.0</ele>
    <time>2026-05-31T13:13:09Z</time>
    <extensions>
     <gpxtpx:TrackPointExtension>
      <gpxtpx:hr>92</gpxtpx:hr>
      <gpxtpx:cad>77</gpxtpx:cad>
     </gpxtpx:TrackPointExtension>
    </extensions>
   </trkpt>
   <trkpt lat="51.8322400" lon="-1.5332450">
    <ele>171.0</ele>
    <time>2026-05-31T13:13:10Z</time>
    <extensions>
     <gpxtpx:TrackPointExtension>
      <gpxtpx:hr>95</gpxtpx:hr>
      <gpxtpx:cad>77</gpxtpx:cad>
     </gpxtpx:TrackPointExtension>
    </extensions>
   </trkpt>
   <trkpt lat="51.8322380" lon="-1.5332410">
    <ele>171.0</ele>
    <time>2026-05-31T13:13:11Z</time>
    <extensions>
     <gpxtpx:TrackPointExtension>
      <gpxtpx:hr>100</gpxtpx:hr>
      <gpxtpx:cad>77</gpxtpx:cad>
     </gpxtpx:TrackPointExtension>
    </extensions>
   </trkpt>
   <trkpt lat="51.8322380" lon="-1.5332340">
    <ele>171.0</ele>
    <time>2026-05-31T13:13:12Z</time>
    <extensions>
     <gpxtpx:TrackPointExtension>
      <gpxtpx:hr>104</gpxtpx:hr>
      <gpxtpx:cad>0</gpxtpx:cad>
     </gpxtpx:TrackPointExtension>
    </extensions>
   </trkpt>
   <trkpt lat="51.8322390" lon="-1.5332260">
    <ele>171.0</ele>
    <time>2026-05-31T13:13:13Z</time>
    <extensions>
     <gpxtpx:TrackPointExtension>
      <gpxtpx:hr>100</gpxtpx:hr>
      <gpxtpx:cad>0</gpxtpx:cad>
     </gpxtpx:TrackPointExtension>
    </extensions>
   </trkpt>
   <trkpt lat="51.8322380" lon="-1.5332180">
    <ele>171.0</ele>
    <time>2026-05-31T13:13:14Z</time>
    <extensions>
     <gpxtpx:TrackPointExtension>
      <gpxtpx:hr>104</gpxtpx:hr>
      <gpxtpx:cad>0</gpxtpx:cad>
     </gpxtpx:TrackPointExtension>
    </extensions>
   </trkpt>
   <trkpt lat="51.8322380" lon="-1.5332100">
    <ele>171.0</ele>
    <time>2026-05-31T13:13:15Z</time>
    <extensions>
     <gpxtpx:TrackPointExtension>
      <gpxtpx:hr>101</gpxtpx:hr>
      <gpxtpx:cad>0</gpxtpx:cad>
     </gpxtpx:TrackPointExtension>
    </extensions>
   </trkpt>
   <trkpt lat="51.8322390" lon="-1.5331500">
    <ele>171.2</ele>
    <time>2026-05-31T13:13:23Z</time>
    <extensions>
     <gpxtpx:TrackPointExtension>
      <gpxtpx:hr>98</gpxtpx:hr>
      <gpxtpx:cad>0</gpxtpx:cad>
     </gpxtpx:TrackPointExtension>
    </extensions>
   </trkpt>
   <trkpt lat="51.8322350" lon="-1.5331210">
    <ele>171.2</ele>
    <time>2026-05-31T13:13:27Z</time>
    <extensions>
     <gpxtpx:TrackPointExtension>
      <gpxtpx:hr>97</gpxtpx:hr>
      <gpxtpx:cad>0</gpxtpx:cad>
     </gpxtpx:TrackPointExtension>
    </extensions>
   </trkpt>
   <trkpt lat="51.8322330" lon="-1.5331010">
    <ele>171.4</ele>
    <time>2026-05-31T13:13:29Z</time>
    <extensions>
     <gpxtpx:TrackPointExtension>
      <gpxtpx:hr>100</gpxtpx:hr>
      <gpxtpx:cad>0</gpxtpx:cad>
     </gpxtpx:TrackPointExtension>
    </extensions>
   </trkpt>
   <trkpt lat="51.8322290" lon="-1.5330830">
    <ele>171.0</ele>
    <time>2026-05-31T13:13:31Z</time>
    <extensions>
     <gpxtpx:TrackPointExtension>
      <gpxtpx:hr>96</gpxtpx:hr>
      <gpxtpx:cad>0</gpxtpx:cad>
     </gpxtpx:TrackPointExtension>
    </extensions>
   </trkpt>
   <trkpt lat="51.8322110" lon="-1.5329850">
    <ele>171.0</ele>
    <time>2026-05-31T13:13:41Z</time>
    <extensions>
     <gpxtpx:TrackPointExtension>
      <gpxtpx:hr>92</gpxtpx:hr>
      <gpxtpx:cad>0</gpxtpx:cad>
     </gpxtpx:TrackPointExtension>
    </extensions>
   </trkpt>
   <trkpt lat="51.8322110" lon="-1.5329740">
    <ele>171.0</ele>
    <time>2026-05-31T13:13:42Z</time>
    <extensions>
     <gpxtpx:TrackPointExtension>
      <gpxtpx:hr>94</gpxtpx:hr>
      <gpxtpx:cad>0</gpxtpx:cad>
     </gpxtpx:TrackPointExtension>
    </extensions>
   </trkpt>
   <trkpt lat="51.8322070" lon="-1.5329610">
    <ele>171.0</ele>
    <time>2026-05-31T13:13:45Z</time>
    <extensions>
     <gpxtpx:TrackPointExtension>
      <gpxtpx:hr>91</gpxtpx:hr>
      <gpxtpx:cad>0</gpxtpx:cad>
     </gpxtpx:TrackPointExtension>
    </extensions>
   </trkpt>
   <trkpt lat="51.8322020" lon="-1.5328430">
    <ele>171.0</ele>
    <time>2026-05-31T13:13:50Z</time>
    <extensions>
     <gpxtpx:TrackPointExtension>
      <gpxtpx:hr>87</gpxtpx:hr>
      <gpxtpx:cad>0</gpxtpx:cad>
     </gpxtpx:TrackPointExtension>
    </extensions>
   </trkpt>
   <trkpt lat="51.8322000" lon="-1.5327200">
    <ele>171.0</ele>
    <time>2026-05-31T13:13:57Z</time>
    <extensions>
     <gpxtpx:TrackPointExtension>
      <gpxtpx:hr>90</gpxtpx:hr>
      <gpxtpx:cad>0</gpxtpx:cad>
     </gpxtpx:TrackPointExtension>
    </extensions>
   </trkpt>
   <trkpt lat="51.8321940" lon="-1.5326530">
    <ele>171.0</ele>
    <time>2026-05-31T13:14:00Z</time>
    <extensions>
     <gpxtpx:TrackPointExtension>
      <gpxtpx:hr>94</gpxtpx:hr>
      <gpxtpx:cad>46</gpxtpx:cad>
     </gpxtpx:TrackPointExtension>
    </extensions>
   </trkpt>
   <trkpt lat="51.8321990" lon="-1.5325690">
    <ele>171.0</ele>
    <time>2026-05-31T13:14:03Z</time>
    <extensions>
     <gpxtpx:TrackPointExtension>
      <gpxtpx:hr>94</gpxtpx:hr>
      <gpxtpx:cad>46</gpxtpx:cad>
     </gpxtpx:TrackPointExtension>
    </extensions>
   </trkpt>
   <trkpt lat="51.8322000" lon="-1.5325550">
    <ele>171.0</ele>
    <time>2026-05-31T13:14:04Z</time>
    <extensions>
     <gpxtpx:TrackPointExtension>
      <gpxtpx:hr>91</gpxtpx:hr>
      <gpxtpx:cad>46</gpxtpx:cad>
     </gpxtpx:TrackPointExtension>
    </extensions>
   </trkpt>
   <trkpt lat="51.8322130" lon="-1.5324690">
    <ele>171.2</ele>
    <time>2026-05-31T13:14:11Z</time>
    <extensions>
     <gpxtpx:TrackPointExtension>
      <gpxtpx:hr>90</gpxtpx:hr>
      <gpxtpx:cad>0</gpxtpx:cad>
     </gpxtpx:TrackPointExtension>
    </extensions>
   </trkpt>
   <trkpt lat="51.8322060" lon="-1.5324310">
    <ele>171.2</ele>
    <time>2026-05-31T13:14:23Z</time>
    <extensions>
     <gpxtpx:TrackPointExtension>
      <gpxtpx:hr>88</gpxtpx:hr>
      <gpxtpx:cad>0</gpxtpx:cad>
     </gpxtpx:TrackPointExtension>
    </extensions>
   </trkpt>
   <trkpt lat="51.8321970" lon="-1.5323620">
    <ele>171.2</ele>
    <time>2026-05-31T13:14:34Z</time>
    <extensions>
     <gpxtpx:TrackPointExtension>
      <gpxtpx:hr>86</gpxtpx:hr>
      <gpxtpx:cad>64</gpxtpx:cad>
     </gpxtpx:TrackPointExtension>
    </extensions>
   </trkpt>
   <trkpt lat="51.8321980" lon="-1.5323200">
    <ele>171.2</ele>
    <time>2026-05-31T13:14:37Z</time>
    <extensions>
     <gpxtpx:TrackPointExtension>
      <gpxtpx:hr>83</gpxtpx:hr>
      <gpxtpx:cad>64</gpxtpx:cad>
     </gpxtpx:TrackPointExtension>
    </extensions>
   </trkpt>
   <trkpt lat="51.8322260" lon="-1.5321220">
    <ele>171.2</ele>
    <time>2026-05-31T13:14:45Z</time>
    <extensions>
     <gpxtpx:TrackPointExtension>
      <gpxtpx:hr>83</gpxtpx:hr>
      <gpxtpx:cad>89</gpxtpx:cad>
     </gpxtpx:TrackPointExtension>
    </extensions>
   </trkpt>
   <trkpt lat="51.8322470" lon="-1.5319710">
    <ele>171.2</ele>
    <time>2026-05-31T13:14:48Z</time>
    <extensions>
     <gpxtpx:TrackPointExtension>
      <gpxtpx:hr>87</gpxtpx:hr>
      <gpxtpx:cad>79</gpxtpx:cad>
     </gpxtpx:TrackPointExtension>
    </extensions>
   </trkpt>
   <trkpt lat="51.8322520" lon="-1.5319210">
    <ele>171.2</ele>
    <time>2026-05-31T13:14:49Z</time>
    <extensions>
     <gpxtpx:TrackPointExtension>
      <gpxtpx:hr>92</gpxtpx:hr>
      <gpxtpx:cad>79</gpxtpx:cad>
     </gpxtpx:TrackPointExtension>
    </extensions>
   </trkpt>
   <trkpt lat="51.8322590" lon="-1.5318240">
    <ele>171.2</ele>
    <time>2026-05-31T13:14:51Z</time>
    <extensions>
     <gpxtpx:TrackPointExtension>
      <gpxtpx:hr>95</gpxtpx:hr>
      <gpxtpx:cad>80</gpxtpx:cad>
     </gpxtpx:TrackPointExtension>
    </extensions>
   </trkpt>
   <trkpt lat="51.8322640" lon="-1.5317850">
    <ele>171.2</ele>
    <time>2026-05-31T13:14:52Z</time>
    <extensions>
     <gpxtpx:TrackPointExtension>
      <gpxtpx:hr>94</gpxtpx:hr>
      <gpxtpx:cad>81</gpxtpx:cad>
     </gpxtpx:TrackPointExtension>
    </extensions>
   </trkpt>
   <trkpt lat="51.8322710" lon="-1.5317080">
    <ele>171.2</ele>
    <time>2026-05-31T13:14:55Z</time>
    <extensions>
     <gpxtpx:TrackPointExtension>
      <gpxtpx:hr>97</gpxtpx:hr>
      <gpxtpx:cad>81</gpxtpx:cad>
     </gpxtpx:TrackPointExtension>
    </extensions>
   </trkpt>
   <trkpt lat="51.8322760" lon="-1.5316680">
    <ele>171.2</ele>
    <time>2026-05-31T13:14:57Z</time>
    <extensions>
     <gpxtpx:TrackPointExtension>
      <gpxtpx:hr>100</gpxtpx:hr>
      <gpxtpx:cad>81</gpxtpx:cad>
     </gpxtpx:TrackPointExtension>
    </extensions>
   </trkpt>
   <trkpt lat="51.8322770" lon="-1.5316480">
    <ele>171.2</ele>
    <time>2026-05-31T13:14:58Z</time>
    <extensions>
     <gpxtpx:TrackPointExtension>
      <gpxtpx:hr>101</gpxtpx:hr>
      <gpxtpx:cad>81</gpxtpx:cad>
     </gpxtpx:TrackPointExtension>
    </extensions>
   </trkpt>
   <trkpt lat="51.8322780" lon="-1.5315880">
    <ele>171.2</ele>
    <time>2026-05-31T13:15:01Z</time>
    <extensions>
     <gpxtpx:TrackPointExtension>
      <gpxtpx:hr>104</gpxtpx:hr>
      <gpxtpx:cad>55</gpxtpx:cad>
     </gpxtpx:TrackPointExtension>
    </extensions>
   </trkpt>
   <trkpt lat="51.8322780" lon="-1.5315690">
    <ele>171.2</ele>
    <time>2026-05-31T13:15:02Z</time>
    <extensions>
     <gpxtpx:TrackPointExtension>
      <gpxtpx:hr>107</gpxtpx:hr>
      <gpxtpx:cad>55</gpxtpx:cad>
     </gpxtpx:TrackPointExtension>
    </extensions>
   </trkpt>
   <trkpt lat="51.8322820" lon="-1.5315140">
    <ele>171.2</ele>
    <time>2026-05-31T13:15:06Z</time>
    <extensions>
     <gpxtpx:TrackPointExtension>
      <gpxtpx:hr>105</gpxtpx:hr>
      <gpxtpx:cad>55</gpxtpx:cad>
     </gpxtpx:TrackPointExtension>
    </extensions>
   </trkpt>
   <trkpt lat="51.8322770" lon="-1.5315200">
    <ele>171.2</ele>
    <time>2026-05-31T13:15:11Z</time>
    <extensions>
     <gpxtpx:TrackPointExtension>
      <gpxtpx:hr>102</gpxtpx:hr>
      <gpxtpx:cad>0</gpxtpx:cad>
     </gpxtpx:TrackPointExtension>
    </extensions>
   </trkpt>
   <trkpt lat="51.8322740" lon="-1.5315190">
    <ele>171.2</ele>
    <time>2026-05-31T13:15:15Z</time>
    <extensions>
     <gpxtpx:TrackPointExtension>
      <gpxtpx:hr>101</gpxtpx:hr>
      <gpxtpx:cad>0</gpxtpx:cad>
     </gpxtpx:TrackPointExtension>
    </extensions>
   </trkpt>
   <trkpt lat="51.8322720" lon="-1.5315050">
    <ele>171.2</ele>
    <time>2026-05-31T13:15:18Z</time>
    <extensions>
     <gpxtpx:TrackPointExtension>
      <gpxtpx:hr>97</gpxtpx:hr>
      <gpxtpx:cad>0</gpxtpx:cad>
     </gpxtpx:TrackPointExtension>
    </extensions>
   </trkpt>
   <trkpt lat="51.8322790" lon="-1.5314320">
    <ele>171.2</ele>
    <time>2026-05-31T13:15:22Z</time>
    <extensions>
     <gpxtpx:TrackPointExtension>
      <gpxtpx:hr>94</gpxtpx:hr>
      <gpxtpx:cad>0</gpxtpx:cad>
     </gpxtpx:TrackPointExtension>
    </extensions>
   </trkpt>
   <trkpt lat="51.8322780" lon="-1.5314120">
    <ele>171.2</ele>
    <time>2026-05-31T13:15:23Z</time>
    <extensions>
     <gpxtpx:TrackPointExtension>
      <gpxtpx:hr>94</gpxtpx:hr>
      <gpxtpx:cad>45</gpxtpx:cad>
     </gpxtpx:TrackPointExtension>
    </extensions>
   </trkpt>
   <trkpt lat="51.8322770" lon="-1.5313750">
    <ele>171.2</ele>
    <time>2026-05-31T13:15:25Z</time>
    <extensions>
     <gpxtpx:TrackPointExtension>
      <gpxtpx:hr>91</gpxtpx:hr>
      <gpxtpx:cad>51</gpxtpx:cad>
     </gpxtpx:TrackPointExtension>
    </extensions>
   </trkpt>
   <trkpt lat="51.8322720" lon="-1.5311410">
    <ele>171.2</ele>
    <time>2026-05-31T13:15:38Z</time>
    <extensions>
     <gpxtpx:TrackPointExtension>
      <gpxtpx:hr>88</gpxtpx:hr>
      <gpxtpx:cad>50</gpxtpx:cad>
     </gpxtpx:TrackPointExtension>
    </extensions>
   </trkpt>
   <trkpt lat="51.8322760" lon="-1.5310270">
    <ele>171.2</ele>
    <time>2026-05-31T13:15:46Z</time>
    <extensions>
     <gpxtpx:TrackPointExtension>
      <gpxtpx:hr>94</gpxtpx:hr>
      <gpxtpx:cad>0</gpxtpx:cad>
     </gpxtpx:TrackPointExtension>
    </extensions>
   </trkpt>
   <trkpt lat="51.8322750" lon="-1.5310020">
    <ele>171.2</ele>
    <time>2026-05-31T13:15:48Z</time>
    <extensions>
     <gpxtpx:TrackPointExtension>
      <gpxtpx:hr>97</gpxtpx:hr>
      <gpxtpx:cad>0</gpxtpx:cad>
     </gpxtpx:TrackPointExtension>
    </extensions>
   </trkpt>
   <trkpt lat="51.8322750" lon="-1.5309880">
    <ele>171.2</ele>
    <time>2026-05-31T13:15:49Z</time>
    <extensions>
     <gpxtpx:TrackPointExtension>
      <gpxtpx:hr>100</gpxtpx:hr>
      <gpxtpx:cad>0</gpxtpx:cad>
     </gpxtpx:TrackPointExtension>
    </extensions>
   </trkpt>
   <trkpt lat="51.8322750" lon="-1.5309710">
    <ele>171.2</ele>
    <time>2026-05-31T13:15:50Z</time>
    <extensions>
     <gpxtpx:TrackPointExtension>
      <gpxtpx:hr>103</gpxtpx:hr>
      <gpxtpx:cad>0</gpxtpx:cad>
     </gpxtpx:TrackPointExtension>
    </extensions>
   </trkpt>
   <trkpt lat="51.8322760" lon="-1.5309500">
    <ele>171.2</ele>
    <time>2026-05-31T13:15:51Z</time>
    <extensions>
     <gpxtpx:TrackPointExtension>
      <gpxtpx:hr>107</gpxtpx:hr>
      <gpxtpx:cad>0</gpxtpx:cad>
     </gpxtpx:TrackPointExtension>
    </extensions>
   </trkpt>
   <trkpt lat="51.8322800" lon="-1.5308080">
    <ele>171.2</ele>
    <time>2026-05-31T13:15:59Z</time>
    <extensions>
     <gpxtpx:TrackPointExtension>
      <gpxtpx:hr>107</gpxtpx:hr>
      <gpxtpx:cad>0</gpxtpx:cad>
     </gpxtpx:TrackPointExtension>
    </extensions>
   </trkpt>
   <trkpt lat="51.8322830" lon="-1.5307550">
    <ele>171.2</ele>
    <time>2026-05-31T13:16:02Z</time>
    <extensions>
     <gpxtpx:TrackPointExtension>
      <gpxtpx:hr>110</gpxtpx:hr>
      <gpxtpx:cad>53</gpxtpx:cad>
     </gpxtpx:TrackPointExtension>
    </extensions>
   </trkpt>
   <trkpt lat="51.8322840" lon="-1.5307170">
    <ele>171.2</ele>
    <time>2026-05-31T13:16:04Z</time>
    <extensions>
     <gpxtpx:TrackPointExtension>
      <gpxtpx:hr>113</gpxtpx:hr>
      <gpxtpx:cad>53</gpxtpx:cad>
     </gpxtpx:TrackPointExtension>
    </extensions>
   </trkpt>
   <trkpt lat="51.8322710" lon="-1.5305890">
    <ele>171.2</ele>
    <time>2026-05-31T13:16:12Z</time>
    <extensions>
     <gpxtpx:TrackPointExtension>
      <gpxtpx:hr>110</gpxtpx:hr>
      <gpxtpx:cad>51</gpxtpx:cad>
     </gpxtpx:TrackPointExtension>
    </extensions>
   </trkpt>
   <trkpt lat="51.8322710" lon="-1.5305750">
    <ele>171.2</ele>
    <time>2026-05-31T13:16:13Z</time>
    <extensions>
     <gpxtpx:TrackPointExtension>
      <gpxtpx:hr>110</gpxtpx:hr>
      <gpxtpx:cad>46</gpxtpx:cad>
     </gpxtpx:TrackPointExtension>
    </extensions>
   </trkpt>
   <trkpt lat="51.8322670" lon="-1.5305450">
    <ele>171.2</ele>
    <time>2026-05-31T13:16:16Z</time>
    <extensions>
     <gpxtpx:TrackPointExtension>
      <gpxtpx:hr>106</gpxtpx:hr>
      <gpxtpx:cad>47</gpxtpx:cad>
     </gpxtpx:TrackPointExtension>
    </extensions>
   </trkpt>
   <trkpt lat="51.8322610" lon="-1.5304990">
    <ele>171.2</ele>
    <time>2026-05-31T13:16:21Z</time>
    <extensions>
     <gpxtpx:TrackPointExtension>
      <gpxtpx:hr>109</gpxtpx:hr>
      <gpxtpx:cad>0</gpxtpx:cad>
     </gpxtpx:TrackPointExtension>
    </extensions>
   </trkpt>
   <trkpt lat="51.8322620" lon="-1.5304840">
    <ele>171.2</ele>
    <time>2026-05-31T13:16:23Z</time>
    <extensions>
     <gpxtpx:TrackPointExtension>
      <gpxtpx:hr>106</gpxtpx:hr>
      <gpxtpx:cad>0</gpxtpx:cad>
     </gpxtpx:TrackPointExtension>
    </extensions>
   </trkpt>
   <trkpt lat="51.8322650" lon="-1.5304640">
    <ele>171.2</ele>
    <time>2026-05-31T13:16:25Z</time>
    <extensions>
     <gpxtpx:TrackPointExtension>
      <gpxtpx:hr>102</gpxtpx:hr>
      <gpxtpx:cad>0</gpxtpx:cad>
     </gpxtpx:TrackPointExtension>
    </extensions>
   </trkpt>
   <trkpt lat="51.8322710" lon="-1.5304260">
    <ele>171.2</ele>
    <time>2026-05-31T13:16:28Z</time>
    <extensions>
     <gpxtpx:TrackPointExtension>
      <gpxtpx:hr>99</gpxtpx:hr>
      <gpxtpx:cad>0</gpxtpx:cad>
     </gpxtpx:TrackPointExtension>
    </extensions>
   </trkpt>
   <trkpt lat="51.8323070" lon="-1.5303030">
    <ele>171.2</ele>
    <time>2026-05-31T13:16:36Z</time>
    <extensions>
     <gpxtpx:TrackPointExtension>
      <gpxtpx:hr>97</gpxtpx:hr>
      <gpxtpx:cad>48</gpxtpx:cad>
     </gpxtpx:TrackPointExtension>
    </extensions>
   </trkpt>
   <trkpt lat="51.8323300" lon="-1.5302430">
    <ele>171.2</ele>
    <time>2026-05-31T13:16:40Z</time>
    <extensions>
     <gpxtpx:TrackPointExtension>
      <gpxtpx:hr>94</gpxtpx:hr>
      <gpxtpx:cad>50</gpxtpx:cad>
     </gpxtpx:TrackPointExtension>
    </extensions>
   </trkpt>
   <trkpt lat="51.8323520" lon="-1.5301920">
    <ele>171.2</ele>
    <time>2026-05-31T13:16:44Z</time>
    <extensions>
     <gpxtpx:TrackPointExtension>
      <gpxtpx:hr>91</gpxtpx:hr>
      <gpxtpx:cad>47</gpxtpx:cad>
     </gpxtpx:TrackPointExtension>
    </extensions>
   </trkpt>
   <trkpt lat="51.8323780" lon="-1.5301540">
    <ele>171.2</ele>
    <time>2026-05-31T13:16:48Z</time>
    <extensions>
     <gpxtpx:TrackPointExtension>
      <gpxtpx:hr>92</gpxtpx:hr>
      <gpxtpx:cad>43</gpxtpx:cad>
     </gpxtpx:TrackPointExtension>
    </extensions>
   </trkpt>
   <trkpt lat="51.8323960" lon="-1.5301020">
    <ele>171.2</ele>
    <time>2026-05-31T13:16:54Z</time>
    <extensions>
     <gpxtpx:TrackPointExtension>
      <gpxtpx:hr>89</gpxtpx:hr>
      <gpxtpx:cad>43</gpxtpx:cad>
     </gpxtpx:TrackPointExtension>
    </extensions>
   </trkpt>
   <trkpt lat="51.8323950" lon="-1.5300940">
    <ele>171.2</ele>
    <time>2026-05-31T13:16:56Z</time>
    <extensions>
     <gpxtpx:TrackPointExtension>
      <gpxtpx:hr>86</gpxtpx:hr>
      <gpxtpx:cad>0</gpxtpx:cad>
     </gpxtpx:TrackPointExtension>
    </extensions>
   </trkpt>
   <trkpt lat="51.8323950" lon="-1.5300800">
    <ele>171.2</ele>
    <time>2026-05-31T13:16:58Z</time>
    <extensions>
     <gpxtpx:TrackPointExtension>
      <gpxtpx:hr>85</gpxtpx:hr>
      <gpxtpx:cad>0</gpxtpx:cad>
     </gpxtpx:TrackPointExtension>
    </extensions>
   </trkpt>
   <trkpt lat="51.8323980" lon="-1.5300630">
    <ele>171.2</ele>
    <time>2026-05-31T13:17:02Z</time>
    <extensions>
     <gpxtpx:TrackPointExtension>
      <gpxtpx:hr>82</gpxtpx:hr>
      <gpxtpx:cad>0</gpxtpx:cad>
     </gpxtpx:TrackPointExtension>
    </extensions>
   </trkpt>
   <trkpt lat="51.8324070" lon="-1.5300310">
    <ele>171.2</ele>
    <time>2026-05-31T13:17:11Z</time>
    <extensions>
     <gpxtpx:TrackPointExtension>
      <gpxtpx:hr>83</gpxtpx:hr>
      <gpxtpx:cad>0</gpxtpx:cad>
     </gpxtpx:TrackPointExtension>
    </extensions>
   </trkpt>
   <trkpt lat="51.8324340" lon="-1.5299680">
    <ele>171.2</ele>
    <time>2026-05-31T13:17:25Z</time>
    <extensions>
     <gpxtpx:TrackPointExtension>
      <gpxtpx:hr>85</gpxtpx:hr>
      <gpxtpx:cad>0</gpxtpx:cad>
     </gpxtpx:TrackPointExtension>
    </extensions>
   </trkpt>
   <trkpt lat="51.8324930" lon="-1.5298830">
    <ele>171.2</ele>
    <time>2026-05-31T13:17:37Z</time>
    <extensions>
     <gpxtpx:TrackPointExtension>
      <gpxtpx:hr>83</gpxtpx:hr>
      <gpxtpx:cad>58</gpxtpx:cad>
     </gpxtpx:TrackPointExtension>
    </extensions>
   </trkpt>
   <trkpt lat="51.8325400" lon="-1.5298190">
    <ele>171.2</ele>
    <time>2026-05-31T13:17:49Z</time>
    <extensions>
     <gpxtpx:TrackPointExtension>
      <gpxtpx:hr>82</gpxtpx:hr>
      <gpxtpx:cad>0</gpxtpx:cad>
     </gpxtpx:TrackPointExtension>
    </extensions>
   </trkpt>
   <trkpt lat="51.8325670" lon="-1.5297490">
    <ele>171.2</ele>
    <time>2026-05-31T13:17:58Z</time>
    <extensions>
     <gpxtpx:TrackPointExtension>
      <gpxtpx:hr>79</gpxtpx:hr>
      <gpxtpx:cad>0</gpxtpx:cad>
     </gpxtpx:TrackPointExtension>
    </extensions>
   </trkpt>
   <trkpt lat="51.8325830" lon="-1.5297240">
    <ele>171.2</ele>
    <time>2026-05-31T13:18:01Z</time>
    <extensions>
     <gpxtpx:TrackPointExtension>
      <gpxtpx:hr>78</gpxtpx:hr>
      <gpxtpx:cad>73</gpxtpx:cad>
     </gpxtpx:TrackPointExtension>
    </extensions>
   </trkpt>
   <trkpt lat="51.8326530" lon="-1.5296190">
    <ele>171.2</ele>
    <time>2026-05-31T13:18:16Z</time>
    <extensions>
     <gpxtpx:TrackPointExtension>
      <gpxtpx:hr>77</gpxtpx:hr>
      <gpxtpx:cad>0</gpxtpx:cad>
     </gpxtpx:TrackPointExtension>
    </extensions>
   </trkpt>
   <trkpt lat="51.8326660" lon="-1.5296020">
    <ele>171.2</ele>
    <time>2026-05-31T13:18:21Z</time>
    <extensions>
     <gpxtpx:TrackPointExtension>
      <gpxtpx:hr>80</gpxtpx:hr>
      <gpxtpx:cad>0</gpxtpx:cad>
     </gpxtpx:TrackPointExtension>
    </extensions>
   </trkpt>
   <trkpt lat="51.8326750" lon="-1.5295760">
    <ele>171.2</ele>
    <time>2026-05-31T13:18:29Z</time>
    <extensions>
     <gpxtpx:TrackPointExtension>
      <gpxtpx:hr>79</gpxtpx:hr>
      <gpxtpx:cad>0</gpxtpx:cad>
     </gpxtpx:TrackPointExtension>
    </extensions>
   </trkpt>
   <trkpt lat="51.8326830" lon="-1.5295620">
    <ele>171.2</ele>
    <time>2026-05-31T13:18:36Z</time>
    <extensions>
     <gpxtpx:TrackPointExtension>
      <gpxtpx:hr>82</gpxtpx:hr>
      <gpxtpx:cad>0</gpxtpx:cad>
     </gpxtpx:TrackPointExtension>
    </extensions>
   </trkpt>
   <trkpt lat="51.8326960" lon="-1.5295500">
    <ele>171.2</ele>
    <time>2026-05-31T13:18:40Z</time>
    <extensions>
     <gpxtpx:TrackPointExtension>
      <gpxtpx:hr>81</gpxtpx:hr>
      <gpxtpx:cad>0</gpxtpx:cad>
     </gpxtpx:TrackPointExtension>
    </extensions>
   </trkpt>
   <trkpt lat="51.8327390" lon="-1.5294630">
    <ele>171.2</ele>
    <time>2026-05-31T13:18:49Z</time>
    <extensions>
     <gpxtpx:TrackPointExtension>
      <gpxtpx:hr>85</gpxtpx:hr>
      <gpxtpx:cad>75</gpxtpx:cad>
     </gpxtpx:TrackPointExtension>
    </extensions>
   </trkpt>
   <trkpt lat="51.8327510" lon="-1.5294410">
    <ele>171.2</ele>
    <time>2026-05-31T13:18:51Z</time>
    <extensions>
     <gpxtpx:TrackPointExtension>
      <gpxtpx:hr>88</gpxtpx:hr>
      <gpxtpx:cad>75</gpxtpx:cad>
     </gpxtpx:TrackPointExtension>
    </extensions>
   </trkpt>
   <trkpt lat="51.8327640" lon="-1.5294160">
    <ele>171.2</ele>
    <time>2026-05-31T13:18:53Z</time>
    <extensions>
     <gpxtpx:TrackPointExtension>
      <gpxtpx:hr>91</gpxtpx:hr>
      <gpxtpx:cad>42</gpxtpx:cad>
     </gpxtpx:TrackPointExtension>
    </extensions>
   </trkpt>
   <trkpt lat="51.8327790" lon="-1.5293720">
    <ele>171.2</ele>
    <time>2026-05-31T13:18:56Z</time>
    <extensions>
     <gpxtpx:TrackPointExtension>
      <gpxtpx:hr>97</gpxtpx:hr>
      <gpxtpx:cad>45</gpxtpx:cad>
     </gpxtpx:TrackPointExtension>
    </extensions>
   </trkpt>
   <trkpt lat="51.8328170" lon="-1.5292910">
    <ele>171.2</ele>
    <time>2026-05-31T13:19:02Z</time>
    <extensions>
     <gpxtpx:TrackPointExtension>
      <gpxtpx:hr>94</gpxtpx:hr>
      <gpxtpx:cad>47</gpxtpx:cad>
     </gpxtpx:TrackPointExtension>
    </extensions>
   </trkpt>
   <trkpt lat="51.8328290" lon="-1.5292640">
    <ele>171.2</ele>
    <time>2026-05-31T13:19:04Z</time>
    <extensions>
     <gpxtpx:TrackPointExtension>
      <gpxtpx:hr>93</gpxtpx:hr>
      <gpxtpx:cad>47</gpxtpx:cad>
     </gpxtpx:TrackPointExtension>
    </extensions>
   </trkpt>
   <trkpt lat="51.8328360" lon="-1.5292490">
    <ele>171.2</ele>
    <time>2026-05-31T13:19:05Z</time>
    <extensions>
     <gpxtpx:TrackPointExtension>
      <gpxtpx:hr>96</gpxtpx:hr>
      <gpxtpx:cad>47</gpxtpx:cad>
     </gpxtpx:TrackPointExtension>
    </extensions>
   </trkpt>
   <trkpt lat="51.8328550" lon="-1.5292070">
    <ele>171.2</ele>
    <time>2026-05-31T13:19:09Z</time>
    <extensions>
     <gpxtpx:TrackPointExtension>
      <gpxtpx:hr>93</gpxtpx:hr>
      <gpxtpx:cad>0</gpxtpx:cad>
     </gpxtpx:TrackPointExtension>
    </extensions>
   </trkpt>
   <trkpt lat="51.8328840" lon="-1.5291500">
    <ele>171.2</ele>
    <time>2026-05-31T13:19:16Z</time>
    <extensions>
     <gpxtpx:TrackPointExtension>
      <gpxtpx:hr>91</gpxtpx:hr>
      <gpxtpx:cad>0</gpxtpx:cad>
     </gpxtpx:TrackPointExtension>
    </extensions>
   </trkpt>
   <trkpt lat="51.8329050" lon="-1.5291040">
    <ele>171.2</ele>
    <time>2026-05-31T13:19:26Z</time>
    <extensions>
     <gpxtpx:TrackPointExtension>
      <gpxtpx:hr>88</gpxtpx:hr>
      <gpxtpx:cad>0</gpxtpx:cad>
     </gpxtpx:TrackPointExtension>
    </extensions>
   </trkpt>
   <trkpt lat="51.8329060" lon="-1.5291070">
    <ele>171.2</ele>
    <time>2026-05-31T13:19:27Z</time>
    <extensions>
     <gpxtpx:TrackPointExtension>
      <gpxtpx:hr>92</gpxtpx:hr>
      <gpxtpx:cad>0</gpxtpx:cad>
     </gpxtpx:TrackPointExtension>
    </extensions>
   </trkpt>
   <trkpt lat="51.8329060" lon="-1.5291080">
    <ele>171.2</ele>
    <time>2026-05-31T13:19:28Z</time>
    <extensions>
     <gpxtpx:TrackPointExtension>
      <gpxtpx:hr>94</gpxtpx:hr>
      <gpxtpx:cad>0</gpxtpx:cad>
     </gpxtpx:TrackPointExtension>
    </extensions>
   </trkpt>
   <trkpt lat="51.8329250" lon="-1.5290290">
    <ele>171.2</ele>
    <time>2026-05-31T13:19:36Z</time>
    <extensions>
     <gpxtpx:TrackPointExtension>
      <gpxtpx:hr>94</gpxtpx:hr>
      <gpxtpx:cad>0</gpxtpx:cad>
     </gpxtpx:TrackPointExtension>
    </extensions>
   </trkpt>
   <trkpt lat="51.8329500" lon="-1.5289820">
    <ele>171.2</ele>
    <time>2026-05-31T13:19:40Z</time>
    <extensions>
     <gpxtpx:TrackPointExtension>
      <gpxtpx:hr>93</gpxtpx:hr>
      <gpxtpx:cad>42</gpxtpx:cad>
     </gpxtpx:TrackPointExtension>
    </extensions>
   </trkpt>
   <trkpt lat="51.8329780" lon="-1.5289300">
    <ele>171.2</ele>
    <time>2026-05-31T13:19:47Z</time>
    <extensions>
     <gpxtpx:TrackPointExtension>
      <gpxtpx:hr>90</gpxtpx:hr>
      <gpxtpx:cad>0</gpxtpx:cad>
     </gpxtpx:TrackPointExtension>
    </extensions>
   </trkpt>
   <trkpt lat="51.8329760" lon="-1.5289260">
    <ele>171.2</ele>
    <time>2026-05-31T13:19:48Z</time>
    <extensions>
     <gpxtpx:TrackPointExtension>
      <gpxtpx:hr>90</gpxtpx:hr>
      <gpxtpx:cad>0</gpxtpx:cad>
     </gpxtpx:TrackPointExtension>
    </extensions>
   </trkpt>
   <trkpt lat="51.8330170" lon="-1.5288470">
    <ele>171.2</ele>
    <time>2026-05-31T13:19:56Z</time>
    <extensions>
     <gpxtpx:TrackPointExtension>
      <gpxtpx:hr>91</gpxtpx:hr>
      <gpxtpx:cad>48</gpxtpx:cad>
     </gpxtpx:TrackPointExtension>
    </extensions>
   </trkpt>
   <trkpt lat="51.8330360" lon="-1.5288000">
    <ele>171.2</ele>
    <time>2026-05-31T13:20:00Z</time>
    <extensions>
     <gpxtpx:TrackPointExtension>
      <gpxtpx:hr>87</gpxtpx:hr>
      <gpxtpx:cad>47</gpxtpx:cad>
     </gpxtpx:TrackPointExtension>
    </extensions>
   </trkpt>
   <trkpt lat="51.8330430" lon="-1.5287860">
    <ele>171.2</ele>
    <time>2026-05-31T13:20:02Z</time>
    <extensions>
     <gpxtpx:TrackPointExtension>
      <gpxtpx:hr>91</gpxtpx:hr>
      <gpxtpx:cad>0</gpxtpx:cad>
     </gpxtpx:TrackPointExtension>
    </extensions>
   </trkpt>
   <trkpt lat="51.8330530" lon="-1.5287670">
    <ele>171.2</ele>
    <time>2026-05-31T13:20:04Z</time>
    <extensions>
     <gpxtpx:TrackPointExtension>
      <gpxtpx:hr>94</gpxtpx:hr>
      <gpxtpx:cad>0</gpxtpx:cad>
     </gpxtpx:TrackPointExtension>
    </extensions>
   </trkpt>
   <trkpt lat="51.8330630" lon="-1.5287390">
    <ele>171.2</ele>
    <time>2026-05-31T13:20:07Z</time>
    <extensions>
     <gpxtpx:TrackPointExtension>
      <gpxtpx:hr>92</gpxtpx:hr>
      <gpxtpx:cad>43</gpxtpx:cad>
     </gpxtpx:TrackPointExtension>
    </extensions>
   </trkpt>
   <trkpt lat="51.8330660" lon="-1.5287350">
    <ele>171.2</ele>
    <time>2026-05-31T13:20:09Z</time>
    <extensions>
     <gpxtpx:TrackPointExtension>
      <gpxtpx:hr>97</gpxtpx:hr>
      <gpxtpx:cad>0</gpxtpx:cad>
     </gpxtpx:TrackPointExtension>
    </extensions>
   </trkpt>
   <trkpt lat="51.8330670" lon="-1.5287310">
    <ele>171.2</ele>
    <time>2026-05-31T13:20:10Z</time>
    <extensions>
     <gpxtpx:TrackPointExtension>
      <gpxtpx:hr>101</gpxtpx:hr>
      <gpxtpx:cad>0</gpxtpx:cad>
     </gpxtpx:TrackPointExtension>
    </extensions>
   </trkpt>
   <trkpt lat="51.8330830" lon="-1.5287100">
    <ele>171.2</ele>
    <time>2026-05-31T13:20:15Z</time>
    <extensions>
     <gpxtpx:TrackPointExtension>
      <gpxtpx:hr>98</gpxtpx:hr>
      <gpxtpx:cad>0</gpxtpx:cad>
     </gpxtpx:TrackPointExtension>
    </extensions>
   </trkpt>
   <trkpt lat="51.8330970" lon="-1.5286830">
    <ele>171.2</ele>
    <time>2026-05-31T13:20:18Z</time>
    <extensions>
     <gpxtpx:TrackPointExtension>
      <gpxtpx:hr>98</gpxtpx:hr>
      <gpxtpx:cad>0</gpxtpx:cad>
     </gpxtpx:TrackPointExtension>
    </extensions>
   </trkpt>
   <trkpt lat="51.8331110" lon="-1.5286480">
    <ele>171.2</ele>
    <time>2026-05-31T13:20:21Z</time>
    <extensions>
     <gpxtpx:TrackPointExtension>
      <gpxtpx:hr>95</gpxtpx:hr>
      <gpxtpx:cad>0</gpxtpx:cad>
     </gpxtpx:TrackPointExtension>
    </extensions>
   </trkpt>
   <trkpt lat="51.8331170" lon="-1.5286260">
    <ele>171.2</ele>
    <time>2026-05-31T13:20:23Z</time>
    <extensions>
     <gpxtpx:TrackPointExtension>
      <gpxtpx:hr>99</gpxtpx:hr>
      <gpxtpx:cad>40</gpxtpx:cad>
     </gpxtpx:TrackPointExtension>
    </extensions>
   </trkpt>
   <trkpt lat="51.8331270" lon="-1.5286040">
    <ele>171.2</ele>
    <time>2026-05-31T13:20:25Z</time>
    <extensions>
     <gpxtpx:TrackPointExtension>
      <gpxtpx:hr>104</gpxtpx:hr>
      <gpxtpx:cad>40</gpxtpx:cad>
     </gpxtpx:TrackPointExtension>
    </extensions>
   </trkpt>
   <trkpt lat="51.8331390" lon="-1.5285840">
    <ele>171.2</ele>
    <time>2026-05-31T13:20:27Z</time>
    <extensions>
     <gpxtpx:TrackPointExtension>
      <gpxtpx:hr>108</gpxtpx:hr>
      <gpxtpx:cad>41</gpxtpx:cad>
     </gpxtpx:TrackPointExtension>
    </extensions>
   </trkpt>
   <trkpt lat="51.8331580" lon="-1.5285460">
    <ele>171.2</ele>
    <time>2026-05-31T13:20:31Z</time>
    <extensions>
     <gpxtpx:TrackPointExtension>
      <gpxtpx:hr>111</gpxtpx:hr>
      <gpxtpx:cad>76</gpxtpx:cad>
     </gpxtpx:TrackPointExtension>
    </extensions>
   </trkpt>
   <trkpt lat="51.8331670" lon="-1.5285250">
    <ele>171.2</ele>
    <time>2026-05-31T13:20:33Z</time>
    <extensions>
     <gpxtpx:TrackPointExtension>
      <gpxtpx:hr>113</gpxtpx:hr>
      <gpxtpx:cad>40</gpxtpx:cad>
     </gpxtpx:TrackPointExtension>
    </extensions>
   </trkpt>
   <trkpt lat="51.8331830" lon="-1.5284960">
    <ele>166.8</ele>
    <time>2026-05-31T13:20:37Z</time>
    <extensions>
     <gpxtpx:TrackPointExtension>
      <gpxtpx:hr>112</gpxtpx:hr>
      <gpxtpx:cad>0</gpxtpx:cad>
     </gpxtpx:TrackPointExtension>
    </extensions>
   </trkpt>
   <trkpt lat="51.8331960" lon="-1.5284590">
    <ele>167.0</ele>
    <time>2026-05-31T13:20:46Z</time>
    <extensions>
     <gpxtpx:TrackPointExtension>
      <gpxtpx:hr>111</gpxtpx:hr>
      <gpxtpx:cad>0</gpxtpx:cad>
     </gpxtpx:TrackPointExtension>
    </extensions>
   </trkpt>
   <trkpt lat="51.8331970" lon="-1.5284610">
    <ele>166.6</ele>
    <time>2026-05-31T13:20:51Z</time>
    <extensions>
     <gpxtpx:TrackPointExtension>
      <gpxtpx:hr>108</gpxtpx:hr>
      <gpxtpx:cad>0</gpxtpx:cad>
     </gpxtpx:TrackPointExtension>
    </extensions>
   </trkpt>
   <trkpt lat="51.8332010" lon="-1.5284570">
    <ele>166.8</ele>
    <time>2026-05-31T13:20:54Z</time>
    <extensions>
     <gpxtpx:TrackPointExtension>
      <gpxtpx:hr>105</gpxtpx:hr>
      <gpxtpx:cad>0</gpxtpx:cad>
     </gpxtpx:TrackPointExtension>
    </extensions>
   </trkpt>
   <trkpt lat="51.8332150" lon="-1.5284470">
    <ele>167.0</ele>
    <time>2026-05-31T13:20:58Z</time>
    <extensions>
     <gpxtpx:TrackPointExtension>
      <gpxtpx:hr>105</gpxtpx:hr>
      <gpxtpx:cad>0</gpxtpx:cad>
     </gpxtpx:TrackPointExtension>
    </extensions>
   </trkpt>
   <trkpt lat="51.8332200" lon="-1.5284320">
    <ele>167.2</ele>
    <time>2026-05-31T13:21:04Z</time>
    <extensions>
     <gpxtpx:TrackPointExtension>
      <gpxtpx:hr>102</gpxtpx:hr>
      <gpxtpx:cad>0</gpxtpx:cad>
     </gpxtpx:TrackPointExtension>
    </extensions>
   </trkpt>
   <trkpt lat="51.8332160" lon="-1.5284290">
    <ele>167.2</ele>
    <time>2026-05-31T13:21:09Z</time>
    <extensions>
     <gpxtpx:TrackPointExtension>
      <gpxtpx:hr>99</gpxtpx:hr>
      <gpxtpx:cad>0</gpxtpx:cad>
     </gpxtpx:TrackPointExtension>
    </extensions>
   </trkpt>
   <trkpt lat="51.8332160" lon="-1.5284300">
    <ele>167.2</ele>
    <time>2026-05-31T13:21:12Z</time>
    <extensions>
     <gpxtpx:TrackPointExtension>
      <gpxtpx:hr>99</gpxtpx:hr>
      <gpxtpx:cad>0</gpxtpx:cad>
     </gpxtpx:TrackPointExtension>
    </extensions>
   </trkpt>
   <trkpt lat="51.8332180" lon="-1.5284280">
    <ele>167.0</ele>
    <time>2026-05-31T13:21:17Z</time>
    <extensions>
     <gpxtpx:TrackPointExtension>
      <gpxtpx:hr>94</gpxtpx:hr>
      <gpxtpx:cad>0</gpxtpx:cad>
     </gpxtpx:TrackPointExtension>
    </extensions>
   </trkpt>
   <trkpt lat="51.8332200" lon="-1.5284220">
    <ele>167.0</ele>
    <time>2026-05-31T13:21:19Z</time>
    <extensions>
     <gpxtpx:TrackPointExtension>
      <gpxtpx:hr>91</gpxtpx:hr>
      <gpxtpx:cad>0</gpxtpx:cad>
     </gpxtpx:TrackPointExtension>
    </extensions>
   </trkpt>
   <trkpt lat="51.8332250" lon="-1.5284090">
    <ele>167.0</ele>
    <time>2026-05-31T13:21:23Z</time>
    <extensions>
     <gpxtpx:TrackPointExtension>
      <gpxtpx:hr>88</gpxtpx:hr>
      <gpxtpx:cad>0</gpxtpx:cad>
     </gpxtpx:TrackPointExtension>
    </extensions>
   </trkpt>
   <trkpt lat="51.8332270" lon="-1.5284010">
    <ele>167.0</ele>
    <time>2026-05-31T13:21:27Z</time>
    <extensions>
     <gpxtpx:TrackPointExtension>
      <gpxtpx:hr>86</gpxtpx:hr>
      <gpxtpx:cad>0</gpxtpx:cad>
     </gpxtpx:TrackPointExtension>
    </extensions>
   </trkpt>
   <trkpt lat="51.8332290" lon="-1.5283960">
    <ele>167.2</ele>
    <time>2026-05-31T13:21:33Z</time>
    <extensions>
     <gpxtpx:TrackPointExtension>
      <gpxtpx:hr>82</gpxtpx:hr>
      <gpxtpx:cad>0</gpxtpx:cad>
     </gpxtpx:TrackPointExtension>
    </extensions>
   </trkpt>
   <trkpt lat="51.8332290" lon="-1.5283950">
    <ele>167.2</ele>
    <time>2026-05-31T13:21:37Z</time>
    <extensions>
     <gpxtpx:TrackPointExtension>
      <gpxtpx:hr>79</gpxtpx:hr>
      <gpxtpx:cad>0</gpxtpx:cad>
     </gpxtpx:TrackPointExtension>
    </extensions>
   </trkpt>
   <trkpt lat="51.8332300" lon="-1.5283880">
    <ele>167.0</ele>
    <time>2026-05-31T13:21:39Z</time>
    <extensions>
     <gpxtpx:TrackPointExtension>
      <gpxtpx:hr>79</gpxtpx:hr>
      <gpxtpx:cad>0</gpxtpx:cad>
     </gpxtpx:TrackPointExtension>
    </extensions>
   </trkpt>
   <trkpt lat="51.8332480" lon="-1.5283460">
    <ele>167.0</ele>
    <time>2026-05-31T13:21:47Z</time>
    <extensions>
     <gpxtpx:TrackPointExtension>
      <gpxtpx:hr>76</gpxtpx:hr>
      <gpxtpx:cad>0</gpxtpx:cad>
     </gpxtpx:TrackPointExtension>
    </extensions>
   </trkpt>
   <trkpt lat="51.8332530" lon="-1.5283270">
    <ele>167.0</ele>
    <time>2026-05-31T13:21:52Z</time>
    <extensions>
     <gpxtpx:TrackPointExtension>
      <gpxtpx:hr>76</gpxtpx:hr>
      <gpxtpx:cad>0</gpxtpx:cad>
     </gpxtpx:TrackPointExtension>
    </extensions>
   </trkpt>
   <trkpt lat="51.8332850" lon="-1.5282730">
    <ele>167.0</ele>
    <time>2026-05-31T13:21:59Z</time>
    <extensions>
     <gpxtpx:TrackPointExtension>
      <gpxtpx:hr>79</gpxtpx:hr>
      <gpxtpx:cad>0</gpxtpx:cad>
     </gpxtpx:TrackPointExtension>
    </extensions>
   </trkpt>
   <trkpt lat="51.8333030" lon="-1.5282310">
    <ele>167.0</ele>
    <time>2026-05-31T13:22:03Z</time>
    <extensions>
     <gpxtpx:TrackPointExtension>
      <gpxtpx:hr>76</gpxtpx:hr>
      <gpxtpx:cad>43</gpxtpx:cad>
     </gpxtpx:TrackPointExtension>
    </extensions>
   </trkpt>
   <trkpt lat="51.8333130" lon="-1.5282060">
    <ele>167.0</ele>
    <time>2026-05-31T13:22:05Z</time>
    <extensions>
     <gpxtpx:TrackPointExtension>
      <gpxtpx:hr>75</gpxtpx:hr>
      <gpxtpx:cad>42</gpxtpx:cad>
     </gpxtpx:TrackPointExtension>
    </extensions>
   </trkpt>
   <trkpt lat="51.8333300" lon="-1.5281710">
    <ele>167.0</ele>
    <time>2026-05-31T13:22:12Z</time>
    <extensions>
     <gpxtpx:TrackPointExtension>
      <gpxtpx:hr>79</gpxtpx:hr>
      <gpxtpx:cad>0</gpxtpx:cad>
     </gpxtpx:TrackPointExtension>
    </extensions>
   </trkpt>
   <trkpt lat="51.8333340" lon="-1.5281610">
    <ele>167.0</ele>
    <time>2026-05-31T13:22:13Z</time>
    <extensions>
     <gpxtpx:TrackPointExtension>
      <gpxtpx:hr>81</gpxtpx:hr>
      <gpxtpx:cad>0</gpxtpx:cad>
     </gpxtpx:TrackPointExtension>
    </extensions>
   </trkpt>
   <trkpt lat="51.8333480" lon="-1.5281350">
    <ele>167.0</ele>
    <time>2026-05-31T13:22:16Z</time>
    <extensions>
     <gpxtpx:TrackPointExtension>
      <gpxtpx:hr>85</gpxtpx:hr>
      <gpxtpx:cad>0</gpxtpx:cad>
     </gpxtpx:TrackPointExtension>
    </extensions>
   </trkpt>
   <trkpt lat="51.8333540" lon="-1.5281210">
    <ele>167.0</ele>
    <time>2026-05-31T13:22:18Z</time>
    <extensions>
     <gpxtpx:TrackPointExtension>
      <gpxtpx:hr>88</gpxtpx:hr>
      <gpxtpx:cad>0</gpxtpx:cad>
     </gpxtpx:TrackPointExtension>
    </extensions>
   </trkpt>
   <trkpt lat="51.8333610" lon="-1.5281130">
    <ele>167.0</ele>
    <time>2026-05-31T13:22:19Z</time>
    <extensions>
     <gpxtpx:TrackPointExtension>
      <gpxtpx:hr>94</gpxtpx:hr>
      <gpxtpx:cad>0</gpxtpx:cad>
     </gpxtpx:TrackPointExtension>
    </extensions>
   </trkpt>
   <trkpt lat="51.8333700" lon="-1.5281010">
    <ele>167.0</ele>
    <time>2026-05-31T13:22:21Z</time>
    <extensions>
     <gpxtpx:TrackPointExtension>
      <gpxtpx:hr>97</gpxtpx:hr>
      <gpxtpx:cad>0</gpxtpx:cad>
     </gpxtpx:TrackPointExtension>
    </extensions>
   </trkpt>
   <trkpt lat="51.8333770" lon="-1.5280890">
    <ele>167.0</ele>
    <time>2026-05-31T13:22:24Z</time>
    <extensions>
     <gpxtpx:TrackPointExtension>
      <gpxtpx:hr>99</gpxtpx:hr>
      <gpxtpx:cad>0</gpxtpx:cad>
     </gpxtpx:TrackPointExtension>
    </extensions>
   </trkpt>
   <trkpt lat="51.8333830" lon="-1.5280850">
    <ele>167.0</ele>
    <time>2026-05-31T13:22:30Z</time>
    <extensions>
     <gpxtpx:TrackPointExtension>
      <gpxtpx:hr>95</gpxtpx:hr>
      <gpxtpx:cad>0</gpxtpx:cad>
     </gpxtpx:TrackPointExtension>
    </extensions>
   </trkpt>
   <trkpt lat="51.8333890" lon="-1.5280800">
    <ele>167.0</ele>
    <time>2026-05-31T13:22:32Z</time>
    <extensions>
     <gpxtpx:TrackPointExtension>
      <gpxtpx:hr>92</gpxtpx:hr>
      <gpxtpx:cad>0</gpxtpx:cad>
     </gpxtpx:TrackPointExtension>
    </extensions>
   </trkpt>
   <trkpt lat="51.8333910" lon="-1.5280760">
    <ele>167.0</ele>
    <time>2026-05-31T13:22:34Z</time>
    <extensions>
     <gpxtpx:TrackPointExtension>
      <gpxtpx:hr>88</gpxtpx:hr>
      <gpxtpx:cad>0</gpxtpx:cad>
     </gpxtpx:TrackPointExtension>
    </extensions>
   </trkpt>
   <trkpt lat="51.8333940" lon="-1.5280750">
    <ele>167.0</ele>
    <time>2026-05-31T13:22:35Z</time>
    <extensions>
     <gpxtpx:TrackPointExtension>
      <gpxtpx:hr>87</gpxtpx:hr>
      <gpxtpx:cad>0</gpxtpx:cad>
     </gpxtpx:TrackPointExtension>
    </extensions>
   </trkpt>
   <trkpt lat="51.8333990" lon="-1.5280760">
    <ele>167.0</ele>
    <time>2026-05-31T13:22:37Z</time>
    <extensions>
     <gpxtpx:TrackPointExtension>
      <gpxtpx:hr>83</gpxtpx:hr>
      <gpxtpx:cad>0</gpxtpx:cad>
     </gpxtpx:TrackPointExtension>
    </extensions>
   </trkpt>
   <trkpt lat="51.8333990" lon="-1.5280770">
    <ele>167.0</ele>
    <time>2026-05-31T13:22:39Z</time>
    <extensions>
     <gpxtpx:TrackPointExtension>
      <gpxtpx:hr>80</gpxtpx:hr>
      <gpxtpx:cad>0</gpxtpx:cad>
     </gpxtpx:TrackPointExtension>
    </extensions>
   </trkpt>
   <trkpt lat="51.8333990" lon="-1.5280700">
    <ele>167.0</ele>
    <time>2026-05-31T13:22:44Z</time>
    <extensions>
     <gpxtpx:TrackPointExtension>
      <gpxtpx:hr>77</gpxtpx:hr>
      <gpxtpx:cad>0</gpxtpx:cad>
     </gpxtpx:TrackPointExtension>
    </extensions>
   </trkpt>
   <trkpt lat="51.8334000" lon="-1.5280550">
    <ele>167.0</ele>
    <time>2026-05-31T13:22:48Z</time>
    <extensions>
     <gpxtpx:TrackPointExtension>
      <gpxtpx:hr>77</gpxtpx:hr>
      <gpxtpx:cad>0</gpxtpx:cad>
     </gpxtpx:TrackPointExtension>
    </extensions>
   </trkpt>
   <trkpt lat="51.8334120" lon="-1.5280350">
    <ele>167.0</ele>
    <time>2026-05-31T13:22:54Z</time>
    <extensions>
     <gpxtpx:TrackPointExtension>
      <gpxtpx:hr>74</gpxtpx:hr>
      <gpxtpx:cad>0</gpxtpx:cad>
     </gpxtpx:TrackPointExtension>
    </extensions>
   </trkpt>
   <trkpt lat="51.8334360" lon="-1.5279890">
    <ele>167.0</ele>
    <time>2026-05-31T13:23:02Z</time>
    <extensions>
     <gpxtpx:TrackPointExtension>
      <gpxtpx:hr>73</gpxtpx:hr>
      <gpxtpx:cad>0</gpxtpx:cad>
     </gpxtpx:TrackPointExtension>
    </extensions>
   </trkpt>
   <trkpt lat="51.8334470" lon="-1.5279720">
    <ele>167.0</ele>
    <time>2026-05-31T13:23:06Z</time>
    <extensions>
     <gpxtpx:TrackPointExtension>
      <gpxtpx:hr>69</gpxtpx:hr>
      <gpxtpx:cad>0</gpxtpx:cad>
     </gpxtpx:TrackPointExtension>
    </extensions>
   </trkpt>
   <trkpt lat="51.8334490" lon="-1.5279660">
    <ele>167.0</ele>
    <time>2026-05-31T13:23:07Z</time>
    <extensions>
     <gpxtpx:TrackPointExtension>
      <gpxtpx:hr>72</gpxtpx:hr>
      <gpxtpx:cad>0</gpxtpx:cad>
     </gpxtpx:TrackPointExtension>
    </extensions>
   </trkpt>
   <trkpt lat="51.8334620" lon="-1.5279400">
    <ele>167.0</ele>
    <time>2026-05-31T13:23:11Z</time>
    <extensions>
     <gpxtpx:TrackPointExtension>
      <gpxtpx:hr>69</gpxtpx:hr>
      <gpxtpx:cad>0</gpxtpx:cad>
     </gpxtpx:TrackPointExtension>
    </extensions>
   </trkpt>
   <trkpt lat="51.8334690" lon="-1.5279250">
    <ele>167.0</ele>
    <time>2026-05-31T13:23:14Z</time>
    <extensions>
     <gpxtpx:TrackPointExtension>
      <gpxtpx:hr>68</gpxtpx:hr>
      <gpxtpx:cad>0</gpxtpx:cad>
     </gpxtpx:TrackPointExtension>
    </extensions>
   </trkpt>
   <trkpt lat="51.8334830" lon="-1.5278800">
    <ele>167.0</ele>
    <time>2026-05-31T13:23:23Z</time>
    <extensions>
     <gpxtpx:TrackPointExtension>
      <gpxtpx:hr>73</gpxtpx:hr>
      <gpxtpx:cad>0</gpxtpx:cad>
     </gpxtpx:TrackPointExtension>
    </extensions>
   </trkpt>
   <trkpt lat="51.8335000" lon="-1.5278570">
    <ele>167.0</ele>
    <time>2026-05-31T13:23:30Z</time>
    <extensions>
     <gpxtpx:TrackPointExtension>
      <gpxtpx:hr>74</gpxtpx:hr>
      <gpxtpx:cad>0</gpxtpx:cad>
     </gpxtpx:TrackPointExtension>
    </extensions>
   </trkpt>
   <trkpt lat="51.8335020" lon="-1.5278530">
    <ele>167.0</ele>
    <time>2026-05-31T13:23:32Z</time>
    <extensions>
     <gpxtpx:TrackPointExtension>
      <gpxtpx:hr>77</gpxtpx:hr>
      <gpxtpx:cad>0</gpxtpx:cad>
     </gpxtpx:TrackPointExtension>
    </extensions>
   </trkpt>
   <trkpt lat="51.8335120" lon="-1.5278430">
    <ele>167.0</ele>
    <time>2026-05-31T13:23:44Z</time>
    <extensions>
     <gpxtpx:TrackPointExtension>
      <gpxtpx:hr>77</gpxtpx:hr>
      <gpxtpx:cad>0</gpxtpx:cad>
     </gpxtpx:TrackPointExtension>
    </extensions>
   </trkpt>
   <trkpt lat="51.8335140" lon="-1.5278370">
    <ele>167.0</ele>
    <time>2026-05-31T13:23:49Z</time>
    <extensions>
     <gpxtpx:TrackPointExtension>
      <gpxtpx:hr>74</gpxtpx:hr>
      <gpxtpx:cad>0</gpxtpx:cad>
     </gpxtpx:TrackPointExtension>
    </extensions>
   </trkpt>
   <trkpt lat="51.8335140" lon="-1.5278310">
    <ele>167.0</ele>
    <time>2026-05-31T13:23:54Z</time>
    <extensions>
     <gpxtpx:TrackPointExtension>
      <gpxtpx:hr>77</gpxtpx:hr>
      <gpxtpx:cad>0</gpxtpx:cad>
     </gpxtpx:TrackPointExtension>
    </extensions>
   </trkpt>
   <trkpt lat="51.8335210" lon="-1.5278220">
    <ele>167.0</ele>
    <time>2026-05-31T13:23:58Z</time>
    <extensions>
     <gpxtpx:TrackPointExtension>
      <gpxtpx:hr>80</gpxtpx:hr>
      <gpxtpx:cad>0</gpxtpx:cad>
     </gpxtpx:TrackPointExtension>
    </extensions>
   </trkpt>
   <trkpt lat="51.8335250" lon="-1.5278200">
    <ele>167.0</ele>
    <time>2026-05-31T13:23:59Z</time>
    <extensions>
     <gpxtpx:TrackPointExtension>
      <gpxtpx:hr>81</gpxtpx:hr>
      <gpxtpx:cad>0</gpxtpx:cad>
     </gpxtpx:TrackPointExtension>
    </extensions>
   </trkpt>
   <trkpt lat="51.8335400" lon="-1.5277900">
    <ele>167.0</ele>
    <time>2026-05-31T13:24:07Z</time>
    <extensions>
     <gpxtpx:TrackPointExtension>
      <gpxtpx:hr>78</gpxtpx:hr>
      <gpxtpx:cad>0</gpxtpx:cad>
     </gpxtpx:TrackPointExtension>
    </extensions>
   </trkpt>
   <trkpt lat="51.8335520" lon="-1.5277700">
    <ele>167.0</ele>
    <time>2026-05-31T13:24:14Z</time>
    <extensions>
     <gpxtpx:TrackPointExtension>
      <gpxtpx:hr>81</gpxtpx:hr>
      <gpxtpx:cad>0</gpxtpx:cad>
     </gpxtpx:TrackPointExtension>
    </extensions>
   </trkpt>
   <trkpt lat="51.8335550" lon="-1.5277670">
    <ele>167.0</ele>
    <time>2026-05-31T13:24:15Z</time>
    <extensions>
     <gpxtpx:TrackPointExtension>
      <gpxtpx:hr>81</gpxtpx:hr>
      <gpxtpx:cad>0</gpxtpx:cad>
     </gpxtpx:TrackPointExtension>
    </extensions>
   </trkpt>
   <trkpt lat="51.8335760" lon="-1.5277000">
    <ele>167.0</ele>
    <time>2026-05-31T13:24:30Z</time>
    <extensions>
     <gpxtpx:TrackPointExtension>
      <gpxtpx:hr>81</gpxtpx:hr>
      <gpxtpx:cad>0</gpxtpx:cad>
     </gpxtpx:TrackPointExtension>
    </extensions>
   </trkpt>
   <trkpt lat="51.8335890" lon="-1.5276790">
    <ele>167.0</ele>
    <time>2026-05-31T13:24:37Z</time>
    <extensions>
     <gpxtpx:TrackPointExtension>
      <gpxtpx:hr>78</gpxtpx:hr>
      <gpxtpx:cad>0</gpxtpx:cad>
     </gpxtpx:TrackPointExtension>
    </extensions>
   </trkpt>
   <trkpt lat="51.8335870" lon="-1.5276720">
    <ele>167.0</ele>
    <time>2026-05-31T13:24:43Z</time>
    <extensions>
     <gpxtpx:TrackPointExtension>
      <gpxtpx:hr>76</gpxtpx:hr>
      <gpxtpx:cad>0</gpxtpx:cad>
     </gpxtpx:TrackPointExtension>
    </extensions>
   </trkpt>
   <trkpt lat="51.8335960" lon="-1.5276650">
    <ele>167.0</ele>
    <time>2026-05-31T13:24:59Z</time>
    <extensions>
     <gpxtpx:TrackPointExtension>
      <gpxtpx:hr>78</gpxtpx:hr>
      <gpxtpx:cad>0</gpxtpx:cad>
     </gpxtpx:TrackPointExtension>
    </extensions>
   </trkpt>
   <trkpt lat="51.8335960" lon="-1.5276600">
    <ele>167.0</ele>
    <time>2026-05-31T13:25:01Z</time>
    <extensions>
     <gpxtpx:TrackPointExtension>
      <gpxtpx:hr>74</gpxtpx:hr>
      <gpxtpx:cad>0</gpxtpx:cad>
     </gpxtpx:TrackPointExtension>
    </extensions>
   </trkpt>
   <trkpt lat="51.8336000" lon="-1.5276460">
    <ele>167.0</ele>
    <time>2026-05-31T13:25:07Z</time>
    <extensions>
     <gpxtpx:TrackPointExtension>
      <gpxtpx:hr>79</gpxtpx:hr>
      <gpxtpx:cad>0</gpxtpx:cad>
     </gpxtpx:TrackPointExtension>
    </extensions>
   </trkpt>
   <trkpt lat="51.8336010" lon="-1.5276430">
    <ele>167.0</ele>
    <time>2026-05-31T13:25:09Z</time>
    <extensions>
     <gpxtpx:TrackPointExtension>
      <gpxtpx:hr>76</gpxtpx:hr>
      <gpxtpx:cad>0</gpxtpx:cad>
     </gpxtpx:TrackPointExtension>
    </extensions>
   </trkpt>
   <trkpt lat="51.8336040" lon="-1.5276440">
    <ele>167.0</ele>
    <time>2026-05-31T13:25:10Z</time>
    <extensions>
     <gpxtpx:TrackPointExtension>
      <gpxtpx:hr>76</gpxtpx:hr>
      <gpxtpx:cad>0</gpxtpx:cad>
     </gpxtpx:TrackPointExtension>
    </extensions>
   </trkpt>
   <trkpt lat="51.8336060" lon="-1.5276340">
    <ele>167.0</ele>
    <time>2026-05-31T13:25:15Z</time>
    <extensions>
     <gpxtpx:TrackPointExtension>
      <gpxtpx:hr>72</gpxtpx:hr>
      <gpxtpx:cad>0</gpxtpx:cad>
     </gpxtpx:TrackPointExtension>
    </extensions>
   </trkpt>
   <trkpt lat="51.8336100" lon="-1.5276260">
    <ele>167.0</ele>
    <time>2026-05-31T13:25:19Z</time>
    <extensions>
     <gpxtpx:TrackPointExtension>
      <gpxtpx:hr>75</gpxtpx:hr>
      <gpxtpx:cad>0</gpxtpx:cad>
     </gpxtpx:TrackPointExtension>
    </extensions>
   </trkpt>
   <trkpt lat="51.8336110" lon="-1.5276210">
    <ele>167.0</ele>
    <time>2026-05-31T13:25:23Z</time>
    <extensions>
     <gpxtpx:TrackPointExtension>
      <gpxtpx:hr>75</gpxtpx:hr>
      <gpxtpx:cad>0</gpxtpx:cad>
     </gpxtpx:TrackPointExtension>
    </extensions>
   </trkpt>
   <trkpt lat="51.8336110" lon="-1.5275920">
    <ele>167.0</ele>
    <time>2026-05-31T13:25:33Z</time>
    <extensions>
     <gpxtpx:TrackPointExtension>
      <gpxtpx:hr>78</gpxtpx:hr>
      <gpxtpx:cad>0</gpxtpx:cad>
     </gpxtpx:TrackPointExtension>
    </extensions>
   </trkpt>
   <trkpt lat="51.8336170" lon="-1.5275870">
    <ele>167.0</ele>
    <time>2026-05-31T13:25:35Z</time>
    <extensions>
     <gpxtpx:TrackPointExtension>
      <gpxtpx:hr>75</gpxtpx:hr>
      <gpxtpx:cad>0</gpxtpx:cad>
     </gpxtpx:TrackPointExtension>
    </extensions>
   </trkpt>
   <trkpt lat="51.8336230" lon="-1.5275850">
    <ele>167.0</ele>
    <time>2026-05-31T13:25:37Z</time>
    <extensions>
     <gpxtpx:TrackPointExtension>
      <gpxtpx:hr>75</gpxtpx:hr>
      <gpxtpx:cad>0</gpxtpx:cad>
     </gpxtpx:TrackPointExtension>
    </extensions>
   </trkpt>
   <trkpt lat="51.8336260" lon="-1.5275710">
    <ele>167.0</ele>
    <time>2026-05-31T13:25:51Z</time>
    <extensions>
     <gpxtpx:TrackPointExtension>
      <gpxtpx:hr>74</gpxtpx:hr>
      <gpxtpx:cad>0</gpxtpx:cad>
     </gpxtpx:TrackPointExtension>
    </extensions>
   </trkpt>
   <trkpt lat="51.8336250" lon="-1.5275690">
    <ele>167.0</ele>
    <time>2026-05-31T13:25:52Z</time>
    <extensions>
     <gpxtpx:TrackPointExtension>
      <gpxtpx:hr>77</gpxtpx:hr>
      <gpxtpx:cad>0</gpxtpx:cad>
     </gpxtpx:TrackPointExtension>
    </extensions>
   </trkpt>
   <trkpt lat="51.8336250" lon="-1.5275690">
    <ele>167.0</ele>
    <time>2026-05-31T13:25:53Z</time>
    <extensions>
     <gpxtpx:TrackPointExtension>
      <gpxtpx:hr>73</gpxtpx:hr>
      <gpxtpx:cad>0</gpxtpx:cad>
     </gpxtpx:TrackPointExtension>
    </extensions>
   </trkpt>
   <trkpt lat="51.8336250" lon="-1.5275680">
    <ele>167.0</ele>
    <time>2026-05-31T13:25:56Z</time>
    <extensions>
     <gpxtpx:TrackPointExtension>
      <gpxtpx:hr>70</gpxtpx:hr>
      <gpxtpx:cad>0</gpxtpx:cad>
     </gpxtpx:TrackPointExtension>
    </extensions>
   </trkpt>
   <trkpt lat="51.8336270" lon="-1.5275680">
    <ele>167.0</ele>
    <time>2026-05-31T13:25:57Z</time>
    <extensions>
     <gpxtpx:TrackPointExtension>
      <gpxtpx:hr>75</gpxtpx:hr>
      <gpxtpx:cad>0</gpxtpx:cad>
     </gpxtpx:TrackPointExtension>
    </extensions>
   </trkpt>
   <trkpt lat="51.8336320" lon="-1.5275680">
    <ele>167.0</ele>
    <time>2026-05-31T13:25:59Z</time>
    <extensions>
     <gpxtpx:TrackPointExtension>
      <gpxtpx:hr>72</gpxtpx:hr>
      <gpxtpx:cad>0</gpxtpx:cad>
     </gpxtpx:TrackPointExtension>
    </extensions>
   </trkpt>
   <trkpt lat="51.8336330" lon="-1.5275690">
    <ele>167.0</ele>
    <time>2026-05-31T13:26:04Z</time>
    <extensions>
     <gpxtpx:TrackPointExtension>
      <gpxtpx:hr>73</gpxtpx:hr>
      <gpxtpx:cad>0</gpxtpx:cad>
     </gpxtpx:TrackPointExtension>
    </extensions>
   </trkpt>
   <trkpt lat="51.8336400" lon="-1.5275610">
    <ele>167.0</ele>
    <time>2026-05-31T13:26:18Z</time>
    <extensions>
     <gpxtpx:TrackPointExtension>
      <gpxtpx:hr>70</gpxtpx:hr>
      <gpxtpx:cad>0</gpxtpx:cad>
     </gpxtpx:TrackPointExtension>
    </extensions>
   </trkpt>
   <trkpt lat="51.8336430" lon="-1.5275590">
    <ele>167.0</ele>
    <time>2026-05-31T13:26:20Z</time>
    <extensions>
     <gpxtpx:TrackPointExtension>
      <gpxtpx:hr>73</gpxtpx:hr>
      <gpxtpx:cad>0</gpxtpx:cad>
     </gpxtpx:TrackPointExtension>
    </extensions>
   </trkpt>
   <trkpt lat="51.8336470" lon="-1.5275490">
    <ele>167.0</ele>
    <time>2026-05-31T13:26:30Z</time>
    <extensions>
     <gpxtpx:TrackPointExtension>
      <gpxtpx:hr>76</gpxtpx:hr>
      <gpxtpx:cad>0</gpxtpx:cad>
     </gpxtpx:TrackPointExtension>
    </extensions>
   </trkpt>
   <trkpt lat="51.8336580" lon="-1.5275280">
    <ele>167.0</ele>
    <time>2026-05-31T13:26:37Z</time>
    <extensions>
     <gpxtpx:TrackPointExtension>
      <gpxtpx:hr>79</gpxtpx:hr>
      <gpxtpx:cad>0</gpxtpx:cad>
     </gpxtpx:TrackPointExtension>
    </extensions>
   </trkpt>
   <trkpt lat="51.8336590" lon="-1.5275270">
    <ele>167.0</ele>
    <time>2026-05-31T13:26:39Z</time>
    <extensions>
     <gpxtpx:TrackPointExtension>
      <gpxtpx:hr>76</gpxtpx:hr>
      <gpxtpx:cad>0</gpxtpx:cad>
     </gpxtpx:TrackPointExtension>
    </extensions>
   </trkpt>
   <trkpt lat="51.8336670" lon="-1.5275180">
    <ele>167.0</ele>
    <time>2026-05-31T13:26:43Z</time>
    <extensions>
     <gpxtpx:TrackPointExtension>
      <gpxtpx:hr>74</gpxtpx:hr>
      <gpxtpx:cad>0</gpxtpx:cad>
     </gpxtpx:TrackPointExtension>
    </extensions>
   </trkpt>
   <trkpt lat="51.8336690" lon="-1.5275040">
    <ele>167.0</ele>
    <time>2026-05-31T13:26:47Z</time>
    <extensions>
     <gpxtpx:TrackPointExtension>
      <gpxtpx:hr>71</gpxtpx:hr>
      <gpxtpx:cad>0</gpxtpx:cad>
     </gpxtpx:TrackPointExtension>
    </extensions>
   </trkpt>
   <trkpt lat="51.8336720" lon="-1.5274920">
    <ele>167.0</ele>
    <time>2026-05-31T13:26:50Z</time>
    <extensions>
     <gpxtpx:TrackPointExtension>
      <gpxtpx:hr>68</gpxtpx:hr>
      <gpxtpx:cad>0</gpxtpx:cad>
     </gpxtpx:TrackPointExtension>
    </extensions>
   </trkpt>
   <trkpt lat="51.8336780" lon="-1.5274780">
    <ele>167.0</ele>
    <time>2026-05-31T13:26:55Z</time>
    <extensions>
     <gpxtpx:TrackPointExtension>
      <gpxtpx:hr>69</gpxtpx:hr>
      <gpxtpx:cad>0</gpxtpx:cad>
     </gpxtpx:TrackPointExtension>
    </extensions>
   </trkpt>
   <trkpt lat="51.8337050" lon="-1.5274560">
    <ele>167.0</ele>
    <time>2026-05-31T13:27:09Z</time>
    <extensions>
     <gpxtpx:TrackPointExtension>
      <gpxtpx:hr>66</gpxtpx:hr>
      <gpxtpx:cad>0</gpxtpx:cad>
     </gpxtpx:TrackPointExtension>
    </extensions>
   </trkpt>
   <trkpt lat="51.8337120" lon="-1.5274500">
    <ele>167.0</ele>
    <time>2026-05-31T13:27:12Z</time>
    <extensions>
     <gpxtpx:TrackPointExtension>
      <gpxtpx:hr>70</gpxtpx:hr>
      <gpxtpx:cad>0</gpxtpx:cad>
     </gpxtpx:TrackPointExtension>
    </extensions>
   </trkpt>
   <trkpt lat="51.8337500" lon="-1.5273900">
    <ele>167.0</ele>
    <time>2026-05-31T13:27:22Z</time>
    <extensions>
     <gpxtpx:TrackPointExtension>
      <gpxtpx:hr>65</gpxtpx:hr>
      <gpxtpx:cad>0</gpxtpx:cad>
     </gpxtpx:TrackPointExtension>
    </extensions>
   </trkpt>
   <trkpt lat="51.8337510" lon="-1.5273830">
    <ele>167.0</ele>
    <time>2026-05-31T13:27:23Z</time>
    <extensions>
     <gpxtpx:TrackPointExtension>
      <gpxtpx:hr>73</gpxtpx:hr>
      <gpxtpx:cad>0</gpxtpx:cad>
     </gpxtpx:TrackPointExtension>
    </extensions>
   </trkpt>
   <trkpt lat="51.8337530" lon="-1.5273790">
    <ele>167.0</ele>
    <time>2026-05-31T13:27:24Z</time>
    <extensions>
     <gpxtpx:TrackPointExtension>
      <gpxtpx:hr>78</gpxtpx:hr>
      <gpxtpx:cad>0</gpxtpx:cad>
     </gpxtpx:TrackPointExtension>
    </extensions>
   </trkpt>
   <trkpt lat="51.8337560" lon="-1.5273720">
    <ele>167.0</ele>
    <time>2026-05-31T13:27:28Z</time>
    <extensions>
     <gpxtpx:TrackPointExtension>
      <gpxtpx:hr>81</gpxtpx:hr>
      <gpxtpx:cad>0</gpxtpx:cad>
     </gpxtpx:TrackPointExtension>
    </extensions>
   </trkpt>
   <trkpt lat="51.8337640" lon="-1.5273480">
    <ele>167.0</ele>
    <time>2026-05-31T13:27:34Z</time>
    <extensions>
     <gpxtpx:TrackPointExtension>
      <gpxtpx:hr>85</gpxtpx:hr>
      <gpxtpx:cad>0</gpxtpx:cad>
     </gpxtpx:TrackPointExtension>
    </extensions>
   </trkpt>
   <trkpt lat="51.8337710" lon="-1.5273400">
    <ele>167.0</ele>
    <time>2026-05-31T13:27:36Z</time>
    <extensions>
     <gpxtpx:TrackPointExtension>
      <gpxtpx:hr>89</gpxtpx:hr>
      <gpxtpx:cad>0</gpxtpx:cad>
     </gpxtpx:TrackPointExtension>
    </extensions>
   </trkpt>
   <trkpt lat="51.8338010" lon="-1.5273210">
    <ele>167.0</ele>
    <time>2026-05-31T13:27:41Z</time>
    <extensions>
     <gpxtpx:TrackPointExtension>
      <gpxtpx:hr>84</gpxtpx:hr>
      <gpxtpx:cad>0</gpxtpx:cad>
     </gpxtpx:TrackPointExtension>
    </extensions>
   </trkpt>
   <trkpt lat="51.8338160" lon="-1.5272830">
    <ele>167.0</ele>
    <time>2026-05-31T13:27:43Z</time>
    <extensions>
     <gpxtpx:TrackPointExtension>
      <gpxtpx:hr>81</gpxtpx:hr>
      <gpxtpx:cad>0</gpxtpx:cad>
     </gpxtpx:TrackPointExtension>
    </extensions>
   </trkpt>
   <trkpt lat="51.8338310" lon="-1.5272560">
    <ele>167.0</ele>
    <time>2026-05-31T13:27:44Z</time>
    <extensions>
     <gpxtpx:TrackPointExtension>
      <gpxtpx:hr>82</gpxtpx:hr>
      <gpxtpx:cad>0</gpxtpx:cad>
     </gpxtpx:TrackPointExtension>
    </extensions>
   </trkpt>
   <trkpt lat="51.8338720" lon="-1.5271970">
    <ele>167.0</ele>
    <time>2026-05-31T13:27:49Z</time>
    <extensions>
     <gpxtpx:TrackPointExtension>
      <gpxtpx:hr>80</gpxtpx:hr>
      <gpxtpx:cad>76</gpxtpx:cad>
     </gpxtpx:TrackPointExtension>
    </extensions>
   </trkpt>
   <trkpt lat="51.8338930" lon="-1.5271610">
    <ele>167.0</ele>
    <time>2026-05-31T13:27:53Z</time>
    <extensions>
     <gpxtpx:TrackPointExtension>
      <gpxtpx:hr>83</gpxtpx:hr>
      <gpxtpx:cad>0</gpxtpx:cad>
     </gpxtpx:TrackPointExtension>
    </extensions>
   </trkpt>
   <trkpt lat="51.8339050" lon="-1.5271490">
    <ele>167.0</ele>
    <time>2026-05-31T13:27:54Z</time>
    <extensions>
     <gpxtpx:TrackPointExtension>
      <gpxtpx:hr>89</gpxtpx:hr>
      <gpxtpx:cad>0</gpxtpx:cad>
     </gpxtpx:TrackPointExtension>
    </extensions>
   </trkpt>
   <trkpt lat="51.8339160" lon="-1.5271330">
    <ele>167.0</ele>
    <time>2026-05-31T13:27:55Z</time>
    <extensions>
     <gpxtpx:TrackPointExtension>
      <gpxtpx:hr>88</gpxtpx:hr>
      <gpxtpx:cad>0</gpxtpx:cad>
     </gpxtpx:TrackPointExtension>
    </extensions>
   </trkpt>
   <trkpt lat="51.8339640" lon="-1.5270620">
    <ele>167.0</ele>
    <time>2026-05-31T13:28:00Z</time>
    <extensions>
     <gpxtpx:TrackPointExtension>
      <gpxtpx:hr>88</gpxtpx:hr>
      <gpxtpx:cad>0</gpxtpx:cad>
     </gpxtpx:TrackPointExtension>
    </extensions>
   </trkpt>
   <trkpt lat="51.8339660" lon="-1.5270570">
    <ele>167.0</ele>
    <time>2026-05-31T13:28:08Z</time>
    <extensions>
     <gpxtpx:TrackPointExtension>
      <gpxtpx:hr>85</gpxtpx:hr>
      <gpxtpx:cad>0</gpxtpx:cad>
     </gpxtpx:TrackPointExtension>
    </extensions>
   </trkpt>
   <trkpt lat="51.8339650" lon="-1.5269710">
    <ele>167.0</ele>
    <time>2026-05-31T13:28:16Z</time>
    <extensions>
     <gpxtpx:TrackPointExtension>
      <gpxtpx:hr>88</gpxtpx:hr>
      <gpxtpx:cad>70</gpxtpx:cad>
     </gpxtpx:TrackPointExtension>
    </extensions>
   </trkpt>
   <trkpt lat="51.8339630" lon="-1.5269420">
    <ele>167.0</ele>
    <time>2026-05-31T13:28:18Z</time>
    <extensions>
     <gpxtpx:TrackPointExtension>
      <gpxtpx:hr>89</gpxtpx:hr>
      <gpxtpx:cad>70</gpxtpx:cad>
     </gpxtpx:TrackPointExtension>
    </extensions>
   </trkpt>
   <trkpt lat="51.8339640" lon="-1.5269290">
    <ele>167.0</ele>
    <time>2026-05-31T13:28:19Z</time>
    <extensions>
     <gpxtpx:TrackPointExtension>
      <gpxtpx:hr>93</gpxtpx:hr>
      <gpxtpx:cad>70</gpxtpx:cad>
     </gpxtpx:TrackPointExtension>
    </extensions>
   </trkpt>
   <trkpt lat="51.8339660" lon="-1.5269040">
    <ele>167.0</ele>
    <time>2026-05-31T13:28:21Z</time>
    <extensions>
     <gpxtpx:TrackPointExtension>
      <gpxtpx:hr>89</gpxtpx:hr>
      <gpxtpx:cad>70</gpxtpx:cad>
     </gpxtpx:TrackPointExtension>
    </extensions>
   </trkpt>
   <trkpt lat="51.8339850" lon="-1.5268410">
    <ele>167.0</ele>
    <time>2026-05-31T13:28:25Z</time>
    <extensions>
     <gpxtpx:TrackPointExtension>
      <gpxtpx:hr>88</gpxtpx:hr>
      <gpxtpx:cad>0</gpxtpx:cad>
     </gpxtpx:TrackPointExtension>
    </extensions>
   </trkpt>
   <trkpt lat="51.8339310" lon="-1.5267150">
    <ele>167.0</ele>
    <time>2026-05-31T13:28:34Z</time>
    <extensions>
     <gpxtpx:TrackPointExtension>
      <gpxtpx:hr>87</gpxtpx:hr>
      <gpxtpx:cad>0</gpxtpx:cad>
     </gpxtpx:TrackPointExtension>
    </extensions>
   </trkpt>
   <trkpt lat="51.8338950" lon="-1.5266710">
    <ele>167.0</ele>
    <time>2026-05-31T13:28:37Z</time>
    <extensions>
     <gpxtpx:TrackPointExtension>
      <gpxtpx:hr>87</gpxtpx:hr>
      <gpxtpx:cad>0</gpxtpx:cad>
     </gpxtpx:TrackPointExtension>
    </extensions>
   </trkpt>
   <trkpt lat="51.8338450" lon="-1.5265360">
    <ele>167.0</ele>
    <time>2026-05-31T13:28:41Z</time>
    <extensions>
     <gpxtpx:TrackPointExtension>
      <gpxtpx:hr>84</gpxtpx:hr>
      <gpxtpx:cad>82</gpxtpx:cad>
     </gpxtpx:TrackPointExtension>
    </extensions>
   </trkpt>
   <trkpt lat="51.8338300" lon="-1.5264110">
    <ele>167.0</ele>
    <time>2026-05-31T13:28:43Z</time>
    <extensions>
     <gpxtpx:TrackPointExtension>
      <gpxtpx:hr>87</gpxtpx:hr>
      <gpxtpx:cad>85</gpxtpx:cad>
     </gpxtpx:TrackPointExtension>
    </extensions>
   </trkpt>
   <trkpt lat="51.8338040" lon="-1.5262000">
    <ele>167.0</ele>
    <time>2026-05-31T13:28:47Z</time>
    <extensions>
     <gpxtpx:TrackPointExtension>
      <gpxtpx:hr>88</gpxtpx:hr>
      <gpxtpx:cad>87</gpxtpx:cad>
     </gpxtpx:TrackPointExtension>
    </extensions>
   </trkpt>
   <trkpt lat="51.8337990" lon="-1.5261480">
    <ele>167.0</ele>
    <time>2026-05-31T13:28:48Z</time>
    <extensions>
     <gpxtpx:TrackPointExtension>
      <gpxtpx:hr>92</gpxtpx:hr>
      <gpxtpx:cad>86</gpxtpx:cad>
     </gpxtpx:TrackPointExtension>
    </extensions>
   </trkpt>
   <trkpt lat="51.8337940" lon="-1.5260920">
    <ele>167.0</ele>
    <time>2026-05-31T13:28:49Z</time>
    <extensions>
     <gpxtpx:TrackPointExtension>
      <gpxtpx:hr>96</gpxtpx:hr>
      <gpxtpx:cad>86</gpxtpx:cad>
     </gpxtpx:TrackPointExtension>
    </extensions>
   </trkpt>
   <trkpt lat="51.8337850" lon="-1.5260400">
    <ele>167.0</ele>
    <time>2026-05-31T13:28:50Z</time>
    <extensions>
     <gpxtpx:TrackPointExtension>
      <gpxtpx:hr>99</gpxtpx:hr>
      <gpxtpx:cad>86</gpxtpx:cad>
     </gpxtpx:TrackPointExtension>
    </extensions>
   </trkpt>
   <trkpt lat="51.8337670" lon="-1.5259330">
    <ele>167.0</ele>
    <time>2026-05-31T13:28:52Z</time>
    <extensions>
     <gpxtpx:TrackPointExtension>
      <gpxtpx:hr>103</gpxtpx:hr>
      <gpxtpx:cad>86</gpxtpx:cad>
     </gpxtpx:TrackPointExtension>
    </extensions>
   </trkpt>
   <trkpt lat="51.8337510" lon="-1.5258500">
    <ele>167.0</ele>
    <time>2026-05-31T13:28:54Z</time>
    <extensions>
     <gpxtpx:TrackPointExtension>
      <gpxtpx:hr>106</gpxtpx:hr>
      <gpxtpx:cad>85</gpxtpx:cad>
     </gpxtpx:TrackPointExtension>
    </extensions>
   </trkpt>
   <trkpt lat="51.8337390" lon="-1.5258130">
    <ele>167.0</ele>
    <time>2026-05-31T13:28:55Z</time>
    <extensions>
     <gpxtpx:TrackPointExtension>
      <gpxtpx:hr>110</gpxtpx:hr>
      <gpxtpx:cad>84</gpxtpx:cad>
     </gpxtpx:TrackPointExtension>
    </extensions>
   </trkpt>
   <trkpt lat="51.8337230" lon="-1.5257810">
    <ele>167.0</ele>
    <time>2026-05-31T13:28:56Z</time>
    <extensions>
     <gpxtpx:TrackPointExtension>
      <gpxtpx:hr>110</gpxtpx:hr>
      <gpxtpx:cad>84</gpxtpx:cad>
     </gpxtpx:TrackPointExtension>
    </extensions>
   </trkpt>
   <trkpt lat="51.8337110" lon="-1.5257520">
    <ele>167.0</ele>
    <time>2026-05-31T13:28:57Z</time>
    <extensions>
     <gpxtpx:TrackPointExtension>
      <gpxtpx:hr>113</gpxtpx:hr>
      <gpxtpx:cad>82</gpxtpx:cad>
     </gpxtpx:TrackPointExtension>
    </extensions>
   </trkpt>
   <trkpt lat="51.8336940" lon="-1.5256550">
    <ele>167.0</ele>
    <time>2026-05-31T13:29:00Z</time>
    <extensions>
     <gpxtpx:TrackPointExtension>
      <gpxtpx:hr>116</gpxtpx:hr>
      <gpxtpx:cad>80</gpxtpx:cad>
     </gpxtpx:TrackPointExtension>
    </extensions>
   </trkpt>
   <trkpt lat="51.8336910" lon="-1.5256180">
    <ele>167.0</ele>
    <time>2026-05-31T13:29:01Z</time>
    <extensions>
     <gpxtpx:TrackPointExtension>
      <gpxtpx:hr>116</gpxtpx:hr>
      <gpxtpx:cad>80</gpxtpx:cad>
     </gpxtpx:TrackPointExtension>
    </extensions>
   </trkpt>
   <trkpt lat="51.8336900" lon="-1.5255810">
    <ele>167.0</ele>
    <time>2026-05-31T13:29:02Z</time>
    <extensions>
     <gpxtpx:TrackPointExtension>
      <gpxtpx:hr>119</gpxtpx:hr>
      <gpxtpx:cad>80</gpxtpx:cad>
     </gpxtpx:TrackPointExtension>
    </extensions>
   </trkpt>
   <trkpt lat="51.8336750" lon="-1.5254830">
    <ele>167.0</ele>
    <time>2026-05-31T13:29:05Z</time>
    <extensions>
     <gpxtpx:TrackPointExtension>
      <gpxtpx:hr>123</gpxtpx:hr>
      <gpxtpx:cad>83</gpxtpx:cad>
     </gpxtpx:TrackPointExtension>
    </extensions>
   </trkpt>
   <trkpt lat="51.8336580" lon="-1.5254280">
    <ele>167.0</ele>
    <time>2026-05-31T13:29:07Z</time>
    <extensions>
     <gpxtpx:TrackPointExtension>
      <gpxtpx:hr>126</gpxtpx:hr>
      <gpxtpx:cad>82</gpxtpx:cad>
     </gpxtpx:TrackPointExtension>
    </extensions>
   </trkpt>
   <trkpt lat="51.8336350" lon="-1.5253350">
    <ele>167.0</ele>
    <time>2026-05-31T13:29:10Z</time>
    <extensions>
     <gpxtpx:TrackPointExtension>
      <gpxtpx:hr>126</gpxtpx:hr>
      <gpxtpx:cad>82</gpxtpx:cad>
     </gpxtpx:TrackPointExtension>
    </extensions>
   </trkpt>
   <trkpt lat="51.8335290" lon="-1.5251210">
    <ele>167.0</ele>
    <time>2026-05-31T13:29:17Z</time>
    <extensions>
     <gpxtpx:TrackPointExtension>
      <gpxtpx:hr>128</gpxtpx:hr>
      <gpxtpx:cad>83</gpxtpx:cad>
     </gpxtpx:TrackPointExtension>
    </extensions>
   </trkpt>
   <trkpt lat="51.8334670" lon="-1.5249860">
    <ele>167.0</ele>
    <time>2026-05-31T13:29:21Z</time>
    <extensions>
     <gpxtpx:TrackPointExtension>
      <gpxtpx:hr>125</gpxtpx:hr>
      <gpxtpx:cad>80</gpxtpx:cad>
     </gpxtpx:TrackPointExtension>
    </extensions>
   </trkpt>
   <trkpt lat="51.8334300" lon="-1.5248660">
    <ele>167.0</ele>
    <time>2026-05-31T13:29:25Z</time>
    <extensions>
     <gpxtpx:TrackPointExtension>
      <gpxtpx:hr>127</gpxtpx:hr>
      <gpxtpx:cad>79</gpxtpx:cad>
     </gpxtpx:TrackPointExtension>
    </extensions>
   </trkpt>
   <trkpt lat="51.8334170" lon="-1.5247530">
    <ele>167.0</ele>
    <time>2026-05-31T13:29:29Z</time>
    <extensions>
     <gpxtpx:TrackPointExtension>
      <gpxtpx:hr>124</gpxtpx:hr>
      <gpxtpx:cad>79</gpxtpx:cad>
     </gpxtpx:TrackPointExtension>
    </extensions>
   </trkpt>
   <trkpt lat="51.8333960" lon="-1.5246720">
    <ele>167.0</ele>
    <time>2026-05-31T13:29:34Z</time>
    <extensions>
     <gpxtpx:TrackPointExtension>
      <gpxtpx:hr>126</gpxtpx:hr>
      <gpxtpx:cad>79</gpxtpx:cad>
     </gpxtpx:TrackPointExtension>
    </extensions>
   </trkpt>
   <trkpt lat="51.8333810" lon="-1.5246140">
    <ele>167.0</ele>
    <time>2026-05-31T13:29:40Z</time>
    <extensions>
     <gpxtpx:TrackPointExtension>
      <gpxtpx:hr>123</gpxtpx:hr>
      <gpxtpx:cad>56</gpxtpx:cad>
     </gpxtpx:TrackPointExtension>
    </extensions>
   </trkpt>
   <trkpt lat="51.8333820" lon="-1.5245980">
    <ele>166.8</ele>
    <time>2026-05-31T13:29:41Z</time>
    <extensions>
     <gpxtpx:TrackPointExtension>
      <gpxtpx:hr>123</gpxtpx:hr>
      <gpxtpx:cad>56</gpxtpx:cad>
     </gpxtpx:TrackPointExtension>
    </extensions>
   </trkpt>
   <trkpt lat="51.8333760" lon="-1.5245240">
    <ele>166.8</ele>
    <time>2026-05-31T13:29:44Z</time>
    <extensions>
     <gpxtpx:TrackPointExtension>
      <gpxtpx:hr>120</gpxtpx:hr>
      <gpxtpx:cad>57</gpxtpx:cad>
     </gpxtpx:TrackPointExtension>
    </extensions>
   </trkpt>
   <trkpt lat="51.8333720" lon="-1.5244760">
    <ele>166.6</ele>
    <time>2026-05-31T13:29:47Z</time>
    <extensions>
     <gpxtpx:TrackPointExtension>
      <gpxtpx:hr>119</gpxtpx:hr>
      <gpxtpx:cad>51</gpxtpx:cad>
     </gpxtpx:TrackPointExtension>
    </extensions>
   </trkpt>
   <trkpt lat="51.8333470" lon="-1.5243480">
    <ele>166.6</ele>
    <time>2026-05-31T13:29:52Z</time>
    <extensions>
     <gpxtpx:TrackPointExtension>
      <gpxtpx:hr>116</gpxtpx:hr>
      <gpxtpx:cad>51</gpxtpx:cad>
     </gpxtpx:TrackPointExtension>
    </extensions>
   </trkpt>
   <trkpt lat="51.8333250" lon="-1.5242730">
    <ele>166.6</ele>
    <time>2026-05-31T13:29:56Z</time>
    <extensions>
     <gpxtpx:TrackPointExtension>
      <gpxtpx:hr>118</gpxtpx:hr>
      <gpxtpx:cad>107</gpxtpx:cad>
     </gpxtpx:TrackPointExtension>
    </extensions>
   </trkpt>
   <trkpt lat="51.8333000" lon="-1.5242020">
    <ele>166.6</ele>
    <time>2026-05-31T13:29:58Z</time>
    <extensions>
     <gpxtpx:TrackPointExtension>
      <gpxtpx:hr>115</gpxtpx:hr>
      <gpxtpx:cad>0</gpxtpx:cad>
     </gpxtpx:TrackPointExtension>
    </extensions>
   </trkpt>
   <trkpt lat="51.8332470" lon="-1.5240920">
    <ele>166.6</ele>
    <time>2026-05-31T13:30:01Z</time>
    <extensions>
     <gpxtpx:TrackPointExtension>
      <gpxtpx:hr>112</gpxtpx:hr>
      <gpxtpx:cad>81</gpxtpx:cad>
     </gpxtpx:TrackPointExtension>
    </extensions>
   </trkpt>
   <trkpt lat="51.8332310" lon="-1.5239630">
    <ele>166.8</ele>
    <time>2026-05-31T13:30:06Z</time>
    <extensions>
     <gpxtpx:TrackPointExtension>
      <gpxtpx:hr>118</gpxtpx:hr>
      <gpxtpx:cad>0</gpxtpx:cad>
     </gpxtpx:TrackPointExtension>
    </extensions>
   </trkpt>
   <trkpt lat="51.8332170" lon="-1.5239340">
    <ele>167.0</ele>
    <time>2026-05-31T13:30:08Z</time>
    <extensions>
     <gpxtpx:TrackPointExtension>
      <gpxtpx:hr>120</gpxtpx:hr>
      <gpxtpx:cad>60</gpxtpx:cad>
     </gpxtpx:TrackPointExtension>
    </extensions>
   </trkpt>
   <trkpt lat="51.8331710" lon="-1.5237800">
    <ele>167.2</ele>
    <time>2026-05-31T13:30:16Z</time>
    <extensions>
     <gpxtpx:TrackPointExtension>
      <gpxtpx:hr>123</gpxtpx:hr>
      <gpxtpx:cad>64</gpxtpx:cad>
     </gpxtpx:TrackPointExtension>
    </extensions>
   </trkpt>
   <trkpt lat="51.8331580" lon="-1.5237600">
    <ele>167.2</ele>
    <time>2026-05-31T13:30:17Z</time>
    <extensions>
     <gpxtpx:TrackPointExtension>
      <gpxtpx:hr>123</gpxtpx:hr>
      <gpxtpx:cad>64</gpxtpx:cad>
     </gpxtpx:TrackPointExtension>
    </extensions>
   </trkpt>
   <trkpt lat="51.8331610" lon="-1.5236350">
    <ele>167.0</ele>
    <time>2026-05-31T13:30:20Z</time>
    <extensions>
     <gpxtpx:TrackPointExtension>
      <gpxtpx:hr>121</gpxtpx:hr>
      <gpxtpx:cad>55</gpxtpx:cad>
     </gpxtpx:TrackPointExtension>
    </extensions>
   </trkpt>
   <trkpt lat="51.8331620" lon="-1.5235920">
    <ele>167.0</ele>
    <time>2026-05-31T13:30:21Z</time>
    <extensions>
     <gpxtpx:TrackPointExtension>
      <gpxtpx:hr>118</gpxtpx:hr>
      <gpxtpx:cad>55</gpxtpx:cad>
     </gpxtpx:TrackPointExtension>
    </extensions>
   </trkpt>
   <trkpt lat="51.8331600" lon="-1.5235590">
    <ele>167.0</ele>
    <time>2026-05-31T13:30:22Z</time>
    <extensions>
     <gpxtpx:TrackPointExtension>
      <gpxtpx:hr>121</gpxtpx:hr>
      <gpxtpx:cad>55</gpxtpx:cad>
     </gpxtpx:TrackPointExtension>
    </extensions>
   </trkpt>
   <trkpt lat="51.8331560" lon="-1.5235080">
    <ele>167.0</ele>
    <time>2026-05-31T13:30:24Z</time>
    <extensions>
     <gpxtpx:TrackPointExtension>
      <gpxtpx:hr>119</gpxtpx:hr>
      <gpxtpx:cad>55</gpxtpx:cad>
     </gpxtpx:TrackPointExtension>
    </extensions>
   </trkpt>
   <trkpt lat="51.8331500" lon="-1.5234590">
    <ele>167.0</ele>
    <time>2026-05-31T13:30:26Z</time>
    <extensions>
     <gpxtpx:TrackPointExtension>
      <gpxtpx:hr>116</gpxtpx:hr>
      <gpxtpx:cad>53</gpxtpx:cad>
     </gpxtpx:TrackPointExtension>
    </extensions>
   </trkpt>
   <trkpt lat="51.8331600" lon="-1.5233370">
    <ele>166.8</ele>
    <time>2026-05-31T13:30:32Z</time>
    <extensions>
     <gpxtpx:TrackPointExtension>
      <gpxtpx:hr>115</gpxtpx:hr>
      <gpxtpx:cad>55</gpxtpx:cad>
     </gpxtpx:TrackPointExtension>
    </extensions>
   </trkpt>
   <trkpt lat="51.8331510" lon="-1.5232240">
    <ele>167.0</ele>
    <time>2026-05-31T13:30:37Z</time>
    <extensions>
     <gpxtpx:TrackPointExtension>
      <gpxtpx:hr>112</gpxtpx:hr>
      <gpxtpx:cad>55</gpxtpx:cad>
     </gpxtpx:TrackPointExtension>
    </extensions>
   </trkpt>
   <trkpt lat="51.8331370" lon="-1.5231670">
    <ele>167.0</ele>
    <time>2026-05-31T13:30:40Z</time>
    <extensions>
     <gpxtpx:TrackPointExtension>
      <gpxtpx:hr>112</gpxtpx:hr>
      <gpxtpx:cad>55</gpxtpx:cad>
     </gpxtpx:TrackPointExtension>
    </extensions>
   </trkpt>
   <trkpt lat="51.8331380" lon="-1.5230690">
    <ele>167.0</ele>
    <time>2026-05-31T13:30:47Z</time>
    <extensions>
     <gpxtpx:TrackPointExtension>
      <gpxtpx:hr>111</gpxtpx:hr>
      <gpxtpx:cad>56</gpxtpx:cad>
     </gpxtpx:TrackPointExtension>
    </extensions>
   </trkpt>
   <trkpt lat="51.8331250" lon="-1.5230020">
    <ele>167.0</ele>
    <time>2026-05-31T13:30:51Z</time>
    <extensions>
     <gpxtpx:TrackPointExtension>
      <gpxtpx:hr>107</gpxtpx:hr>
      <gpxtpx:cad>55</gpxtpx:cad>
     </gpxtpx:TrackPointExtension>
    </extensions>
   </trkpt>
   <trkpt lat="51.8331200" lon="-1.5229110">
    <ele>167.0</ele>
    <time>2026-05-31T13:30:55Z</time>
    <extensions>
     <gpxtpx:TrackPointExtension>
      <gpxtpx:hr>108</gpxtpx:hr>
      <gpxtpx:cad>56</gpxtpx:cad>
     </gpxtpx:TrackPointExtension>
    </extensions>
   </trkpt>
   <trkpt lat="51.8330980" lon="-1.5227540">
    <ele>167.0</ele>
    <time>2026-05-31T13:31:02Z</time>
    <extensions>
     <gpxtpx:TrackPointExtension>
      <gpxtpx:hr>106</gpxtpx:hr>
      <gpxtpx:cad>57</gpxtpx:cad>
     </gpxtpx:TrackPointExtension>
    </extensions>
   </trkpt>
   <trkpt lat="51.8330850" lon="-1.5227250">
    <ele>166.8</ele>
    <time>2026-05-31T13:31:04Z</time>
    <extensions>
     <gpxtpx:TrackPointExtension>
      <gpxtpx:hr>103</gpxtpx:hr>
      <gpxtpx:cad>56</gpxtpx:cad>
     </gpxtpx:TrackPointExtension>
    </extensions>
   </trkpt>
   <trkpt lat="51.8330490" lon="-1.5226910">
    <ele>166.8</ele>
    <time>2026-05-31T13:31:06Z</time>
    <extensions>
     <gpxtpx:TrackPointExtension>
      <gpxtpx:hr>105</gpxtpx:hr>
      <gpxtpx:cad>56</gpxtpx:cad>
     </gpxtpx:TrackPointExtension>
    </extensions>
   </trkpt>
   <trkpt lat="51.8330130" lon="-1.5226320">
    <ele>166.8</ele>
    <time>2026-05-31T13:31:09Z</time>
    <extensions>
     <gpxtpx:TrackPointExtension>
      <gpxtpx:hr>105</gpxtpx:hr>
      <gpxtpx:cad>56</gpxtpx:cad>
     </gpxtpx:TrackPointExtension>
    </extensions>
   </trkpt>
   <trkpt lat="51.8329880" lon="-1.5225930">
    <ele>166.8</ele>
    <time>2026-05-31T13:31:11Z</time>
    <extensions>
     <gpxtpx:TrackPointExtension>
      <gpxtpx:hr>102</gpxtpx:hr>
      <gpxtpx:cad>56</gpxtpx:cad>
     </gpxtpx:TrackPointExtension>
    </extensions>
   </trkpt>
   <trkpt lat="51.8329540" lon="-1.5225400">
    <ele>166.6</ele>
    <time>2026-05-31T13:31:15Z</time>
    <extensions>
     <gpxtpx:TrackPointExtension>
      <gpxtpx:hr>97</gpxtpx:hr>
      <gpxtpx:cad>56</gpxtpx:cad>
     </gpxtpx:TrackPointExtension>
    </extensions>
   </trkpt>
   <trkpt lat="51.8329420" lon="-1.5225250">
    <ele>166.6</ele>
    <time>2026-05-31T13:31:16Z</time>
    <extensions>
     <gpxtpx:TrackPointExtension>
      <gpxtpx:hr>99</gpxtpx:hr>
      <gpxtpx:cad>56</gpxtpx:cad>
     </gpxtpx:TrackPointExtension>
    </extensions>
   </trkpt>
   <trkpt lat="51.8329060" lon="-1.5224030">
    <ele>166.4</ele>
    <time>2026-05-31T13:31:22Z</time>
    <extensions>
     <gpxtpx:TrackPointExtension>
      <gpxtpx:hr>93</gpxtpx:hr>
      <gpxtpx:cad>55</gpxtpx:cad>
     </gpxtpx:TrackPointExtension>
    </extensions>
   </trkpt>
   <trkpt lat="51.8329000" lon="-1.5223890">
    <ele>166.4</ele>
    <time>2026-05-31T13:31:23Z</time>
    <extensions>
     <gpxtpx:TrackPointExtension>
      <gpxtpx:hr>90</gpxtpx:hr>
      <gpxtpx:cad>0</gpxtpx:cad>
     </gpxtpx:TrackPointExtension>
    </extensions>
   </trkpt>
   <trkpt lat="51.8328950" lon="-1.5223730">
    <ele>166.2</ele>
    <time>2026-05-31T13:31:24Z</time>
    <extensions>
     <gpxtpx:TrackPointExtension>
      <gpxtpx:hr>90</gpxtpx:hr>
      <gpxtpx:cad>0</gpxtpx:cad>
     </gpxtpx:TrackPointExtension>
    </extensions>
   </trkpt>
   <trkpt lat="51.8328840" lon="-1.5223550">
    <ele>166.2</ele>
    <time>2026-05-31T13:31:25Z</time>
    <extensions>
     <gpxtpx:TrackPointExtension>
      <gpxtpx:hr>91</gpxtpx:hr>
      <gpxtpx:cad>0</gpxtpx:cad>
     </gpxtpx:TrackPointExtension>
    </extensions>
   </trkpt>
   <trkpt lat="51.8328850" lon="-1.5223220">
    <ele>166.2</ele>
    <time>2026-05-31T13:31:27Z</time>
    <extensions>
     <gpxtpx:TrackPointExtension>
      <gpxtpx:hr>93</gpxtpx:hr>
      <gpxtpx:cad>0</gpxtpx:cad>
     </gpxtpx:TrackPointExtension>
    </extensions>
   </trkpt>
   <trkpt lat="51.8328770" lon="-1.5222640">
    <ele>166.0</ele>
    <time>2026-05-31T13:31:30Z</time>
    <extensions>
     <gpxtpx:TrackPointExtension>
      <gpxtpx:hr>96</gpxtpx:hr>
      <gpxtpx:cad>0</gpxtpx:cad>
     </gpxtpx:TrackPointExtension>
    </extensions>
   </trkpt>
   <trkpt lat="51.8328780" lon="-1.5222470">
    <ele>166.0</ele>
    <time>2026-05-31T13:31:31Z</time>
    <extensions>
     <gpxtpx:TrackPointExtension>
      <gpxtpx:hr>97</gpxtpx:hr>
      <gpxtpx:cad>0</gpxtpx:cad>
     </gpxtpx:TrackPointExtension>
    </extensions>
   </trkpt>
   <trkpt lat="51.8328780" lon="-1.5222350">
    <ele>166.0</ele>
    <time>2026-05-31T13:31:32Z</time>
    <extensions>
     <gpxtpx:TrackPointExtension>
      <gpxtpx:hr>94</gpxtpx:hr>
      <gpxtpx:cad>56</gpxtpx:cad>
     </gpxtpx:TrackPointExtension>
    </extensions>
   </trkpt>
   <trkpt lat="51.8328710" lon="-1.5221880">
    <ele>166.0</ele>
    <time>2026-05-31T13:31:35Z</time>
    <extensions>
     <gpxtpx:TrackPointExtension>
      <gpxtpx:hr>91</gpxtpx:hr>
      <gpxtpx:cad>56</gpxtpx:cad>
     </gpxtpx:TrackPointExtension>
    </extensions>
   </trkpt>
   <trkpt lat="51.8328410" lon="-1.5221230">
    <ele>166.0</ele>
    <time>2026-05-31T13:31:39Z</time>
    <extensions>
     <gpxtpx:TrackPointExtension>
      <gpxtpx:hr>91</gpxtpx:hr>
      <gpxtpx:cad>56</gpxtpx:cad>
     </gpxtpx:TrackPointExtension>
    </extensions>
   </trkpt>
   <trkpt lat="51.8328020" lon="-1.5219960">
    <ele>166.0</ele>
    <time>2026-05-31T13:31:47Z</time>
    <extensions>
     <gpxtpx:TrackPointExtension>
      <gpxtpx:hr>93</gpxtpx:hr>
      <gpxtpx:cad>43</gpxtpx:cad>
     </gpxtpx:TrackPointExtension>
    </extensions>
   </trkpt>
   <trkpt lat="51.8327850" lon="-1.5218320">
    <ele>166.0</ele>
    <time>2026-05-31T13:31:54Z</time>
    <extensions>
     <gpxtpx:TrackPointExtension>
      <gpxtpx:hr>94</gpxtpx:hr>
      <gpxtpx:cad>56</gpxtpx:cad>
     </gpxtpx:TrackPointExtension>
    </extensions>
   </trkpt>
   <trkpt lat="51.8327710" lon="-1.5216970">
    <ele>165.8</ele>
    <time>2026-05-31T13:32:04Z</time>
    <extensions>
     <gpxtpx:TrackPointExtension>
      <gpxtpx:hr>94</gpxtpx:hr>
      <gpxtpx:cad>52</gpxtpx:cad>
     </gpxtpx:TrackPointExtension>
    </extensions>
   </trkpt>
   <trkpt lat="51.8327450" lon="-1.5216270">
    <ele>166.0</ele>
    <time>2026-05-31T13:32:09Z</time>
    <extensions>
     <gpxtpx:TrackPointExtension>
      <gpxtpx:hr>90</gpxtpx:hr>
      <gpxtpx:cad>52</gpxtpx:cad>
     </gpxtpx:TrackPointExtension>
    </extensions>
   </trkpt>
   <trkpt lat="51.8327200" lon="-1.5215590">
    <ele>166.0</ele>
    <time>2026-05-31T13:32:12Z</time>
    <extensions>
     <gpxtpx:TrackPointExtension>
      <gpxtpx:hr>90</gpxtpx:hr>
      <gpxtpx:cad>52</gpxtpx:cad>
     </gpxtpx:TrackPointExtension>
    </extensions>
   </trkpt>
   <trkpt lat="51.8326850" lon="-1.5214200">
    <ele>165.8</ele>
    <time>2026-05-31T13:32:20Z</time>
    <extensions>
     <gpxtpx:TrackPointExtension>
      <gpxtpx:hr>91</gpxtpx:hr>
      <gpxtpx:cad>55</gpxtpx:cad>
     </gpxtpx:TrackPointExtension>
    </extensions>
   </trkpt>
   <trkpt lat="51.8326820" lon="-1.5213700">
    <ele>165.8</ele>
    <time>2026-05-31T13:32:23Z</time>
    <extensions>
     <gpxtpx:TrackPointExtension>
      <gpxtpx:hr>94</gpxtpx:hr>
      <gpxtpx:cad>57</gpxtpx:cad>
     </gpxtpx:TrackPointExtension>
    </extensions>
   </trkpt>
   <trkpt lat="51.8326710" lon="-1.5213240">
    <ele>165.8</ele>
    <time>2026-05-31T13:32:26Z</time>
    <extensions>
     <gpxtpx:TrackPointExtension>
      <gpxtpx:hr>94</gpxtpx:hr>
      <gpxtpx:cad>55</gpxtpx:cad>
     </gpxtpx:TrackPointExtension>
    </extensions>
   </trkpt>
   <trkpt lat="51.8326620" lon="-1.5212710">
    <ele>165.6</ele>
    <time>2026-05-31T13:32:29Z</time>
    <extensions>
     <gpxtpx:TrackPointExtension>
      <gpxtpx:hr>92</gpxtpx:hr>
      <gpxtpx:cad>55</gpxtpx:cad>
     </gpxtpx:TrackPointExtension>
    </extensions>
   </trkpt>
   <trkpt lat="51.8326270" lon="-1.5211970">
    <ele>165.6</ele>
    <time>2026-05-31T13:32:32Z</time>
    <extensions>
     <gpxtpx:TrackPointExtension>
      <gpxtpx:hr>89</gpxtpx:hr>
      <gpxtpx:cad>55</gpxtpx:cad>
     </gpxtpx:TrackPointExtension>
    </extensions>
   </trkpt>
   <trkpt lat="51.8325760" lon="-1.5210910">
    <ele>165.6</ele>
    <time>2026-05-31T13:32:35Z</time>
    <extensions>
     <gpxtpx:TrackPointExtension>
      <gpxtpx:hr>93</gpxtpx:hr>
      <gpxtpx:cad>79</gpxtpx:cad>
     </gpxtpx:TrackPointExtension>
    </extensions>
   </trkpt>
   <trkpt lat="51.8325650" lon="-1.5210630">
    <ele>165.6</ele>
    <time>2026-05-31T13:32:36Z</time>
    <extensions>
     <gpxtpx:TrackPointExtension>
      <gpxtpx:hr>93</gpxtpx:hr>
      <gpxtpx:cad>79</gpxtpx:cad>
     </gpxtpx:TrackPointExtension>
    </extensions>
   </trkpt>
   <trkpt lat="51.8325530" lon="-1.5209830">
    <ele>165.6</ele>
    <time>2026-05-31T13:32:40Z</time>
    <extensions>
     <gpxtpx:TrackPointExtension>
      <gpxtpx:hr>90</gpxtpx:hr>
      <gpxtpx:cad>78</gpxtpx:cad>
     </gpxtpx:TrackPointExtension>
    </extensions>
   </trkpt>
   <trkpt lat="51.8325540" lon="-1.5209580">
    <ele>165.6</ele>
    <time>2026-05-31T13:32:41Z</time>
    <extensions>
     <gpxtpx:TrackPointExtension>
      <gpxtpx:hr>91</gpxtpx:hr>
      <gpxtpx:cad>78</gpxtpx:cad>
     </gpxtpx:TrackPointExtension>
    </extensions>
   </trkpt>
   <trkpt lat="51.8325540" lon="-1.5209280">
    <ele>165.6</ele>
    <time>2026-05-31T13:32:42Z</time>
    <extensions>
     <gpxtpx:TrackPointExtension>
      <gpxtpx:hr>90</gpxtpx:hr>
      <gpxtpx:cad>69</gpxtpx:cad>
     </gpxtpx:TrackPointExtension>
    </extensions>
   </trkpt>
   <trkpt lat="51.8325010" lon="-1.5207070">
    <ele>165.6</ele>
    <time>2026-05-31T13:32:47Z</time>
    <extensions>
     <gpxtpx:TrackPointExtension>
      <gpxtpx:hr>87</gpxtpx:hr>
      <gpxtpx:cad>81</gpxtpx:cad>
     </gpxtpx:TrackPointExtension>
    </extensions>
   </trkpt>
   <trkpt lat="51.8324980" lon="-1.5206650">
    <ele>165.4</ele>
    <time>2026-05-31T13:32:48Z</time>
    <extensions>
     <gpxtpx:TrackPointExtension>
      <gpxtpx:hr>91</gpxtpx:hr>
      <gpxtpx:cad>81</gpxtpx:cad>
     </gpxtpx:TrackPointExtension>
    </extensions>
   </trkpt>
   <trkpt lat="51.8324530" lon="-1.5205140">
    <ele>165.2</ele>
    <time>2026-05-31T13:32:52Z</time>
    <extensions>
     <gpxtpx:TrackPointExtension>
      <gpxtpx:hr>87</gpxtpx:hr>
      <gpxtpx:cad>82</gpxtpx:cad>
     </gpxtpx:TrackPointExtension>
    </extensions>
   </trkpt>
   <trkpt lat="51.8324400" lon="-1.5204720">
    <ele>165.0</ele>
    <time>2026-05-31T13:32:54Z</time>
    <extensions>
     <gpxtpx:TrackPointExtension>
      <gpxtpx:hr>92</gpxtpx:hr>
      <gpxtpx:cad>83</gpxtpx:cad>
     </gpxtpx:TrackPointExtension>
    </extensions>
   </trkpt>
   <trkpt lat="51.8324380" lon="-1.5204490">
    <ele>165.0</ele>
    <time>2026-05-31T13:32:55Z</time>
    <extensions>
     <gpxtpx:TrackPointExtension>
      <gpxtpx:hr>97</gpxtpx:hr>
      <gpxtpx:cad>83</gpxtpx:cad>
     </gpxtpx:TrackPointExtension>
    </extensions>
   </trkpt>
   <trkpt lat="51.8324310" lon="-1.5204260">
    <ele>165.0</ele>
    <time>2026-05-31T13:32:56Z</time>
    <extensions>
     <gpxtpx:TrackPointExtension>
      <gpxtpx:hr>101</gpxtpx:hr>
      <gpxtpx:cad>70</gpxtpx:cad>
     </gpxtpx:TrackPointExtension>
    </extensions>
   </trkpt>
   <trkpt lat="51.8324250" lon="-1.5204070">
    <ele>165.0</ele>
    <time>2026-05-31T13:32:57Z</time>
    <extensions>
     <gpxtpx:TrackPointExtension>
      <gpxtpx:hr>104</gpxtpx:hr>
      <gpxtpx:cad>70</gpxtpx:cad>
     </gpxtpx:TrackPointExtension>
    </extensions>
   </trkpt>
   <trkpt lat="51.8324220" lon="-1.5203870">
    <ele>164.8</ele>
    <time>2026-05-31T13:32:59Z</time>
    <extensions>
     <gpxtpx:TrackPointExtension>
      <gpxtpx:hr>108</gpxtpx:hr>
      <gpxtpx:cad>0</gpxtpx:cad>
     </gpxtpx:TrackPointExtension>
    </extensions>
   </trkpt>
   <trkpt lat="51.8324220" lon="-1.5203600">
    <ele>164.6</ele>
    <time>2026-05-31T13:33:00Z</time>
    <extensions>
     <gpxtpx:TrackPointExtension>
      <gpxtpx:hr>109</gpxtpx:hr>
      <gpxtpx:cad>0</gpxtpx:cad>
     </gpxtpx:TrackPointExtension>
    </extensions>
   </trkpt>
   <trkpt lat="51.8324210" lon="-1.5203440">
    <ele>164.6</ele>
    <time>2026-05-31T13:33:01Z</time>
    <extensions>
     <gpxtpx:TrackPointExtension>
      <gpxtpx:hr>112</gpxtpx:hr>
      <gpxtpx:cad>0</gpxtpx:cad>
     </gpxtpx:TrackPointExtension>
    </extensions>
   </trkpt>
   <trkpt lat="51.8324220" lon="-1.5203230">
    <ele>164.6</ele>
    <time>2026-05-31T13:33:02Z</time>
    <extensions>
     <gpxtpx:TrackPointExtension>
      <gpxtpx:hr>114</gpxtpx:hr>
      <gpxtpx:cad>0</gpxtpx:cad>
     </gpxtpx:TrackPointExtension>
    </extensions>
   </trkpt>
   <trkpt lat="51.8324210" lon="-1.5203050">
    <ele>164.6</ele>
    <time>2026-05-31T13:33:03Z</time>
    <extensions>
     <gpxtpx:TrackPointExtension>
      <gpxtpx:hr>117</gpxtpx:hr>
      <gpxtpx:cad>0</gpxtpx:cad>
     </gpxtpx:TrackPointExtension>
    </extensions>
   </trkpt>
   <trkpt lat="51.8324170" lon="-1.5202880">
    <ele>164.4</ele>
    <time>2026-05-31T13:33:04Z</time>
    <extensions>
     <gpxtpx:TrackPointExtension>
      <gpxtpx:hr>121</gpxtpx:hr>
      <gpxtpx:cad>0</gpxtpx:cad>
     </gpxtpx:TrackPointExtension>
    </extensions>
   </trkpt>
   <trkpt lat="51.8323860" lon="-1.5202260">
    <ele>164.2</ele>
    <time>2026-05-31T13:33:07Z</time>
    <extensions>
     <gpxtpx:TrackPointExtension>
      <gpxtpx:hr>115</gpxtpx:hr>
      <gpxtpx:cad>0</gpxtpx:cad>
     </gpxtpx:TrackPointExtension>
    </extensions>
   </trkpt>
   <trkpt lat="51.8323730" lon="-1.5201810">
    <ele>164.0</ele>
    <time>2026-05-31T13:33:10Z</time>
    <extensions>
     <gpxtpx:TrackPointExtension>
      <gpxtpx:hr>113</gpxtpx:hr>
      <gpxtpx:cad>54</gpxtpx:cad>
     </gpxtpx:TrackPointExtension>
    </extensions>
   </trkpt>
   <trkpt lat="51.8323700" lon="-1.5201440">
    <ele>164.0</ele>
    <time>2026-05-31T13:33:12Z</time>
    <extensions>
     <gpxtpx:TrackPointExtension>
      <gpxtpx:hr>110</gpxtpx:hr>
      <gpxtpx:cad>51</gpxtpx:cad>
     </gpxtpx:TrackPointExtension>
    </extensions>
   </trkpt>
   <trkpt lat="51.8323690" lon="-1.5201250">
    <ele>164.0</ele>
    <time>2026-05-31T13:33:13Z</time>
    <extensions>
     <gpxtpx:TrackPointExtension>
      <gpxtpx:hr>111</gpxtpx:hr>
      <gpxtpx:cad>51</gpxtpx:cad>
     </gpxtpx:TrackPointExtension>
    </extensions>
   </trkpt>
   <trkpt lat="51.8323370" lon="-1.5200410">
    <ele>163.8</ele>
    <time>2026-05-31T13:33:18Z</time>
    <extensions>
     <gpxtpx:TrackPointExtension>
      <gpxtpx:hr>108</gpxtpx:hr>
      <gpxtpx:cad>53</gpxtpx:cad>
     </gpxtpx:TrackPointExtension>
    </extensions>
   </trkpt>
   <trkpt lat="51.8322910" lon="-1.5199480">
    <ele>163.8</ele>
    <time>2026-05-31T13:33:26Z</time>
    <extensions>
     <gpxtpx:TrackPointExtension>
      <gpxtpx:hr>107</gpxtpx:hr>
      <gpxtpx:cad>52</gpxtpx:cad>
     </gpxtpx:TrackPointExtension>
    </extensions>
   </trkpt>
   <trkpt lat="51.8322580" lon="-1.5199310">
    <ele>163.8</ele>
    <time>2026-05-31T13:33:31Z</time>
    <extensions>
     <gpxtpx:TrackPointExtension>
      <gpxtpx:hr>110</gpxtpx:hr>
      <gpxtpx:cad>53</gpxtpx:cad>
     </gpxtpx:TrackPointExtension>
    </extensions>
   </trkpt>
   <trkpt lat="51.8322540" lon="-1.5199110">
    <ele>163.8</ele>
    <time>2026-05-31T13:33:33Z</time>
    <extensions>
     <gpxtpx:TrackPointExtension>
      <gpxtpx:hr>107</gpxtpx:hr>
      <gpxtpx:cad>0</gpxtpx:cad>
     </gpxtpx:TrackPointExtension>
    </extensions>
   </trkpt>
   <trkpt lat="51.8322640" lon="-1.5197540">
    <ele>163.8</ele>
    <time>2026-05-31T13:33:38Z</time>
    <extensions>
     <gpxtpx:TrackPointExtension>
      <gpxtpx:hr>103</gpxtpx:hr>
      <gpxtpx:cad>0</gpxtpx:cad>
     </gpxtpx:TrackPointExtension>
    </extensions>
   </trkpt>
   <trkpt lat="51.8322620" lon="-1.5197340">
    <ele>163.6</ele>
    <time>2026-05-31T13:33:39Z</time>
    <extensions>
     <gpxtpx:TrackPointExtension>
      <gpxtpx:hr>104</gpxtpx:hr>
      <gpxtpx:cad>0</gpxtpx:cad>
     </gpxtpx:TrackPointExtension>
    </extensions>
   </trkpt>
   <trkpt lat="51.8322540" lon="-1.5196980">
    <ele>163.6</ele>
    <time>2026-05-31T13:33:41Z</time>
    <extensions>
     <gpxtpx:TrackPointExtension>
      <gpxtpx:hr>106</gpxtpx:hr>
      <gpxtpx:cad>0</gpxtpx:cad>
     </gpxtpx:TrackPointExtension>
    </extensions>
   </trkpt>
   <trkpt lat="51.8322530" lon="-1.5196260">
    <ele>163.6</ele>
    <time>2026-05-31T13:33:45Z</time>
    <extensions>
     <gpxtpx:TrackPointExtension>
      <gpxtpx:hr>103</gpxtpx:hr>
      <gpxtpx:cad>51</gpxtpx:cad>
     </gpxtpx:TrackPointExtension>
    </extensions>
   </trkpt>
   <trkpt lat="51.8322440" lon="-1.5195240">
    <ele>163.6</ele>
    <time>2026-05-31T13:33:50Z</time>
    <extensions>
     <gpxtpx:TrackPointExtension>
      <gpxtpx:hr>103</gpxtpx:hr>
      <gpxtpx:cad>55</gpxtpx:cad>
     </gpxtpx:TrackPointExtension>
    </extensions>
   </trkpt>
   <trkpt lat="51.8322590" lon="-1.5194200">
    <ele>163.4</ele>
    <time>2026-05-31T13:33:54Z</time>
    <extensions>
     <gpxtpx:TrackPointExtension>
      <gpxtpx:hr>100</gpxtpx:hr>
      <gpxtpx:cad>55</gpxtpx:cad>
     </gpxtpx:TrackPointExtension>
    </extensions>
   </trkpt>
   <trkpt lat="51.8322380" lon="-1.5193260">
    <ele>163.0</ele>
    <time>2026-05-31T13:33:59Z</time>
    <extensions>
     <gpxtpx:TrackPointExtension>
      <gpxtpx:hr>101</gpxtpx:hr>
      <gpxtpx:cad>55</gpxtpx:cad>
     </gpxtpx:TrackPointExtension>
    </extensions>
   </trkpt>
   <trkpt lat="51.8322210" lon="-1.5192730">
    <ele>162.8</ele>
    <time>2026-05-31T13:34:03Z</time>
    <extensions>
     <gpxtpx:TrackPointExtension>
      <gpxtpx:hr>98</gpxtpx:hr>
      <gpxtpx:cad>53</gpxtpx:cad>
     </gpxtpx:TrackPointExtension>
    </extensions>
   </trkpt>
   <trkpt lat="51.8322170" lon="-1.5192640">
    <ele>162.6</ele>
    <time>2026-05-31T13:34:04Z</time>
    <extensions>
     <gpxtpx:TrackPointExtension>
      <gpxtpx:hr>99</gpxtpx:hr>
      <gpxtpx:cad>53</gpxtpx:cad>
     </gpxtpx:TrackPointExtension>
    </extensions>
   </trkpt>
   <trkpt lat="51.8322110" lon="-1.5192090">
    <ele>162.4</ele>
    <time>2026-05-31T13:34:07Z</time>
    <extensions>
     <gpxtpx:TrackPointExtension>
      <gpxtpx:hr>98</gpxtpx:hr>
      <gpxtpx:cad>55</gpxtpx:cad>
     </gpxtpx:TrackPointExtension>
    </extensions>
   </trkpt>
   <trkpt lat="51.8322060" lon="-1.5191360">
    <ele>162.2</ele>
    <time>2026-05-31T13:34:11Z</time>
    <extensions>
     <gpxtpx:TrackPointExtension>
      <gpxtpx:hr>95</gpxtpx:hr>
      <gpxtpx:cad>55</gpxtpx:cad>
     </gpxtpx:TrackPointExtension>
    </extensions>
   </trkpt>
   <trkpt lat="51.8322050" lon="-1.5191140">
    <ele>162.2</ele>
    <time>2026-05-31T13:34:13Z</time>
    <extensions>
     <gpxtpx:TrackPointExtension>
      <gpxtpx:hr>94</gpxtpx:hr>
      <gpxtpx:cad>55</gpxtpx:cad>
     </gpxtpx:TrackPointExtension>
    </extensions>
   </trkpt>
   <trkpt lat="51.8321980" lon="-1.5189980">
    <ele>162.2</ele>
    <time>2026-05-31T13:34:22Z</time>
    <extensions>
     <gpxtpx:TrackPointExtension>
      <gpxtpx:hr>91</gpxtpx:hr>
      <gpxtpx:cad>0</gpxtpx:cad>
     </gpxtpx:TrackPointExtension>
    </extensions>
   </trkpt>
   <trkpt lat="51.8321980" lon="-1.5189830">
    <ele>162.2</ele>
    <time>2026-05-31T13:34:23Z</time>
    <extensions>
     <gpxtpx:TrackPointExtension>
      <gpxtpx:hr>88</gpxtpx:hr>
      <gpxtpx:cad>0</gpxtpx:cad>
     </gpxtpx:TrackPointExtension>
    </extensions>
   </trkpt>
   <trkpt lat="51.8321620" lon="-1.5188300">
    <ele>162.4</ele>
    <time>2026-05-31T13:34:31Z</time>
    <extensions>
     <gpxtpx:TrackPointExtension>
      <gpxtpx:hr>91</gpxtpx:hr>
      <gpxtpx:cad>54</gpxtpx:cad>
     </gpxtpx:TrackPointExtension>
    </extensions>
   </trkpt>
   <trkpt lat="51.8321610" lon="-1.5188160">
    <ele>162.4</ele>
    <time>2026-05-31T13:34:32Z</time>
    <extensions>
     <gpxtpx:TrackPointExtension>
      <gpxtpx:hr>91</gpxtpx:hr>
      <gpxtpx:cad>54</gpxtpx:cad>
     </gpxtpx:TrackPointExtension>
    </extensions>
   </trkpt>
   <trkpt lat="51.8321080" lon="-1.5187160">
    <ele>162.2</ele>
    <time>2026-05-31T13:34:37Z</time>
    <extensions>
     <gpxtpx:TrackPointExtension>
      <gpxtpx:hr>88</gpxtpx:hr>
      <gpxtpx:cad>55</gpxtpx:cad>
     </gpxtpx:TrackPointExtension>
    </extensions>
   </trkpt>
   <trkpt lat="51.8320800" lon="-1.5186630">
    <ele>162.0</ele>
    <time>2026-05-31T13:34:40Z</time>
    <extensions>
     <gpxtpx:TrackPointExtension>
      <gpxtpx:hr>85</gpxtpx:hr>
      <gpxtpx:cad>54</gpxtpx:cad>
     </gpxtpx:TrackPointExtension>
    </extensions>
   </trkpt>
   <trkpt lat="51.8320410" lon="-1.5185760">
    <ele>162.0</ele>
    <time>2026-05-31T13:34:46Z</time>
    <extensions>
     <gpxtpx:TrackPointExtension>
      <gpxtpx:hr>82</gpxtpx:hr>
      <gpxtpx:cad>51</gpxtpx:cad>
     </gpxtpx:TrackPointExtension>
    </extensions>
   </trkpt>
   <trkpt lat="51.8320110" lon="-1.5185230">
    <ele>161.8</ele>
    <time>2026-05-31T13:34:50Z</time>
    <extensions>
     <gpxtpx:TrackPointExtension>
      <gpxtpx:hr>81</gpxtpx:hr>
      <gpxtpx:cad>51</gpxtpx:cad>
     </gpxtpx:TrackPointExtension>
    </extensions>
   </trkpt>
   <trkpt lat="51.8319950" lon="-1.5184830">
    <ele>161.8</ele>
    <time>2026-05-31T13:34:53Z</time>
    <extensions>
     <gpxtpx:TrackPointExtension>
      <gpxtpx:hr>78</gpxtpx:hr>
      <gpxtpx:cad>51</gpxtpx:cad>
     </gpxtpx:TrackPointExtension>
    </extensions>
   </trkpt>
   <trkpt lat="51.8319890" lon="-1.5184670">
    <ele>161.8</ele>
    <time>2026-05-31T13:34:54Z</time>
    <extensions>
     <gpxtpx:TrackPointExtension>
      <gpxtpx:hr>82</gpxtpx:hr>
      <gpxtpx:cad>52</gpxtpx:cad>
     </gpxtpx:TrackPointExtension>
    </extensions>
   </trkpt>
   <trkpt lat="51.8319750" lon="-1.5183450">
    <ele>161.8</ele>
    <time>2026-05-31T13:35:00Z</time>
    <extensions>
     <gpxtpx:TrackPointExtension>
      <gpxtpx:hr>80</gpxtpx:hr>
      <gpxtpx:cad>54</gpxtpx:cad>
     </gpxtpx:TrackPointExtension>
    </extensions>
   </trkpt>
   <trkpt lat="51.8319450" lon="-1.5182490">
    <ele>161.8</ele>
    <time>2026-05-31T13:35:06Z</time>
    <extensions>
     <gpxtpx:TrackPointExtension>
      <gpxtpx:hr>83</gpxtpx:hr>
      <gpxtpx:cad>55</gpxtpx:cad>
     </gpxtpx:TrackPointExtension>
    </extensions>
   </trkpt>
   <trkpt lat="51.8319540" lon="-1.5182060">
    <ele>161.8</ele>
    <time>2026-05-31T13:35:08Z</time>
    <extensions>
     <gpxtpx:TrackPointExtension>
      <gpxtpx:hr>84</gpxtpx:hr>
      <gpxtpx:cad>55</gpxtpx:cad>
     </gpxtpx:TrackPointExtension>
    </extensions>
   </trkpt>
   <trkpt lat="51.8319220" lon="-1.5181530">
    <ele>161.8</ele>
    <time>2026-05-31T13:35:13Z</time>
    <extensions>
     <gpxtpx:TrackPointExtension>
      <gpxtpx:hr>87</gpxtpx:hr>
      <gpxtpx:cad>51</gpxtpx:cad>
     </gpxtpx:TrackPointExtension>
    </extensions>
   </trkpt>
   <trkpt lat="51.8319090" lon="-1.5181120">
    <ele>161.8</ele>
    <time>2026-05-31T13:35:16Z</time>
    <extensions>
     <gpxtpx:TrackPointExtension>
      <gpxtpx:hr>86</gpxtpx:hr>
      <gpxtpx:cad>53</gpxtpx:cad>
     </gpxtpx:TrackPointExtension>
    </extensions>
   </trkpt>
   <trkpt lat="51.8318930" lon="-1.5180790">
    <ele>161.8</ele>
    <time>2026-05-31T13:35:19Z</time>
    <extensions>
     <gpxtpx:TrackPointExtension>
      <gpxtpx:hr>89</gpxtpx:hr>
      <gpxtpx:cad>0</gpxtpx:cad>
     </gpxtpx:TrackPointExtension>
    </extensions>
   </trkpt>
   <trkpt lat="51.8318970" lon="-1.5180610">
    <ele>161.6</ele>
    <time>2026-05-31T13:35:20Z</time>
    <extensions>
     <gpxtpx:TrackPointExtension>
      <gpxtpx:hr>86</gpxtpx:hr>
      <gpxtpx:cad>0</gpxtpx:cad>
     </gpxtpx:TrackPointExtension>
    </extensions>
   </trkpt>
   <trkpt lat="51.8319010" lon="-1.5180250">
    <ele>161.6</ele>
    <time>2026-05-31T13:35:22Z</time>
    <extensions>
     <gpxtpx:TrackPointExtension>
      <gpxtpx:hr>89</gpxtpx:hr>
      <gpxtpx:cad>0</gpxtpx:cad>
     </gpxtpx:TrackPointExtension>
    </extensions>
   </trkpt>
   <trkpt lat="51.8318940" lon="-1.5179790">
    <ele>161.6</ele>
    <time>2026-05-31T13:35:25Z</time>
    <extensions>
     <gpxtpx:TrackPointExtension>
      <gpxtpx:hr>92</gpxtpx:hr>
      <gpxtpx:cad>51</gpxtpx:cad>
     </gpxtpx:TrackPointExtension>
    </extensions>
   </trkpt>
   <trkpt lat="51.8318830" lon="-1.5178620">
    <ele>161.6</ele>
    <time>2026-05-31T13:35:32Z</time>
    <extensions>
     <gpxtpx:TrackPointExtension>
      <gpxtpx:hr>89</gpxtpx:hr>
      <gpxtpx:cad>54</gpxtpx:cad>
     </gpxtpx:TrackPointExtension>
    </extensions>
   </trkpt>
   <trkpt lat="51.8318890" lon="-1.5178350">
    <ele>161.6</ele>
    <time>2026-05-31T13:35:34Z</time>
    <extensions>
     <gpxtpx:TrackPointExtension>
      <gpxtpx:hr>89</gpxtpx:hr>
      <gpxtpx:cad>54</gpxtpx:cad>
     </gpxtpx:TrackPointExtension>
    </extensions>
   </trkpt>
   <trkpt lat="51.8318870" lon="-1.5177770">
    <ele>161.6</ele>
    <time>2026-05-31T13:35:38Z</time>
    <extensions>
     <gpxtpx:TrackPointExtension>
      <gpxtpx:hr>86</gpxtpx:hr>
      <gpxtpx:cad>49</gpxtpx:cad>
     </gpxtpx:TrackPointExtension>
    </extensions>
   </trkpt>
   <trkpt lat="51.8318710" lon="-1.5176910">
    <ele>161.8</ele>
    <time>2026-05-31T13:35:44Z</time>
    <extensions>
     <gpxtpx:TrackPointExtension>
      <gpxtpx:hr>84</gpxtpx:hr>
      <gpxtpx:cad>53</gpxtpx:cad>
     </gpxtpx:TrackPointExtension>
    </extensions>
   </trkpt>
   <trkpt lat="51.8318720" lon="-1.5176390">
    <ele>161.8</ele>
    <time>2026-05-31T13:35:48Z</time>
    <extensions>
     <gpxtpx:TrackPointExtension>
      <gpxtpx:hr>87</gpxtpx:hr>
      <gpxtpx:cad>53</gpxtpx:cad>
     </gpxtpx:TrackPointExtension>
    </extensions>
   </trkpt>
   <trkpt lat="51.8318600" lon="-1.5175910">
    <ele>161.8</ele>
    <time>2026-05-31T13:35:52Z</time>
    <extensions>
     <gpxtpx:TrackPointExtension>
      <gpxtpx:hr>86</gpxtpx:hr>
      <gpxtpx:cad>53</gpxtpx:cad>
     </gpxtpx:TrackPointExtension>
    </extensions>
   </trkpt>
   <trkpt lat="51.8318260" lon="-1.5174430">
    <ele>161.8</ele>
    <time>2026-05-31T13:35:59Z</time>
    <extensions>
     <gpxtpx:TrackPointExtension>
      <gpxtpx:hr>84</gpxtpx:hr>
      <gpxtpx:cad>0</gpxtpx:cad>
     </gpxtpx:TrackPointExtension>
    </extensions>
   </trkpt>
   <trkpt lat="51.8318130" lon="-1.5174000">
    <ele>161.8</ele>
    <time>2026-05-31T13:36:05Z</time>
    <extensions>
     <gpxtpx:TrackPointExtension>
      <gpxtpx:hr>87</gpxtpx:hr>
      <gpxtpx:cad>0</gpxtpx:cad>
     </gpxtpx:TrackPointExtension>
    </extensions>
   </trkpt>
   <trkpt lat="51.8318210" lon="-1.5173750">
    <ele>161.8</ele>
    <time>2026-05-31T13:36:08Z</time>
    <extensions>
     <gpxtpx:TrackPointExtension>
      <gpxtpx:hr>85</gpxtpx:hr>
      <gpxtpx:cad>0</gpxtpx:cad>
     </gpxtpx:TrackPointExtension>
    </extensions>
   </trkpt>
   <trkpt lat="51.8318240" lon="-1.5173610">
    <ele>161.8</ele>
    <time>2026-05-31T13:36:09Z</time>
    <extensions>
     <gpxtpx:TrackPointExtension>
      <gpxtpx:hr>89</gpxtpx:hr>
      <gpxtpx:cad>0</gpxtpx:cad>
     </gpxtpx:TrackPointExtension>
    </extensions>
   </trkpt>
   <trkpt lat="51.8318230" lon="-1.5173320">
    <ele>161.8</ele>
    <time>2026-05-31T13:36:10Z</time>
    <extensions>
     <gpxtpx:TrackPointExtension>
      <gpxtpx:hr>95</gpxtpx:hr>
      <gpxtpx:cad>0</gpxtpx:cad>
     </gpxtpx:TrackPointExtension>
    </extensions>
   </trkpt>
   <trkpt lat="51.8318200" lon="-1.5173120">
    <ele>161.8</ele>
    <time>2026-05-31T13:36:11Z</time>
    <extensions>
     <gpxtpx:TrackPointExtension>
      <gpxtpx:hr>99</gpxtpx:hr>
      <gpxtpx:cad>0</gpxtpx:cad>
     </gpxtpx:TrackPointExtension>
    </extensions>
   </trkpt>
   <trkpt lat="51.8318090" lon="-1.5172880">
    <ele>161.8</ele>
    <time>2026-05-31T13:36:12Z</time>
    <extensions>
     <gpxtpx:TrackPointExtension>
      <gpxtpx:hr>103</gpxtpx:hr>
      <gpxtpx:cad>0</gpxtpx:cad>
     </gpxtpx:TrackPointExtension>
    </extensions>
   </trkpt>
   <trkpt lat="51.8318070" lon="-1.5172690">
    <ele>161.8</ele>
    <time>2026-05-31T13:36:13Z</time>
    <extensions>
     <gpxtpx:TrackPointExtension>
      <gpxtpx:hr>106</gpxtpx:hr>
      <gpxtpx:cad>0</gpxtpx:cad>
     </gpxtpx:TrackPointExtension>
    </extensions>
   </trkpt>
   <trkpt lat="51.8318060" lon="-1.5172470">
    <ele>161.8</ele>
    <time>2026-05-31T13:36:14Z</time>
    <extensions>
     <gpxtpx:TrackPointExtension>
      <gpxtpx:hr>109</gpxtpx:hr>
      <gpxtpx:cad>0</gpxtpx:cad>
     </gpxtpx:TrackPointExtension>
    </extensions>
   </trkpt>
   <trkpt lat="51.8318010" lon="-1.5172110">
    <ele>161.8</ele>
    <time>2026-05-31T13:36:16Z</time>
    <extensions>
     <gpxtpx:TrackPointExtension>
      <gpxtpx:hr>108</gpxtpx:hr>
      <gpxtpx:cad>0</gpxtpx:cad>
     </gpxtpx:TrackPointExtension>
    </extensions>
   </trkpt>
   <trkpt lat="51.8317710" lon="-1.5171340">
    <ele>162.0</ele>
    <time>2026-05-31T13:36:22Z</time>
    <extensions>
     <gpxtpx:TrackPointExtension>
      <gpxtpx:hr>105</gpxtpx:hr>
      <gpxtpx:cad>53</gpxtpx:cad>
     </gpxtpx:TrackPointExtension>
    </extensions>
   </trkpt>
   <trkpt lat="51.8317590" lon="-1.5170940">
    <ele>162.0</ele>
    <time>2026-05-31T13:36:25Z</time>
    <extensions>
     <gpxtpx:TrackPointExtension>
      <gpxtpx:hr>106</gpxtpx:hr>
      <gpxtpx:cad>50</gpxtpx:cad>
     </gpxtpx:TrackPointExtension>
    </extensions>
   </trkpt>
   <trkpt lat="51.8317320" lon="-1.5170120">
    <ele>162.2</ele>
    <time>2026-05-31T13:36:30Z</time>
    <extensions>
     <gpxtpx:TrackPointExtension>
      <gpxtpx:hr>102</gpxtpx:hr>
      <gpxtpx:cad>48</gpxtpx:cad>
     </gpxtpx:TrackPointExtension>
    </extensions>
   </trkpt>
   <trkpt lat="51.8317170" lon="-1.5169800">
    <ele>162.2</ele>
    <time>2026-05-31T13:36:32Z</time>
    <extensions>
     <gpxtpx:TrackPointExtension>
      <gpxtpx:hr>104</gpxtpx:hr>
      <gpxtpx:cad>48</gpxtpx:cad>
     </gpxtpx:TrackPointExtension>
    </extensions>
   </trkpt>
   <trkpt lat="51.8317040" lon="-1.5169460">
    <ele>162.2</ele>
    <time>2026-05-31T13:36:34Z</time>
    <extensions>
     <gpxtpx:TrackPointExtension>
      <gpxtpx:hr>102</gpxtpx:hr>
      <gpxtpx:cad>0</gpxtpx:cad>
     </gpxtpx:TrackPointExtension>
    </extensions>
   </trkpt>
   <trkpt lat="51.8316840" lon="-1.5169410">
    <ele>162.0</ele>
    <time>2026-05-31T13:36:41Z</time>
    <extensions>
     <gpxtpx:TrackPointExtension>
      <gpxtpx:hr>97</gpxtpx:hr>
      <gpxtpx:cad>0</gpxtpx:cad>
     </gpxtpx:TrackPointExtension>
    </extensions>
   </trkpt>
   <trkpt lat="51.8316830" lon="-1.5169490">
    <ele>162.0</ele>
    <time>2026-05-31T13:36:43Z</time>
    <extensions>
     <gpxtpx:TrackPointExtension>
      <gpxtpx:hr>100</gpxtpx:hr>
      <gpxtpx:cad>57</gpxtpx:cad>
     </gpxtpx:TrackPointExtension>
    </extensions>
   </trkpt>
   <trkpt lat="51.8316720" lon="-1.5169070">
    <ele>162.0</ele>
    <time>2026-05-31T13:36:49Z</time>
    <extensions>
     <gpxtpx:TrackPointExtension>
      <gpxtpx:hr>100</gpxtpx:hr>
      <gpxtpx:cad>0</gpxtpx:cad>
     </gpxtpx:TrackPointExtension>
    </extensions>
   </trkpt>
   <trkpt lat="51.8316500" lon="-1.5168550">
    <ele>162.0</ele>
    <time>2026-05-31T13:36:54Z</time>
    <extensions>
     <gpxtpx:TrackPointExtension>
      <gpxtpx:hr>96</gpxtpx:hr>
      <gpxtpx:cad>0</gpxtpx:cad>
     </gpxtpx:TrackPointExtension>
    </extensions>
   </trkpt>
   <trkpt lat="51.8316570" lon="-1.5168360">
    <ele>162.0</ele>
    <time>2026-05-31T13:36:57Z</time>
    <extensions>
     <gpxtpx:TrackPointExtension>
      <gpxtpx:hr>93</gpxtpx:hr>
      <gpxtpx:cad>0</gpxtpx:cad>
     </gpxtpx:TrackPointExtension>
    </extensions>
   </trkpt>
   <trkpt lat="51.8316650" lon="-1.5167640">
    <ele>162.2</ele>
    <time>2026-05-31T13:37:06Z</time>
    <extensions>
     <gpxtpx:TrackPointExtension>
      <gpxtpx:hr>91</gpxtpx:hr>
      <gpxtpx:cad>43</gpxtpx:cad>
     </gpxtpx:TrackPointExtension>
    </extensions>
   </trkpt>
   <trkpt lat="51.8316930" lon="-1.5166560">
    <ele>162.0</ele>
    <time>2026-05-31T13:37:15Z</time>
    <extensions>
     <gpxtpx:TrackPointExtension>
      <gpxtpx:hr>88</gpxtpx:hr>
      <gpxtpx:cad>48</gpxtpx:cad>
     </gpxtpx:TrackPointExtension>
    </extensions>
   </trkpt>
   <trkpt lat="51.8316850" lon="-1.5166250">
    <ele>162.0</ele>
    <time>2026-05-31T13:37:17Z</time>
    <extensions>
     <gpxtpx:TrackPointExtension>
      <gpxtpx:hr>89</gpxtpx:hr>
      <gpxtpx:cad>48</gpxtpx:cad>
     </gpxtpx:TrackPointExtension>
    </extensions>
   </trkpt>
   <trkpt lat="51.8316520" lon="-1.5165660">
    <ele>161.8</ele>
    <time>2026-05-31T13:37:23Z</time>
    <extensions>
     <gpxtpx:TrackPointExtension>
      <gpxtpx:hr>92</gpxtpx:hr>
      <gpxtpx:cad>0</gpxtpx:cad>
     </gpxtpx:TrackPointExtension>
    </extensions>
   </trkpt>
   <trkpt lat="51.8316430" lon="-1.5165430">
    <ele>161.8</ele>
    <time>2026-05-31T13:37:25Z</time>
    <extensions>
     <gpxtpx:TrackPointExtension>
      <gpxtpx:hr>91</gpxtpx:hr>
      <gpxtpx:cad>0</gpxtpx:cad>
     </gpxtpx:TrackPointExtension>
    </extensions>
   </trkpt>
   <trkpt lat="51.8315690" lon="-1.5164120">
    <ele>161.4</ele>
    <time>2026-05-31T13:37:33Z</time>
    <extensions>
     <gpxtpx:TrackPointExtension>
      <gpxtpx:hr>88</gpxtpx:hr>
      <gpxtpx:cad>0</gpxtpx:cad>
     </gpxtpx:TrackPointExtension>
    </extensions>
   </trkpt>
   <trkpt lat="51.8315470" lon="-1.5163430">
    <ele>161.4</ele>
    <time>2026-05-31T13:37:38Z</time>
    <extensions>
     <gpxtpx:TrackPointExtension>
      <gpxtpx:hr>91</gpxtpx:hr>
      <gpxtpx:cad>0</gpxtpx:cad>
     </gpxtpx:TrackPointExtension>
    </extensions>
   </trkpt>
   <trkpt lat="51.8315310" lon="-1.5162880">
    <ele>161.4</ele>
    <time>2026-05-31T13:37:42Z</time>
    <extensions>
     <gpxtpx:TrackPointExtension>
      <gpxtpx:hr>90</gpxtpx:hr>
      <gpxtpx:cad>0</gpxtpx:cad>
     </gpxtpx:TrackPointExtension>
    </extensions>
   </trkpt>
   <trkpt lat="51.8315220" lon="-1.5162530">
    <ele>161.4</ele>
    <time>2026-05-31T13:37:45Z</time>
    <extensions>
     <gpxtpx:TrackPointExtension>
      <gpxtpx:hr>87</gpxtpx:hr>
      <gpxtpx:cad>0</gpxtpx:cad>
     </gpxtpx:TrackPointExtension>
    </extensions>
   </trkpt>
   <trkpt lat="51.8315060" lon="-1.5162230">
    <ele>161.4</ele>
    <time>2026-05-31T13:37:48Z</time>
    <extensions>
     <gpxtpx:TrackPointExtension>
      <gpxtpx:hr>91</gpxtpx:hr>
      <gpxtpx:cad>0</gpxtpx:cad>
     </gpxtpx:TrackPointExtension>
    </extensions>
   </trkpt>
   <trkpt lat="51.8315030" lon="-1.5162120">
    <ele>161.4</ele>
    <time>2026-05-31T13:37:49Z</time>
    <extensions>
     <gpxtpx:TrackPointExtension>
      <gpxtpx:hr>87</gpxtpx:hr>
      <gpxtpx:cad>0</gpxtpx:cad>
     </gpxtpx:TrackPointExtension>
    </extensions>
   </trkpt>
   <trkpt lat="51.8315000" lon="-1.5161900">
    <ele>161.4</ele>
    <time>2026-05-31T13:37:51Z</time>
    <extensions>
     <gpxtpx:TrackPointExtension>
      <gpxtpx:hr>91</gpxtpx:hr>
      <gpxtpx:cad>50</gpxtpx:cad>
     </gpxtpx:TrackPointExtension>
    </extensions>
   </trkpt>
   <trkpt lat="51.8314980" lon="-1.5161770">
    <ele>161.2</ele>
    <time>2026-05-31T13:37:52Z</time>
    <extensions>
     <gpxtpx:TrackPointExtension>
      <gpxtpx:hr>92</gpxtpx:hr>
      <gpxtpx:cad>51</gpxtpx:cad>
     </gpxtpx:TrackPointExtension>
    </extensions>
   </trkpt>
   <trkpt lat="51.8314930" lon="-1.5161620">
    <ele>161.2</ele>
    <time>2026-05-31T13:37:53Z</time>
    <extensions>
     <gpxtpx:TrackPointExtension>
      <gpxtpx:hr>92</gpxtpx:hr>
      <gpxtpx:cad>51</gpxtpx:cad>
     </gpxtpx:TrackPointExtension>
    </extensions>
   </trkpt>
   <trkpt lat="51.8314590" lon="-1.5160420">
    <ele>161.0</ele>
    <time>2026-05-31T13:38:00Z</time>
    <extensions>
     <gpxtpx:TrackPointExtension>
      <gpxtpx:hr>91</gpxtpx:hr>
      <gpxtpx:cad>50</gpxtpx:cad>
     </gpxtpx:TrackPointExtension>
    </extensions>
   </trkpt>
   <trkpt lat="51.8314520" lon="-1.5159830">
    <ele>160.8</ele>
    <time>2026-05-31T13:38:07Z</time>
    <extensions>
     <gpxtpx:TrackPointExtension>
      <gpxtpx:hr>87</gpxtpx:hr>
      <gpxtpx:cad>48</gpxtpx:cad>
     </gpxtpx:TrackPointExtension>
    </extensions>
   </trkpt>
   <trkpt lat="51.8314450" lon="-1.5159700">
    <ele>160.8</ele>
    <time>2026-05-31T13:38:09Z</time>
    <extensions>
     <gpxtpx:TrackPointExtension>
      <gpxtpx:hr>88</gpxtpx:hr>
      <gpxtpx:cad>48</gpxtpx:cad>
     </gpxtpx:TrackPointExtension>
    </extensions>
   </trkpt>
   <trkpt lat="51.8314420" lon="-1.5159630">
    <ele>160.8</ele>
    <time>2026-05-31T13:38:10Z</time>
    <extensions>
     <gpxtpx:TrackPointExtension>
      <gpxtpx:hr>85</gpxtpx:hr>
      <gpxtpx:cad>48</gpxtpx:cad>
     </gpxtpx:TrackPointExtension>
    </extensions>
   </trkpt>
   <trkpt lat="51.8314380" lon="-1.5159560">
    <ele>160.8</ele>
    <time>2026-05-31T13:38:11Z</time>
    <extensions>
     <gpxtpx:TrackPointExtension>
      <gpxtpx:hr>88</gpxtpx:hr>
      <gpxtpx:cad>42</gpxtpx:cad>
     </gpxtpx:TrackPointExtension>
    </extensions>
   </trkpt>
   <trkpt lat="51.8314360" lon="-1.5159440">
    <ele>160.8</ele>
    <time>2026-05-31T13:38:12Z</time>
    <extensions>
     <gpxtpx:TrackPointExtension>
      <gpxtpx:hr>85</gpxtpx:hr>
      <gpxtpx:cad>42</gpxtpx:cad>
     </gpxtpx:TrackPointExtension>
    </extensions>
   </trkpt>
   <trkpt lat="51.8314340" lon="-1.5159220">
    <ele>160.8</ele>
    <time>2026-05-31T13:38:14Z</time>
    <extensions>
     <gpxtpx:TrackPointExtension>
      <gpxtpx:hr>88</gpxtpx:hr>
      <gpxtpx:cad>42</gpxtpx:cad>
     </gpxtpx:TrackPointExtension>
    </extensions>
   </trkpt>
   <trkpt lat="51.8314220" lon="-1.5159140">
    <ele>160.8</ele>
    <time>2026-05-31T13:38:18Z</time>
    <extensions>
     <gpxtpx:TrackPointExtension>
      <gpxtpx:hr>92</gpxtpx:hr>
      <gpxtpx:cad>0</gpxtpx:cad>
     </gpxtpx:TrackPointExtension>
    </extensions>
   </trkpt>
   <trkpt lat="51.8314140" lon="-1.5159030">
    <ele>160.6</ele>
    <time>2026-05-31T13:38:20Z</time>
    <extensions>
     <gpxtpx:TrackPointExtension>
      <gpxtpx:hr>91</gpxtpx:hr>
      <gpxtpx:cad>43</gpxtpx:cad>
     </gpxtpx:TrackPointExtension>
    </extensions>
   </trkpt>
   <trkpt lat="51.8313560" lon="-1.5158080">
    <ele>160.6</ele>
    <time>2026-05-31T13:38:27Z</time>
    <extensions>
     <gpxtpx:TrackPointExtension>
      <gpxtpx:hr>89</gpxtpx:hr>
      <gpxtpx:cad>0</gpxtpx:cad>
     </gpxtpx:TrackPointExtension>
    </extensions>
   </trkpt>
   <trkpt lat="51.8313390" lon="-1.5157770">
    <ele>160.6</ele>
    <time>2026-05-31T13:38:29Z</time>
    <extensions>
     <gpxtpx:TrackPointExtension>
      <gpxtpx:hr>91</gpxtpx:hr>
      <gpxtpx:cad>0</gpxtpx:cad>
     </gpxtpx:TrackPointExtension>
    </extensions>
   </trkpt>
   <trkpt lat="51.8313140" lon="-1.5156970">
    <ele>160.4</ele>
    <time>2026-05-31T13:38:35Z</time>
    <extensions>
     <gpxtpx:TrackPointExtension>
      <gpxtpx:hr>94</gpxtpx:hr>
      <gpxtpx:cad>43</gpxtpx:cad>
     </gpxtpx:TrackPointExtension>
    </extensions>
   </trkpt>
   <trkpt lat="51.8312920" lon="-1.5156450">
    <ele>160.4</ele>
    <time>2026-05-31T13:38:39Z</time>
    <extensions>
     <gpxtpx:TrackPointExtension>
      <gpxtpx:hr>95</gpxtpx:hr>
      <gpxtpx:cad>45</gpxtpx:cad>
     </gpxtpx:TrackPointExtension>
    </extensions>
   </trkpt>
   <trkpt lat="51.8312620" lon="-1.5155500">
    <ele>160.4</ele>
    <time>2026-05-31T13:38:47Z</time>
    <extensions>
     <gpxtpx:TrackPointExtension>
      <gpxtpx:hr>97</gpxtpx:hr>
      <gpxtpx:cad>41</gpxtpx:cad>
     </gpxtpx:TrackPointExtension>
    </extensions>
   </trkpt>
   <trkpt lat="51.8312680" lon="-1.5153920">
    <ele>159.8</ele>
    <time>2026-05-31T13:38:55Z</time>
    <extensions>
     <gpxtpx:TrackPointExtension>
      <gpxtpx:hr>96</gpxtpx:hr>
      <gpxtpx:cad>50</gpxtpx:cad>
     </gpxtpx:TrackPointExtension>
    </extensions>
   </trkpt>
   <trkpt lat="51.8312470" lon="-1.5152850">
    <ele>159.8</ele>
    <time>2026-05-31T13:39:03Z</time>
    <extensions>
     <gpxtpx:TrackPointExtension>
      <gpxtpx:hr>95</gpxtpx:hr>
      <gpxtpx:cad>49</gpxtpx:cad>
     </gpxtpx:TrackPointExtension>
    </extensions>
   </trkpt>
   <trkpt lat="51.8312370" lon="-1.5152180">
    <ele>159.8</ele>
    <time>2026-05-31T13:39:07Z</time>
    <extensions>
     <gpxtpx:TrackPointExtension>
      <gpxtpx:hr>96</gpxtpx:hr>
      <gpxtpx:cad>49</gpxtpx:cad>
     </gpxtpx:TrackPointExtension>
    </extensions>
   </trkpt>
   <trkpt lat="51.8312290" lon="-1.5151420">
    <ele>159.6</ele>
    <time>2026-05-31T13:39:11Z</time>
    <extensions>
     <gpxtpx:TrackPointExtension>
      <gpxtpx:hr>94</gpxtpx:hr>
      <gpxtpx:cad>55</gpxtpx:cad>
     </gpxtpx:TrackPointExtension>
    </extensions>
   </trkpt>
   <trkpt lat="51.8312210" lon="-1.5151160">
    <ele>159.6</ele>
    <time>2026-05-31T13:39:13Z</time>
    <extensions>
     <gpxtpx:TrackPointExtension>
      <gpxtpx:hr>96</gpxtpx:hr>
      <gpxtpx:cad>55</gpxtpx:cad>
     </gpxtpx:TrackPointExtension>
    </extensions>
   </trkpt>
   <trkpt lat="51.8312030" lon="-1.5150490">
    <ele>159.4</ele>
    <time>2026-05-31T13:39:19Z</time>
    <extensions>
     <gpxtpx:TrackPointExtension>
      <gpxtpx:hr>93</gpxtpx:hr>
      <gpxtpx:cad>51</gpxtpx:cad>
     </gpxtpx:TrackPointExtension>
    </extensions>
   </trkpt>
   <trkpt lat="51.8311900" lon="-1.5150180">
    <ele>159.4</ele>
    <time>2026-05-31T13:39:22Z</time>
    <extensions>
     <gpxtpx:TrackPointExtension>
      <gpxtpx:hr>90</gpxtpx:hr>
      <gpxtpx:cad>50</gpxtpx:cad>
     </gpxtpx:TrackPointExtension>
    </extensions>
   </trkpt>
   <trkpt lat="51.8311810" lon="-1.5149810">
    <ele>159.2</ele>
    <time>2026-05-31T13:39:25Z</time>
    <extensions>
     <gpxtpx:TrackPointExtension>
      <gpxtpx:hr>93</gpxtpx:hr>
      <gpxtpx:cad>55</gpxtpx:cad>
     </gpxtpx:TrackPointExtension>
    </extensions>
   </trkpt>
   <trkpt lat="51.8311440" lon="-1.5148880">
    <ele>159.2</ele>
    <time>2026-05-31T13:39:31Z</time>
    <extensions>
     <gpxtpx:TrackPointExtension>
      <gpxtpx:hr>94</gpxtpx:hr>
      <gpxtpx:cad>52</gpxtpx:cad>
     </gpxtpx:TrackPointExtension>
    </extensions>
   </trkpt>
   <trkpt lat="51.8311070" lon="-1.5147360">
    <ele>159.0</ele>
    <time>2026-05-31T13:39:37Z</time>
    <extensions>
     <gpxtpx:TrackPointExtension>
      <gpxtpx:hr>94</gpxtpx:hr>
      <gpxtpx:cad>0</gpxtpx:cad>
     </gpxtpx:TrackPointExtension>
    </extensions>
   </trkpt>
   <trkpt lat="51.8310690" lon="-1.5146210">
    <ele>159.0</ele>
    <time>2026-05-31T13:39:40Z</time>
    <extensions>
     <gpxtpx:TrackPointExtension>
      <gpxtpx:hr>99</gpxtpx:hr>
      <gpxtpx:cad>81</gpxtpx:cad>
     </gpxtpx:TrackPointExtension>
    </extensions>
   </trkpt>
   <trkpt lat="51.8310530" lon="-1.5145640">
    <ele>159.0</ele>
    <time>2026-05-31T13:39:41Z</time>
    <extensions>
     <gpxtpx:TrackPointExtension>
      <gpxtpx:hr>103</gpxtpx:hr>
      <gpxtpx:cad>81</gpxtpx:cad>
     </gpxtpx:TrackPointExtension>
    </extensions>
   </trkpt>
   <trkpt lat="51.8310410" lon="-1.5145290">
    <ele>159.0</ele>
    <time>2026-05-31T13:39:42Z</time>
    <extensions>
     <gpxtpx:TrackPointExtension>
      <gpxtpx:hr>107</gpxtpx:hr>
      <gpxtpx:cad>81</gpxtpx:cad>
     </gpxtpx:TrackPointExtension>
    </extensions>
   </trkpt>
   <trkpt lat="51.8310140" lon="-1.5144750">
    <ele>158.8</ele>
    <time>2026-05-31T13:39:44Z</time>
    <extensions>
     <gpxtpx:TrackPointExtension>
      <gpxtpx:hr>111</gpxtpx:hr>
      <gpxtpx:cad>81</gpxtpx:cad>
     </gpxtpx:TrackPointExtension>
    </extensions>
   </trkpt>
   <trkpt lat="51.8310070" lon="-1.5144580">
    <ele>158.8</ele>
    <time>2026-05-31T13:39:45Z</time>
    <extensions>
     <gpxtpx:TrackPointExtension>
      <gpxtpx:hr>114</gpxtpx:hr>
      <gpxtpx:cad>81</gpxtpx:cad>
     </gpxtpx:TrackPointExtension>
    </extensions>
   </trkpt>
   <trkpt lat="51.8309940" lon="-1.5144370">
    <ele>158.8</ele>
    <time>2026-05-31T13:39:47Z</time>
    <extensions>
     <gpxtpx:TrackPointExtension>
      <gpxtpx:hr>117</gpxtpx:hr>
      <gpxtpx:cad>81</gpxtpx:cad>
     </gpxtpx:TrackPointExtension>
    </extensions>
   </trkpt>
   <trkpt lat="51.8309740" lon="-1.5144170">
    <ele>158.6</ele>
    <time>2026-05-31T13:39:49Z</time>
    <extensions>
     <gpxtpx:TrackPointExtension>
      <gpxtpx:hr>120</gpxtpx:hr>
      <gpxtpx:cad>81</gpxtpx:cad>
     </gpxtpx:TrackPointExtension>
    </extensions>
   </trkpt>
   <trkpt lat="51.8309560" lon="-1.5143800">
    <ele>158.4</ele>
    <time>2026-05-31T13:39:52Z</time>
    <extensions>
     <gpxtpx:TrackPointExtension>
      <gpxtpx:hr>125</gpxtpx:hr>
      <gpxtpx:cad>55</gpxtpx:cad>
     </gpxtpx:TrackPointExtension>
    </extensions>
   </trkpt>
   <trkpt lat="51.8309440" lon="-1.5143500">
    <ele>158.4</ele>
    <time>2026-05-31T13:39:54Z</time>
    <extensions>
     <gpxtpx:TrackPointExtension>
      <gpxtpx:hr>126</gpxtpx:hr>
      <gpxtpx:cad>55</gpxtpx:cad>
     </gpxtpx:TrackPointExtension>
    </extensions>
   </trkpt>
   <trkpt lat="51.8309300" lon="-1.5143300">
    <ele>158.2</ele>
    <time>2026-05-31T13:39:56Z</time>
    <extensions>
     <gpxtpx:TrackPointExtension>
      <gpxtpx:hr>130</gpxtpx:hr>
      <gpxtpx:cad>51</gpxtpx:cad>
     </gpxtpx:TrackPointExtension>
    </extensions>
   </trkpt>
   <trkpt lat="51.8308980" lon="-1.5142940">
    <ele>158.2</ele>
    <time>2026-05-31T13:39:59Z</time>
    <extensions>
     <gpxtpx:TrackPointExtension>
      <gpxtpx:hr>133</gpxtpx:hr>
      <gpxtpx:cad>51</gpxtpx:cad>
     </gpxtpx:TrackPointExtension>
    </extensions>
   </trkpt>
   <trkpt lat="51.8308510" lon="-1.5142380">
    <ele>158.0</ele>
    <time>2026-05-31T13:40:03Z</time>
    <extensions>
     <gpxtpx:TrackPointExtension>
      <gpxtpx:hr>131</gpxtpx:hr>
      <gpxtpx:cad>45</gpxtpx:cad>
     </gpxtpx:TrackPointExtension>
    </extensions>
   </trkpt>
   <trkpt lat="51.8308190" lon="-1.5141580">
    <ele>157.8</ele>
    <time>2026-05-31T13:40:08Z</time>
    <extensions>
     <gpxtpx:TrackPointExtension>
      <gpxtpx:hr>127</gpxtpx:hr>
      <gpxtpx:cad>53</gpxtpx:cad>
     </gpxtpx:TrackPointExtension>
    </extensions>
   </trkpt>
   <trkpt lat="51.8307940" lon="-1.5140780">
    <ele>157.6</ele>
    <time>2026-05-31T13:40:12Z</time>
    <extensions>
     <gpxtpx:TrackPointExtension>
      <gpxtpx:hr>125</gpxtpx:hr>
      <gpxtpx:cad>53</gpxtpx:cad>
     </gpxtpx:TrackPointExtension>
    </extensions>
   </trkpt>
   <trkpt lat="51.8307990" lon="-1.5139640">
    <ele>157.6</ele>
    <time>2026-05-31T13:40:15Z</time>
    <extensions>
     <gpxtpx:TrackPointExtension>
      <gpxtpx:hr>122</gpxtpx:hr>
      <gpxtpx:cad>53</gpxtpx:cad>
     </gpxtpx:TrackPointExtension>
    </extensions>
   </trkpt>
   <trkpt lat="51.8307990" lon="-1.5138720">
    <ele>157.4</ele>
    <time>2026-05-31T13:40:20Z</time>
    <extensions>
     <gpxtpx:TrackPointExtension>
      <gpxtpx:hr>119</gpxtpx:hr>
      <gpxtpx:cad>51</gpxtpx:cad>
     </gpxtpx:TrackPointExtension>
    </extensions>
   </trkpt>
   <trkpt lat="51.8308030" lon="-1.5138340">
    <ele>157.4</ele>
    <time>2026-05-31T13:40:23Z</time>
    <extensions>
     <gpxtpx:TrackPointExtension>
      <gpxtpx:hr>116</gpxtpx:hr>
      <gpxtpx:cad>53</gpxtpx:cad>
     </gpxtpx:TrackPointExtension>
    </extensions>
   </trkpt>
   <trkpt lat="51.8308040" lon="-1.5138030">
    <ele>157.4</ele>
    <time>2026-05-31T13:40:25Z</time>
    <extensions>
     <gpxtpx:TrackPointExtension>
      <gpxtpx:hr>112</gpxtpx:hr>
      <gpxtpx:cad>51</gpxtpx:cad>
     </gpxtpx:TrackPointExtension>
    </extensions>
   </trkpt>
   <trkpt lat="51.8307990" lon="-1.5137610">
    <ele>157.4</ele>
    <time>2026-05-31T13:40:27Z</time>
    <extensions>
     <gpxtpx:TrackPointExtension>
      <gpxtpx:hr>109</gpxtpx:hr>
      <gpxtpx:cad>51</gpxtpx:cad>
     </gpxtpx:TrackPointExtension>
    </extensions>
   </trkpt>
   <trkpt lat="51.8307980" lon="-1.5137180">
    <ele>157.4</ele>
    <time>2026-05-31T13:40:29Z</time>
    <extensions>
     <gpxtpx:TrackPointExtension>
      <gpxtpx:hr>107</gpxtpx:hr>
      <gpxtpx:cad>51</gpxtpx:cad>
     </gpxtpx:TrackPointExtension>
    </extensions>
   </trkpt>
   <trkpt lat="51.8307890" lon="-1.5135880">
    <ele>157.4</ele>
    <time>2026-05-31T13:40:36Z</time>
    <extensions>
     <gpxtpx:TrackPointExtension>
      <gpxtpx:hr>106</gpxtpx:hr>
      <gpxtpx:cad>49</gpxtpx:cad>
     </gpxtpx:TrackPointExtension>
    </extensions>
   </trkpt>
   <trkpt lat="51.8307930" lon="-1.5135460">
    <ele>157.2</ele>
    <time>2026-05-31T13:40:39Z</time>
    <extensions>
     <gpxtpx:TrackPointExtension>
      <gpxtpx:hr>103</gpxtpx:hr>
      <gpxtpx:cad>54</gpxtpx:cad>
     </gpxtpx:TrackPointExtension>
    </extensions>
   </trkpt>
   <trkpt lat="51.8307990" lon="-1.5134070">
    <ele>156.8</ele>
    <time>2026-05-31T13:40:46Z</time>
    <extensions>
     <gpxtpx:TrackPointExtension>
      <gpxtpx:hr>104</gpxtpx:hr>
      <gpxtpx:cad>55</gpxtpx:cad>
     </gpxtpx:TrackPointExtension>
    </extensions>
   </trkpt>
   <trkpt lat="51.8307990" lon="-1.5133510">
    <ele>156.6</ele>
    <time>2026-05-31T13:40:49Z</time>
    <extensions>
     <gpxtpx:TrackPointExtension>
      <gpxtpx:hr>101</gpxtpx:hr>
      <gpxtpx:cad>55</gpxtpx:cad>
     </gpxtpx:TrackPointExtension>
    </extensions>
   </trkpt>
   <trkpt lat="51.8307930" lon="-1.5132930">
    <ele>156.6</ele>
    <time>2026-05-31T13:40:52Z</time>
    <extensions>
     <gpxtpx:TrackPointExtension>
      <gpxtpx:hr>100</gpxtpx:hr>
      <gpxtpx:cad>56</gpxtpx:cad>
     </gpxtpx:TrackPointExtension>
    </extensions>
   </trkpt>
   <trkpt lat="51.8307860" lon="-1.5132440">
    <ele>156.2</ele>
    <time>2026-05-31T13:40:55Z</time>
    <extensions>
     <gpxtpx:TrackPointExtension>
      <gpxtpx:hr>99</gpxtpx:hr>
      <gpxtpx:cad>53</gpxtpx:cad>
     </gpxtpx:TrackPointExtension>
    </extensions>
   </trkpt>
   <trkpt lat="51.8307800" lon="-1.5132290">
    <ele>156.2</ele>
    <time>2026-05-31T13:40:56Z</time>
    <extensions>
     <gpxtpx:TrackPointExtension>
      <gpxtpx:hr>98</gpxtpx:hr>
      <gpxtpx:cad>52</gpxtpx:cad>
     </gpxtpx:TrackPointExtension>
    </extensions>
   </trkpt>
   <trkpt lat="51.8307630" lon="-1.5131350">
    <ele>156.0</ele>
    <time>2026-05-31T13:41:02Z</time>
    <extensions>
     <gpxtpx:TrackPointExtension>
      <gpxtpx:hr>96</gpxtpx:hr>
      <gpxtpx:cad>54</gpxtpx:cad>
     </gpxtpx:TrackPointExtension>
    </extensions>
   </trkpt>
   <trkpt lat="51.8307140" lon="-1.5130020">
    <ele>155.6</ele>
    <time>2026-05-31T13:41:11Z</time>
    <extensions>
     <gpxtpx:TrackPointExtension>
      <gpxtpx:hr>94</gpxtpx:hr>
      <gpxtpx:cad>53</gpxtpx:cad>
     </gpxtpx:TrackPointExtension>
    </extensions>
   </trkpt>
   <trkpt lat="51.8307010" lon="-1.5129330">
    <ele>155.6</ele>
    <time>2026-05-31T13:41:15Z</time>
    <extensions>
     <gpxtpx:TrackPointExtension>
      <gpxtpx:hr>93</gpxtpx:hr>
      <gpxtpx:cad>50</gpxtpx:cad>
     </gpxtpx:TrackPointExtension>
    </extensions>
   </trkpt>
   <trkpt lat="51.8306780" lon="-1.5128330">
    <ele>155.2</ele>
    <time>2026-05-31T13:41:21Z</time>
    <extensions>
     <gpxtpx:TrackPointExtension>
      <gpxtpx:hr>91</gpxtpx:hr>
      <gpxtpx:cad>52</gpxtpx:cad>
     </gpxtpx:TrackPointExtension>
    </extensions>
   </trkpt>
   <trkpt lat="51.8306630" lon="-1.5127970">
    <ele>155.0</ele>
    <time>2026-05-31T13:41:24Z</time>
    <extensions>
     <gpxtpx:TrackPointExtension>
      <gpxtpx:hr>87</gpxtpx:hr>
      <gpxtpx:cad>52</gpxtpx:cad>
     </gpxtpx:TrackPointExtension>
    </extensions>
   </trkpt>
   <trkpt lat="51.8306530" lon="-1.5127810">
    <ele>154.8</ele>
    <time>2026-05-31T13:41:25Z</time>
    <extensions>
     <gpxtpx:TrackPointExtension>
      <gpxtpx:hr>87</gpxtpx:hr>
      <gpxtpx:cad>53</gpxtpx:cad>
     </gpxtpx:TrackPointExtension>
    </extensions>
   </trkpt>
   <trkpt lat="51.8306400" lon="-1.5127100">
    <ele>154.6</ele>
    <time>2026-05-31T13:41:29Z</time>
    <extensions>
     <gpxtpx:TrackPointExtension>
      <gpxtpx:hr>84</gpxtpx:hr>
      <gpxtpx:cad>51</gpxtpx:cad>
     </gpxtpx:TrackPointExtension>
    </extensions>
   </trkpt>
   <trkpt lat="51.8306140" lon="-1.5126380">
    <ele>154.6</ele>
    <time>2026-05-31T13:41:33Z</time>
    <extensions>
     <gpxtpx:TrackPointExtension>
      <gpxtpx:hr>85</gpxtpx:hr>
      <gpxtpx:cad>50</gpxtpx:cad>
     </gpxtpx:TrackPointExtension>
    </extensions>
   </trkpt>
   <trkpt lat="51.8306110" lon="-1.5126220">
    <ele>154.4</ele>
    <time>2026-05-31T13:41:34Z</time>
    <extensions>
     <gpxtpx:TrackPointExtension>
      <gpxtpx:hr>86</gpxtpx:hr>
      <gpxtpx:cad>53</gpxtpx:cad>
     </gpxtpx:TrackPointExtension>
    </extensions>
   </trkpt>
   <trkpt lat="51.8306000" lon="-1.5125370">
    <ele>154.2</ele>
    <time>2026-05-31T13:41:39Z</time>
    <extensions>
     <gpxtpx:TrackPointExtension>
      <gpxtpx:hr>87</gpxtpx:hr>
      <gpxtpx:cad>53</gpxtpx:cad>
     </gpxtpx:TrackPointExtension>
    </extensions>
   </trkpt>
   <trkpt lat="51.8305800" lon="-1.5124500">
    <ele>154.0</ele>
    <time>2026-05-31T13:41:44Z</time>
    <extensions>
     <gpxtpx:TrackPointExtension>
      <gpxtpx:hr>86</gpxtpx:hr>
      <gpxtpx:cad>54</gpxtpx:cad>
     </gpxtpx:TrackPointExtension>
    </extensions>
   </trkpt>
   <trkpt lat="51.8305730" lon="-1.5124180">
    <ele>154.0</ele>
    <time>2026-05-31T13:41:46Z</time>
    <extensions>
     <gpxtpx:TrackPointExtension>
      <gpxtpx:hr>83</gpxtpx:hr>
      <gpxtpx:cad>54</gpxtpx:cad>
     </gpxtpx:TrackPointExtension>
    </extensions>
   </trkpt>
   <trkpt lat="51.8305590" lon="-1.5123070">
    <ele>153.4</ele>
    <time>2026-05-31T13:41:53Z</time>
    <extensions>
     <gpxtpx:TrackPointExtension>
      <gpxtpx:hr>82</gpxtpx:hr>
      <gpxtpx:cad>49</gpxtpx:cad>
     </gpxtpx:TrackPointExtension>
    </extensions>
   </trkpt>
   <trkpt lat="51.8305580" lon="-1.5122810">
    <ele>153.4</ele>
    <time>2026-05-31T13:41:55Z</time>
    <extensions>
     <gpxtpx:TrackPointExtension>
      <gpxtpx:hr>80</gpxtpx:hr>
      <gpxtpx:cad>52</gpxtpx:cad>
     </gpxtpx:TrackPointExtension>
    </extensions>
   </trkpt>
   <trkpt lat="51.8305400" lon="-1.5122180">
    <ele>153.0</ele>
    <time>2026-05-31T13:41:59Z</time>
    <extensions>
     <gpxtpx:TrackPointExtension>
      <gpxtpx:hr>84</gpxtpx:hr>
      <gpxtpx:cad>53</gpxtpx:cad>
     </gpxtpx:TrackPointExtension>
    </extensions>
   </trkpt>
   <trkpt lat="51.8305340" lon="-1.5121730">
    <ele>152.6</ele>
    <time>2026-05-31T13:42:02Z</time>
    <extensions>
     <gpxtpx:TrackPointExtension>
      <gpxtpx:hr>84</gpxtpx:hr>
      <gpxtpx:cad>53</gpxtpx:cad>
     </gpxtpx:TrackPointExtension>
    </extensions>
   </trkpt>
   <trkpt lat="51.8305130" lon="-1.5120920">
    <ele>152.6</ele>
    <time>2026-05-31T13:42:06Z</time>
    <extensions>
     <gpxtpx:TrackPointExtension>
      <gpxtpx:hr>81</gpxtpx:hr>
      <gpxtpx:cad>52</gpxtpx:cad>
     </gpxtpx:TrackPointExtension>
    </extensions>
   </trkpt>
   <trkpt lat="51.8305070" lon="-1.5120630">
    <ele>152.4</ele>
    <time>2026-05-31T13:42:08Z</time>
    <extensions>
     <gpxtpx:TrackPointExtension>
      <gpxtpx:hr>83</gpxtpx:hr>
      <gpxtpx:cad>52</gpxtpx:cad>
     </gpxtpx:TrackPointExtension>
    </extensions>
   </trkpt>
   <trkpt lat="51.8305010" lon="-1.5120300">
    <ele>152.2</ele>
    <time>2026-05-31T13:42:11Z</time>
    <extensions>
     <gpxtpx:TrackPointExtension>
      <gpxtpx:hr>82</gpxtpx:hr>
      <gpxtpx:cad>51</gpxtpx:cad>
     </gpxtpx:TrackPointExtension>
    </extensions>
   </trkpt>
   <trkpt lat="51.8304740" lon="-1.5119180">
    <ele>152.2</ele>
    <time>2026-05-31T13:42:17Z</time>
    <extensions>
     <gpxtpx:TrackPointExtension>
      <gpxtpx:hr>85</gpxtpx:hr>
      <gpxtpx:cad>56</gpxtpx:cad>
     </gpxtpx:TrackPointExtension>
    </extensions>
   </trkpt>
   <trkpt lat="51.8304670" lon="-1.5118910">
    <ele>152.0</ele>
    <time>2026-05-31T13:42:19Z</time>
    <extensions>
     <gpxtpx:TrackPointExtension>
      <gpxtpx:hr>83</gpxtpx:hr>
      <gpxtpx:cad>57</gpxtpx:cad>
     </gpxtpx:TrackPointExtension>
    </extensions>
   </trkpt>
   <trkpt lat="51.8304550" lon="-1.5118430">
    <ele>152.0</ele>
    <time>2026-05-31T13:42:22Z</time>
    <extensions>
     <gpxtpx:TrackPointExtension>
      <gpxtpx:hr>80</gpxtpx:hr>
      <gpxtpx:cad>52</gpxtpx:cad>
     </gpxtpx:TrackPointExtension>
    </extensions>
   </trkpt>
   <trkpt lat="51.8304480" lon="-1.5118270">
    <ele>151.8</ele>
    <time>2026-05-31T13:42:23Z</time>
    <extensions>
     <gpxtpx:TrackPointExtension>
      <gpxtpx:hr>83</gpxtpx:hr>
      <gpxtpx:cad>52</gpxtpx:cad>
     </gpxtpx:TrackPointExtension>
    </extensions>
   </trkpt>
   <trkpt lat="51.8304320" lon="-1.5117750">
    <ele>151.6</ele>
    <time>2026-05-31T13:42:28Z</time>
    <extensions>
     <gpxtpx:TrackPointExtension>
      <gpxtpx:hr>80</gpxtpx:hr>
      <gpxtpx:cad>54</gpxtpx:cad>
     </gpxtpx:TrackPointExtension>
    </extensions>
   </trkpt>
   <trkpt lat="51.8304290" lon="-1.5117640">
    <ele>151.6</ele>
    <time>2026-05-31T13:42:29Z</time>
    <extensions>
     <gpxtpx:TrackPointExtension>
      <gpxtpx:hr>80</gpxtpx:hr>
      <gpxtpx:cad>57</gpxtpx:cad>
     </gpxtpx:TrackPointExtension>
    </extensions>
   </trkpt>
   <trkpt lat="51.8304320" lon="-1.5117420">
    <ele>151.4</ele>
    <time>2026-05-31T13:42:31Z</time>
    <extensions>
     <gpxtpx:TrackPointExtension>
      <gpxtpx:hr>79</gpxtpx:hr>
      <gpxtpx:cad>55</gpxtpx:cad>
     </gpxtpx:TrackPointExtension>
    </extensions>
   </trkpt>
   <trkpt lat="51.8304300" lon="-1.5117140">
    <ele>151.2</ele>
    <time>2026-05-31T13:42:34Z</time>
    <extensions>
     <gpxtpx:TrackPointExtension>
      <gpxtpx:hr>76</gpxtpx:hr>
      <gpxtpx:cad>55</gpxtpx:cad>
     </gpxtpx:TrackPointExtension>
    </extensions>
   </trkpt>
   <trkpt lat="51.8304140" lon="-1.5116540">
    <ele>151.0</ele>
    <time>2026-05-31T13:42:38Z</time>
    <extensions>
     <gpxtpx:TrackPointExtension>
      <gpxtpx:hr>77</gpxtpx:hr>
      <gpxtpx:cad>55</gpxtpx:cad>
     </gpxtpx:TrackPointExtension>
    </extensions>
   </trkpt>
   <trkpt lat="51.8304060" lon="-1.5115950">
    <ele>150.8</ele>
    <time>2026-05-31T13:42:41Z</time>
    <extensions>
     <gpxtpx:TrackPointExtension>
      <gpxtpx:hr>74</gpxtpx:hr>
      <gpxtpx:cad>43</gpxtpx:cad>
     </gpxtpx:TrackPointExtension>
    </extensions>
   </trkpt>
   <trkpt lat="51.8304000" lon="-1.5115570">
    <ele>150.8</ele>
    <time>2026-05-31T13:42:43Z</time>
    <extensions>
     <gpxtpx:TrackPointExtension>
      <gpxtpx:hr>78</gpxtpx:hr>
      <gpxtpx:cad>0</gpxtpx:cad>
     </gpxtpx:TrackPointExtension>
    </extensions>
   </trkpt>
   <trkpt lat="51.8303800" lon="-1.5115240">
    <ele>150.6</ele>
    <time>2026-05-31T13:42:45Z</time>
    <extensions>
     <gpxtpx:TrackPointExtension>
      <gpxtpx:hr>82</gpxtpx:hr>
      <gpxtpx:cad>0</gpxtpx:cad>
     </gpxtpx:TrackPointExtension>
    </extensions>
   </trkpt>
   <trkpt lat="51.8303770" lon="-1.5115130">
    <ele>150.6</ele>
    <time>2026-05-31T13:42:46Z</time>
    <extensions>
     <gpxtpx:TrackPointExtension>
      <gpxtpx:hr>87</gpxtpx:hr>
      <gpxtpx:cad>0</gpxtpx:cad>
     </gpxtpx:TrackPointExtension>
    </extensions>
   </trkpt>
   <trkpt lat="51.8303740" lon="-1.5115020">
    <ele>150.6</ele>
    <time>2026-05-31T13:42:47Z</time>
    <extensions>
     <gpxtpx:TrackPointExtension>
      <gpxtpx:hr>86</gpxtpx:hr>
      <gpxtpx:cad>0</gpxtpx:cad>
     </gpxtpx:TrackPointExtension>
    </extensions>
   </trkpt>
   <trkpt lat="51.8303510" lon="-1.5113900">
    <ele>150.4</ele>
    <time>2026-05-31T13:42:55Z</time>
    <extensions>
     <gpxtpx:TrackPointExtension>
      <gpxtpx:hr>85</gpxtpx:hr>
      <gpxtpx:cad>0</gpxtpx:cad>
     </gpxtpx:TrackPointExtension>
    </extensions>
   </trkpt>
   <trkpt lat="51.8303350" lon="-1.5113000">
    <ele>150.0</ele>
    <time>2026-05-31T13:43:00Z</time>
    <extensions>
     <gpxtpx:TrackPointExtension>
      <gpxtpx:hr>89</gpxtpx:hr>
      <gpxtpx:cad>0</gpxtpx:cad>
     </gpxtpx:TrackPointExtension>
    </extensions>
   </trkpt>
   <trkpt lat="51.8303320" lon="-1.5112870">
    <ele>150.0</ele>
    <time>2026-05-31T13:43:01Z</time>
    <extensions>
     <gpxtpx:TrackPointExtension>
      <gpxtpx:hr>86</gpxtpx:hr>
      <gpxtpx:cad>0</gpxtpx:cad>
     </gpxtpx:TrackPointExtension>
    </extensions>
   </trkpt>
   <trkpt lat="51.8303220" lon="-1.5112360">
    <ele>150.0</ele>
    <time>2026-05-31T13:43:04Z</time>
    <extensions>
     <gpxtpx:TrackPointExtension>
      <gpxtpx:hr>83</gpxtpx:hr>
      <gpxtpx:cad>50</gpxtpx:cad>
     </gpxtpx:TrackPointExtension>
    </extensions>
   </trkpt>
   <trkpt lat="51.8303170" lon="-1.5112200">
    <ele>150.0</ele>
    <time>2026-05-31T13:43:05Z</time>
    <extensions>
     <gpxtpx:TrackPointExtension>
      <gpxtpx:hr>84</gpxtpx:hr>
      <gpxtpx:cad>50</gpxtpx:cad>
     </gpxtpx:TrackPointExtension>
    </extensions>
   </trkpt>
   <trkpt lat="51.8303130" lon="-1.5112030">
    <ele>150.0</ele>
    <time>2026-05-31T13:43:06Z</time>
    <extensions>
     <gpxtpx:TrackPointExtension>
      <gpxtpx:hr>81</gpxtpx:hr>
      <gpxtpx:cad>50</gpxtpx:cad>
     </gpxtpx:TrackPointExtension>
    </extensions>
   </trkpt>
   <trkpt lat="51.8302960" lon="-1.5111440">
    <ele>149.8</ele>
    <time>2026-05-31T13:43:10Z</time>
    <extensions>
     <gpxtpx:TrackPointExtension>
      <gpxtpx:hr>85</gpxtpx:hr>
      <gpxtpx:cad>51</gpxtpx:cad>
     </gpxtpx:TrackPointExtension>
    </extensions>
   </trkpt>
   <trkpt lat="51.8302750" lon="-1.5110860">
    <ele>149.8</ele>
    <time>2026-05-31T13:43:14Z</time>
    <extensions>
     <gpxtpx:TrackPointExtension>
      <gpxtpx:hr>82</gpxtpx:hr>
      <gpxtpx:cad>51</gpxtpx:cad>
     </gpxtpx:TrackPointExtension>
    </extensions>
   </trkpt>
   <trkpt lat="51.8302580" lon="-1.5110410">
    <ele>149.8</ele>
    <time>2026-05-31T13:43:17Z</time>
    <extensions>
     <gpxtpx:TrackPointExtension>
      <gpxtpx:hr>86</gpxtpx:hr>
      <gpxtpx:cad>50</gpxtpx:cad>
     </gpxtpx:TrackPointExtension>
    </extensions>
   </trkpt>
   <trkpt lat="51.8302540" lon="-1.5110250">
    <ele>149.8</ele>
    <time>2026-05-31T13:43:18Z</time>
    <extensions>
     <gpxtpx:TrackPointExtension>
      <gpxtpx:hr>91</gpxtpx:hr>
      <gpxtpx:cad>49</gpxtpx:cad>
     </gpxtpx:TrackPointExtension>
    </extensions>
   </trkpt>
   <trkpt lat="51.8302380" lon="-1.5109810">
    <ele>149.6</ele>
    <time>2026-05-31T13:43:21Z</time>
    <extensions>
     <gpxtpx:TrackPointExtension>
      <gpxtpx:hr>94</gpxtpx:hr>
      <gpxtpx:cad>51</gpxtpx:cad>
     </gpxtpx:TrackPointExtension>
    </extensions>
   </trkpt>
   <trkpt lat="51.8302340" lon="-1.5109340">
    <ele>149.4</ele>
    <time>2026-05-31T13:43:24Z</time>
    <extensions>
     <gpxtpx:TrackPointExtension>
      <gpxtpx:hr>96</gpxtpx:hr>
      <gpxtpx:cad>52</gpxtpx:cad>
     </gpxtpx:TrackPointExtension>
    </extensions>
   </trkpt>
   <trkpt lat="51.8302320" lon="-1.5109170">
    <ele>149.4</ele>
    <time>2026-05-31T13:43:25Z</time>
    <extensions>
     <gpxtpx:TrackPointExtension>
      <gpxtpx:hr>98</gpxtpx:hr>
      <gpxtpx:cad>52</gpxtpx:cad>
     </gpxtpx:TrackPointExtension>
    </extensions>
   </trkpt>
   <trkpt lat="51.8302140" lon="-1.5107930">
    <ele>149.2</ele>
    <time>2026-05-31T13:43:33Z</time>
    <extensions>
     <gpxtpx:TrackPointExtension>
      <gpxtpx:hr>98</gpxtpx:hr>
      <gpxtpx:cad>53</gpxtpx:cad>
     </gpxtpx:TrackPointExtension>
    </extensions>
   </trkpt>
   <trkpt lat="51.8302100" lon="-1.5107630">
    <ele>149.2</ele>
    <time>2026-05-31T13:43:35Z</time>
    <extensions>
     <gpxtpx:TrackPointExtension>
      <gpxtpx:hr>101</gpxtpx:hr>
      <gpxtpx:cad>53</gpxtpx:cad>
     </gpxtpx:TrackPointExtension>
    </extensions>
   </trkpt>
   <trkpt lat="51.8302050" lon="-1.5107350">
    <ele>149.0</ele>
    <time>2026-05-31T13:43:37Z</time>
    <extensions>
     <gpxtpx:TrackPointExtension>
      <gpxtpx:hr>98</gpxtpx:hr>
      <gpxtpx:cad>52</gpxtpx:cad>
     </gpxtpx:TrackPointExtension>
    </extensions>
   </trkpt>
   <trkpt lat="51.8301570" lon="-1.5106060">
    <ele>148.8</ele>
    <time>2026-05-31T13:43:44Z</time>
    <extensions>
     <gpxtpx:TrackPointExtension>
      <gpxtpx:hr>97</gpxtpx:hr>
      <gpxtpx:cad>52</gpxtpx:cad>
     </gpxtpx:TrackPointExtension>
    </extensions>
   </trkpt>
   <trkpt lat="51.8300940" lon="-1.5104880">
    <ele>148.4</ele>
    <time>2026-05-31T13:43:53Z</time>
    <extensions>
     <gpxtpx:TrackPointExtension>
      <gpxtpx:hr>95</gpxtpx:hr>
      <gpxtpx:cad>53</gpxtpx:cad>
     </gpxtpx:TrackPointExtension>
    </extensions>
   </trkpt>
   <trkpt lat="51.8300900" lon="-1.5104730">
    <ele>148.4</ele>
    <time>2026-05-31T13:43:54Z</time>
    <extensions>
     <gpxtpx:TrackPointExtension>
      <gpxtpx:hr>95</gpxtpx:hr>
      <gpxtpx:cad>53</gpxtpx:cad>
     </gpxtpx:TrackPointExtension>
    </extensions>
   </trkpt>
   <trkpt lat="51.8300650" lon="-1.5103540">
    <ele>148.0</ele>
    <time>2026-05-31T13:44:02Z</time>
    <extensions>
     <gpxtpx:TrackPointExtension>
      <gpxtpx:hr>92</gpxtpx:hr>
      <gpxtpx:cad>53</gpxtpx:cad>
     </gpxtpx:TrackPointExtension>
    </extensions>
   </trkpt>
   <trkpt lat="51.8300610" lon="-1.5103440">
    <ele>147.8</ele>
    <time>2026-05-31T13:44:03Z</time>
    <extensions>
     <gpxtpx:TrackPointExtension>
      <gpxtpx:hr>95</gpxtpx:hr>
      <gpxtpx:cad>53</gpxtpx:cad>
     </gpxtpx:TrackPointExtension>
    </extensions>
   </trkpt>
   <trkpt lat="51.8300490" lon="-1.5102730">
    <ele>147.4</ele>
    <time>2026-05-31T13:44:10Z</time>
    <extensions>
     <gpxtpx:TrackPointExtension>
      <gpxtpx:hr>95</gpxtpx:hr>
      <gpxtpx:cad>0</gpxtpx:cad>
     </gpxtpx:TrackPointExtension>
    </extensions>
   </trkpt>
   <trkpt lat="51.8300390" lon="-1.5102270">
    <ele>147.4</ele>
    <time>2026-05-31T13:44:13Z</time>
    <extensions>
     <gpxtpx:TrackPointExtension>
      <gpxtpx:hr>99</gpxtpx:hr>
      <gpxtpx:cad>0</gpxtpx:cad>
     </gpxtpx:TrackPointExtension>
    </extensions>
   </trkpt>
   <trkpt lat="51.8300360" lon="-1.5102160">
    <ele>147.2</ele>
    <time>2026-05-31T13:44:14Z</time>
    <extensions>
     <gpxtpx:TrackPointExtension>
      <gpxtpx:hr>96</gpxtpx:hr>
      <gpxtpx:cad>0</gpxtpx:cad>
     </gpxtpx:TrackPointExtension>
    </extensions>
   </trkpt>
   <trkpt lat="51.8300230" lon="-1.5101440">
    <ele>147.0</ele>
    <time>2026-05-31T13:44:19Z</time>
    <extensions>
     <gpxtpx:TrackPointExtension>
      <gpxtpx:hr>96</gpxtpx:hr>
      <gpxtpx:cad>50</gpxtpx:cad>
     </gpxtpx:TrackPointExtension>
    </extensions>
   </trkpt>
   <trkpt lat="51.8300100" lon="-1.5100730">
    <ele>146.8</ele>
    <time>2026-05-31T13:44:23Z</time>
    <extensions>
     <gpxtpx:TrackPointExtension>
      <gpxtpx:hr>99</gpxtpx:hr>
      <gpxtpx:cad>54</gpxtpx:cad>
     </gpxtpx:TrackPointExtension>
    </extensions>
   </trkpt>
   <trkpt lat="51.8299960" lon="-1.5099840">
    <ele>146.6</ele>
    <time>2026-05-31T13:44:28Z</time>
    <extensions>
     <gpxtpx:TrackPointExtension>
      <gpxtpx:hr>95</gpxtpx:hr>
      <gpxtpx:cad>54</gpxtpx:cad>
     </gpxtpx:TrackPointExtension>
    </extensions>
   </trkpt>
   <trkpt lat="51.8299970" lon="-1.5099510">
    <ele>146.4</ele>
    <time>2026-05-31T13:44:30Z</time>
    <extensions>
     <gpxtpx:TrackPointExtension>
      <gpxtpx:hr>92</gpxtpx:hr>
      <gpxtpx:cad>53</gpxtpx:cad>
     </gpxtpx:TrackPointExtension>
    </extensions>
   </trkpt>
   <trkpt lat="51.8299880" lon="-1.5099240">
    <ele>146.2</ele>
    <time>2026-05-31T13:44:32Z</time>
    <extensions>
     <gpxtpx:TrackPointExtension>
      <gpxtpx:hr>92</gpxtpx:hr>
      <gpxtpx:cad>53</gpxtpx:cad>
     </gpxtpx:TrackPointExtension>
    </extensions>
   </trkpt>
   <trkpt lat="51.8299710" lon="-1.5098400">
    <ele>146.0</ele>
    <time>2026-05-31T13:44:37Z</time>
    <extensions>
     <gpxtpx:TrackPointExtension>
      <gpxtpx:hr>94</gpxtpx:hr>
      <gpxtpx:cad>51</gpxtpx:cad>
     </gpxtpx:TrackPointExtension>
    </extensions>
   </trkpt>
   <trkpt lat="51.8299300" lon="-1.5097030">
    <ele>145.4</ele>
    <time>2026-05-31T13:44:45Z</time>
    <extensions>
     <gpxtpx:TrackPointExtension>
      <gpxtpx:hr>94</gpxtpx:hr>
      <gpxtpx:cad>41</gpxtpx:cad>
     </gpxtpx:TrackPointExtension>
    </extensions>
   </trkpt>
   <trkpt lat="51.8299160" lon="-1.5096670">
    <ele>145.2</ele>
    <time>2026-05-31T13:44:49Z</time>
    <extensions>
     <gpxtpx:TrackPointExtension>
      <gpxtpx:hr>91</gpxtpx:hr>
      <gpxtpx:cad>0</gpxtpx:cad>
     </gpxtpx:TrackPointExtension>
    </extensions>
   </trkpt>
   <trkpt lat="51.8299150" lon="-1.5096460">
    <ele>145.0</ele>
    <time>2026-05-31T13:44:52Z</time>
    <extensions>
     <gpxtpx:TrackPointExtension>
      <gpxtpx:hr>93</gpxtpx:hr>
      <gpxtpx:cad>0</gpxtpx:cad>
     </gpxtpx:TrackPointExtension>
    </extensions>
   </trkpt>
   <trkpt lat="51.8299110" lon="-1.5096330">
    <ele>145.0</ele>
    <time>2026-05-31T13:44:53Z</time>
    <extensions>
     <gpxtpx:TrackPointExtension>
      <gpxtpx:hr>99</gpxtpx:hr>
      <gpxtpx:cad>0</gpxtpx:cad>
     </gpxtpx:TrackPointExtension>
    </extensions>
   </trkpt>
   <trkpt lat="51.8298960" lon="-1.5095750">
    <ele>144.6</ele>
    <time>2026-05-31T13:44:57Z</time>
    <extensions>
     <gpxtpx:TrackPointExtension>
      <gpxtpx:hr>102</gpxtpx:hr>
      <gpxtpx:cad>0</gpxtpx:cad>
     </gpxtpx:TrackPointExtension>
    </extensions>
   </trkpt>
   <trkpt lat="51.8298830" lon="-1.5095490">
    <ele>144.4</ele>
    <time>2026-05-31T13:44:59Z</time>
    <extensions>
     <gpxtpx:TrackPointExtension>
      <gpxtpx:hr>102</gpxtpx:hr>
      <gpxtpx:cad>57</gpxtpx:cad>
     </gpxtpx:TrackPointExtension>
    </extensions>
   </trkpt>
   <trkpt lat="51.8298790" lon="-1.5095300">
    <ele>144.2</ele>
    <time>2026-05-31T13:45:00Z</time>
    <extensions>
     <gpxtpx:TrackPointExtension>
      <gpxtpx:hr>105</gpxtpx:hr>
      <gpxtpx:cad>57</gpxtpx:cad>
     </gpxtpx:TrackPointExtension>
    </extensions>
   </trkpt>
   <trkpt lat="51.8298710" lon="-1.5095060">
    <ele>144.2</ele>
    <time>2026-05-31T13:45:01Z</time>
    <extensions>
     <gpxtpx:TrackPointExtension>
      <gpxtpx:hr>105</gpxtpx:hr>
      <gpxtpx:cad>57</gpxtpx:cad>
     </gpxtpx:TrackPointExtension>
    </extensions>
   </trkpt>
   <trkpt lat="51.8298530" lon="-1.5094120">
    <ele>143.6</ele>
    <time>2026-05-31T13:45:07Z</time>
    <extensions>
     <gpxtpx:TrackPointExtension>
      <gpxtpx:hr>101</gpxtpx:hr>
      <gpxtpx:cad>56</gpxtpx:cad>
     </gpxtpx:TrackPointExtension>
    </extensions>
   </trkpt>
   <trkpt lat="51.8298480" lon="-1.5093950">
    <ele>143.4</ele>
    <time>2026-05-31T13:45:08Z</time>
    <extensions>
     <gpxtpx:TrackPointExtension>
      <gpxtpx:hr>101</gpxtpx:hr>
      <gpxtpx:cad>56</gpxtpx:cad>
     </gpxtpx:TrackPointExtension>
    </extensions>
   </trkpt>
   <trkpt lat="51.8298270" lon="-1.5092890">
    <ele>143.2</ele>
    <time>2026-05-31T13:45:14Z</time>
    <extensions>
     <gpxtpx:TrackPointExtension>
      <gpxtpx:hr>103</gpxtpx:hr>
      <gpxtpx:cad>54</gpxtpx:cad>
     </gpxtpx:TrackPointExtension>
    </extensions>
   </trkpt>
   <trkpt lat="51.8298100" lon="-1.5092190">
    <ele>142.4</ele>
    <time>2026-05-31T13:45:19Z</time>
    <extensions>
     <gpxtpx:TrackPointExtension>
      <gpxtpx:hr>104</gpxtpx:hr>
      <gpxtpx:cad>53</gpxtpx:cad>
     </gpxtpx:TrackPointExtension>
    </extensions>
   </trkpt>
   <trkpt lat="51.8298090" lon="-1.5091960">
    <ele>142.0</ele>
    <time>2026-05-31T13:45:21Z</time>
    <extensions>
     <gpxtpx:TrackPointExtension>
      <gpxtpx:hr>104</gpxtpx:hr>
      <gpxtpx:cad>53</gpxtpx:cad>
     </gpxtpx:TrackPointExtension>
    </extensions>
   </trkpt>
   <trkpt lat="51.8297900" lon="-1.5091330">
    <ele>141.8</ele>
    <time>2026-05-31T13:45:26Z</time>
    <extensions>
     <gpxtpx:TrackPointExtension>
      <gpxtpx:hr>105</gpxtpx:hr>
      <gpxtpx:cad>0</gpxtpx:cad>
     </gpxtpx:TrackPointExtension>
    </extensions>
   </trkpt>
   <trkpt lat="51.8297800" lon="-1.5090930">
    <ele>141.6</ele>
    <time>2026-05-31T13:45:28Z</time>
    <extensions>
     <gpxtpx:TrackPointExtension>
      <gpxtpx:hr>102</gpxtpx:hr>
      <gpxtpx:cad>48</gpxtpx:cad>
     </gpxtpx:TrackPointExtension>
    </extensions>
   </trkpt>
   <trkpt lat="51.8297500" lon="-1.5089630">
    <ele>141.2</ele>
    <time>2026-05-31T13:45:34Z</time>
    <extensions>
     <gpxtpx:TrackPointExtension>
      <gpxtpx:hr>102</gpxtpx:hr>
      <gpxtpx:cad>52</gpxtpx:cad>
     </gpxtpx:TrackPointExtension>
    </extensions>
   </trkpt>
   <trkpt lat="51.8297370" lon="-1.5089240">
    <ele>141.0</ele>
    <time>2026-05-31T13:45:37Z</time>
    <extensions>
     <gpxtpx:TrackPointExtension>
      <gpxtpx:hr>102</gpxtpx:hr>
      <gpxtpx:cad>50</gpxtpx:cad>
     </gpxtpx:TrackPointExtension>
    </extensions>
   </trkpt>
   <trkpt lat="51.8297300" lon="-1.5089010">
    <ele>140.8</ele>
    <time>2026-05-31T13:45:39Z</time>
    <extensions>
     <gpxtpx:TrackPointExtension>
      <gpxtpx:hr>105</gpxtpx:hr>
      <gpxtpx:cad>48</gpxtpx:cad>
     </gpxtpx:TrackPointExtension>
    </extensions>
   </trkpt>
   <trkpt lat="51.8297300" lon="-1.5088600">
    <ele>140.8</ele>
    <time>2026-05-31T13:45:42Z</time>
    <extensions>
     <gpxtpx:TrackPointExtension>
      <gpxtpx:hr>105</gpxtpx:hr>
      <gpxtpx:cad>50</gpxtpx:cad>
     </gpxtpx:TrackPointExtension>
    </extensions>
   </trkpt>
   <trkpt lat="51.8297080" lon="-1.5087790">
    <ele>140.4</ele>
    <time>2026-05-31T13:45:54Z</time>
    <extensions>
     <gpxtpx:TrackPointExtension>
      <gpxtpx:hr>109</gpxtpx:hr>
      <gpxtpx:cad>0</gpxtpx:cad>
     </gpxtpx:TrackPointExtension>
    </extensions>
   </trkpt>
   <trkpt lat="51.8297020" lon="-1.5087600">
    <ele>140.2</ele>
    <time>2026-05-31T13:46:03Z</time>
    <extensions>
     <gpxtpx:TrackPointExtension>
      <gpxtpx:hr>106</gpxtpx:hr>
      <gpxtpx:cad>0</gpxtpx:cad>
     </gpxtpx:TrackPointExtension>
    </extensions>
   </trkpt>
   <trkpt lat="51.8297040" lon="-1.5087570">
    <ele>140.2</ele>
    <time>2026-05-31T13:46:07Z</time>
    <extensions>
     <gpxtpx:TrackPointExtension>
      <gpxtpx:hr>105</gpxtpx:hr>
      <gpxtpx:cad>0</gpxtpx:cad>
     </gpxtpx:TrackPointExtension>
    </extensions>
   </trkpt>
   <trkpt lat="51.8297100" lon="-1.5087350">
    <ele>140.4</ele>
    <time>2026-05-31T13:46:19Z</time>
    <extensions>
     <gpxtpx:TrackPointExtension>
      <gpxtpx:hr>102</gpxtpx:hr>
      <gpxtpx:cad>0</gpxtpx:cad>
     </gpxtpx:TrackPointExtension>
    </extensions>
   </trkpt>
   <trkpt lat="51.8297100" lon="-1.5087350">
    <ele>140.4</ele>
    <time>2026-05-31T13:46:20Z</time>
    <extensions>
     <gpxtpx:TrackPointExtension>
      <gpxtpx:hr>101</gpxtpx:hr>
      <gpxtpx:cad>0</gpxtpx:cad>
     </gpxtpx:TrackPointExtension>
    </extensions>
   </trkpt>
   <trkpt lat="51.8297060" lon="-1.5087280">
    <ele>140.4</ele>
    <time>2026-05-31T13:46:24Z</time>
    <extensions>
     <gpxtpx:TrackPointExtension>
      <gpxtpx:hr>97</gpxtpx:hr>
      <gpxtpx:cad>0</gpxtpx:cad>
     </gpxtpx:TrackPointExtension>
    </extensions>
   </trkpt>
   <trkpt lat="51.8296980" lon="-1.5087160">
    <ele>140.4</ele>
    <time>2026-05-31T13:46:27Z</time>
    <extensions>
     <gpxtpx:TrackPointExtension>
      <gpxtpx:hr>100</gpxtpx:hr>
      <gpxtpx:cad>0</gpxtpx:cad>
     </gpxtpx:TrackPointExtension>
    </extensions>
   </trkpt>
   <trkpt lat="51.8296960" lon="-1.5087130">
    <ele>140.4</ele>
    <time>2026-05-31T13:46:28Z</time>
    <extensions>
     <gpxtpx:TrackPointExtension>
      <gpxtpx:hr>97</gpxtpx:hr>
      <gpxtpx:cad>0</gpxtpx:cad>
     </gpxtpx:TrackPointExtension>
    </extensions>
   </trkpt>
   <trkpt lat="51.8296940" lon="-1.5087040">
    <ele>140.6</ele>
    <time>2026-05-31T13:46:33Z</time>
    <extensions>
     <gpxtpx:TrackPointExtension>
      <gpxtpx:hr>96</gpxtpx:hr>
      <gpxtpx:cad>0</gpxtpx:cad>
     </gpxtpx:TrackPointExtension>
    </extensions>
   </trkpt>
   <trkpt lat="51.8296930" lon="-1.5086970">
    <ele>140.6</ele>
    <time>2026-05-31T13:46:35Z</time>
    <extensions>
     <gpxtpx:TrackPointExtension>
      <gpxtpx:hr>99</gpxtpx:hr>
      <gpxtpx:cad>0</gpxtpx:cad>
     </gpxtpx:TrackPointExtension>
    </extensions>
   </trkpt>
   <trkpt lat="51.8296900" lon="-1.5086820">
    <ele>140.6</ele>
    <time>2026-05-31T13:46:38Z</time>
    <extensions>
     <gpxtpx:TrackPointExtension>
      <gpxtpx:hr>96</gpxtpx:hr>
      <gpxtpx:cad>0</gpxtpx:cad>
     </gpxtpx:TrackPointExtension>
    </extensions>
   </trkpt>
   <trkpt lat="51.8297000" lon="-1.5086550">
    <ele>140.4</ele>
    <time>2026-05-31T13:46:42Z</time>
    <extensions>
     <gpxtpx:TrackPointExtension>
      <gpxtpx:hr>93</gpxtpx:hr>
      <gpxtpx:cad>0</gpxtpx:cad>
     </gpxtpx:TrackPointExtension>
    </extensions>
   </trkpt>
   <trkpt lat="51.8297050" lon="-1.5086200">
    <ele>140.4</ele>
    <time>2026-05-31T13:46:45Z</time>
    <extensions>
     <gpxtpx:TrackPointExtension>
      <gpxtpx:hr>92</gpxtpx:hr>
      <gpxtpx:cad>0</gpxtpx:cad>
     </gpxtpx:TrackPointExtension>
    </extensions>
   </trkpt>
   <trkpt lat="51.8297070" lon="-1.5085910">
    <ele>140.4</ele>
    <time>2026-05-31T13:46:59Z</time>
    <extensions>
     <gpxtpx:TrackPointExtension>
      <gpxtpx:hr>91</gpxtpx:hr>
      <gpxtpx:cad>0</gpxtpx:cad>
     </gpxtpx:TrackPointExtension>
    </extensions>
   </trkpt>
   <trkpt lat="51.8297100" lon="-1.5085900">
    <ele>140.4</ele>
    <time>2026-05-31T13:47:04Z</time>
    <extensions>
     <gpxtpx:TrackPointExtension>
      <gpxtpx:hr>88</gpxtpx:hr>
      <gpxtpx:cad>0</gpxtpx:cad>
     </gpxtpx:TrackPointExtension>
    </extensions>
   </trkpt>
   <trkpt lat="51.8297120" lon="-1.5085930">
    <ele>140.4</ele>
    <time>2026-05-31T13:47:16Z</time>
    <extensions>
     <gpxtpx:TrackPointExtension>
      <gpxtpx:hr>86</gpxtpx:hr>
      <gpxtpx:cad>0</gpxtpx:cad>
     </gpxtpx:TrackPointExtension>
    </extensions>
   </trkpt>
   <trkpt lat="51.8297060" lon="-1.5085880">
    <ele>140.4</ele>
    <time>2026-05-31T13:47:20Z</time>
    <extensions>
     <gpxtpx:TrackPointExtension>
      <gpxtpx:hr>83</gpxtpx:hr>
      <gpxtpx:cad>0</gpxtpx:cad>
     </gpxtpx:TrackPointExtension>
    </extensions>
   </trkpt>
   <trkpt lat="51.8296890" lon="-1.5085200">
    <ele>140.6</ele>
    <time>2026-05-31T13:47:27Z</time>
    <extensions>
     <gpxtpx:TrackPointExtension>
      <gpxtpx:hr>80</gpxtpx:hr>
      <gpxtpx:cad>41</gpxtpx:cad>
     </gpxtpx:TrackPointExtension>
    </extensions>
   </trkpt>
   <trkpt lat="51.8296870" lon="-1.5085060">
    <ele>140.6</ele>
    <time>2026-05-31T13:47:28Z</time>
    <extensions>
     <gpxtpx:TrackPointExtension>
      <gpxtpx:hr>86</gpxtpx:hr>
      <gpxtpx:cad>41</gpxtpx:cad>
     </gpxtpx:TrackPointExtension>
    </extensions>
   </trkpt>
   <trkpt lat="51.8296840" lon="-1.5084930">
    <ele>140.6</ele>
    <time>2026-05-31T13:47:29Z</time>
    <extensions>
     <gpxtpx:TrackPointExtension>
      <gpxtpx:hr>91</gpxtpx:hr>
      <gpxtpx:cad>41</gpxtpx:cad>
     </gpxtpx:TrackPointExtension>
    </extensions>
   </trkpt>
   <trkpt lat="51.8296820" lon="-1.5084840">
    <ele>140.6</ele>
    <time>2026-05-31T13:47:30Z</time>
    <extensions>
     <gpxtpx:TrackPointExtension>
      <gpxtpx:hr>96</gpxtpx:hr>
      <gpxtpx:cad>41</gpxtpx:cad>
     </gpxtpx:TrackPointExtension>
    </extensions>
   </trkpt>
   <trkpt lat="51.8296810" lon="-1.5084760">
    <ele>140.6</ele>
    <time>2026-05-31T13:47:31Z</time>
    <extensions>
     <gpxtpx:TrackPointExtension>
      <gpxtpx:hr>100</gpxtpx:hr>
      <gpxtpx:cad>0</gpxtpx:cad>
     </gpxtpx:TrackPointExtension>
    </extensions>
   </trkpt>
   <trkpt lat="51.8296780" lon="-1.5084470">
    <ele>140.6</ele>
    <time>2026-05-31T13:47:33Z</time>
    <extensions>
     <gpxtpx:TrackPointExtension>
      <gpxtpx:hr>103</gpxtpx:hr>
      <gpxtpx:cad>0</gpxtpx:cad>
     </gpxtpx:TrackPointExtension>
    </extensions>
   </trkpt>
   <trkpt lat="51.8296740" lon="-1.5084370">
    <ele>140.6</ele>
    <time>2026-05-31T13:47:34Z</time>
    <extensions>
     <gpxtpx:TrackPointExtension>
      <gpxtpx:hr>108</gpxtpx:hr>
      <gpxtpx:cad>0</gpxtpx:cad>
     </gpxtpx:TrackPointExtension>
    </extensions>
   </trkpt>
   <trkpt lat="51.8296670" lon="-1.5084230">
    <ele>140.6</ele>
    <time>2026-05-31T13:47:36Z</time>
    <extensions>
     <gpxtpx:TrackPointExtension>
      <gpxtpx:hr>113</gpxtpx:hr>
      <gpxtpx:cad>0</gpxtpx:cad>
     </gpxtpx:TrackPointExtension>
    </extensions>
   </trkpt>
   <trkpt lat="51.8296620" lon="-1.5084170">
    <ele>140.6</ele>
    <time>2026-05-31T13:47:37Z</time>
    <extensions>
     <gpxtpx:TrackPointExtension>
      <gpxtpx:hr>116</gpxtpx:hr>
      <gpxtpx:cad>0</gpxtpx:cad>
     </gpxtpx:TrackPointExtension>
    </extensions>
   </trkpt>
   <trkpt lat="51.8296550" lon="-1.5084110">
    <ele>140.6</ele>
    <time>2026-05-31T13:47:38Z</time>
    <extensions>
     <gpxtpx:TrackPointExtension>
      <gpxtpx:hr>116</gpxtpx:hr>
      <gpxtpx:cad>0</gpxtpx:cad>
     </gpxtpx:TrackPointExtension>
    </extensions>
   </trkpt>
   <trkpt lat="51.8296360" lon="-1.5083150">
    <ele>140.6</ele>
    <time>2026-05-31T13:47:48Z</time>
    <extensions>
     <gpxtpx:TrackPointExtension>
      <gpxtpx:hr>116</gpxtpx:hr>
      <gpxtpx:cad>0</gpxtpx:cad>
     </gpxtpx:TrackPointExtension>
    </extensions>
   </trkpt>
   <trkpt lat="51.8296380" lon="-1.5082800">
    <ele>140.6</ele>
    <time>2026-05-31T13:47:50Z</time>
    <extensions>
     <gpxtpx:TrackPointExtension>
      <gpxtpx:hr>113</gpxtpx:hr>
      <gpxtpx:cad>0</gpxtpx:cad>
     </gpxtpx:TrackPointExtension>
    </extensions>
   </trkpt>
   <trkpt lat="51.8296560" lon="-1.5081500">
    <ele>141.4</ele>
    <time>2026-05-31T13:48:01Z</time>
    <extensions>
     <gpxtpx:TrackPointExtension>
      <gpxtpx:hr>110</gpxtpx:hr>
      <gpxtpx:cad>78</gpxtpx:cad>
     </gpxtpx:TrackPointExtension>
    </extensions>
   </trkpt>
   <trkpt lat="51.8296450" lon="-1.5081280">
    <ele>141.8</ele>
    <time>2026-05-31T13:48:04Z</time>
    <extensions>
     <gpxtpx:TrackPointExtension>
      <gpxtpx:hr>113</gpxtpx:hr>
      <gpxtpx:cad>78</gpxtpx:cad>
     </gpxtpx:TrackPointExtension>
    </extensions>
   </trkpt>
   <trkpt lat="51.8296430" lon="-1.5081140">
    <ele>142.0</ele>
    <time>2026-05-31T13:48:05Z</time>
    <extensions>
     <gpxtpx:TrackPointExtension>
      <gpxtpx:hr>118</gpxtpx:hr>
      <gpxtpx:cad>0</gpxtpx:cad>
     </gpxtpx:TrackPointExtension>
    </extensions>
   </trkpt>
   <trkpt lat="51.8296370" lon="-1.5081050">
    <ele>142.2</ele>
    <time>2026-05-31T13:48:06Z</time>
    <extensions>
     <gpxtpx:TrackPointExtension>
      <gpxtpx:hr>120</gpxtpx:hr>
      <gpxtpx:cad>0</gpxtpx:cad>
     </gpxtpx:TrackPointExtension>
    </extensions>
   </trkpt>
   <trkpt lat="51.8295840" lon="-1.5079920">
    <ele>143.4</ele>
    <time>2026-05-31T13:48:16Z</time>
    <extensions>
     <gpxtpx:TrackPointExtension>
      <gpxtpx:hr>121</gpxtpx:hr>
      <gpxtpx:cad>50</gpxtpx:cad>
     </gpxtpx:TrackPointExtension>
    </extensions>
   </trkpt>
   <trkpt lat="51.8295660" lon="-1.5079520">
    <ele>143.6</ele>
    <time>2026-05-31T13:48:19Z</time>
    <extensions>
     <gpxtpx:TrackPointExtension>
      <gpxtpx:hr>118</gpxtpx:hr>
      <gpxtpx:cad>50</gpxtpx:cad>
     </gpxtpx:TrackPointExtension>
    </extensions>
   </trkpt>
   <trkpt lat="51.8295560" lon="-1.5079360">
    <ele>143.6</ele>
    <time>2026-05-31T13:48:20Z</time>
    <extensions>
     <gpxtpx:TrackPointExtension>
      <gpxtpx:hr>118</gpxtpx:hr>
      <gpxtpx:cad>51</gpxtpx:cad>
     </gpxtpx:TrackPointExtension>
    </extensions>
   </trkpt>
   <trkpt lat="51.8294630" lon="-1.5077270">
    <ele>144.4</ele>
    <time>2026-05-31T13:48:34Z</time>
    <extensions>
     <gpxtpx:TrackPointExtension>
      <gpxtpx:hr>116</gpxtpx:hr>
      <gpxtpx:cad>47</gpxtpx:cad>
     </gpxtpx:TrackPointExtension>
    </extensions>
   </trkpt>
   <trkpt lat="51.8294540" lon="-1.5076990">
    <ele>144.6</ele>
    <time>2026-05-31T13:48:35Z</time>
    <extensions>
     <gpxtpx:TrackPointExtension>
      <gpxtpx:hr>116</gpxtpx:hr>
      <gpxtpx:cad>47</gpxtpx:cad>
     </gpxtpx:TrackPointExtension>
    </extensions>
   </trkpt>
   <trkpt lat="51.8294180" lon="-1.5075870">
    <ele>145.0</ele>
    <time>2026-05-31T13:48:43Z</time>
    <extensions>
     <gpxtpx:TrackPointExtension>
      <gpxtpx:hr>113</gpxtpx:hr>
      <gpxtpx:cad>0</gpxtpx:cad>
     </gpxtpx:TrackPointExtension>
    </extensions>
   </trkpt>
   <trkpt lat="51.8293950" lon="-1.5075080">
    <ele>145.0</ele>
    <time>2026-05-31T13:48:48Z</time>
    <extensions>
     <gpxtpx:TrackPointExtension>
      <gpxtpx:hr>110</gpxtpx:hr>
      <gpxtpx:cad>51</gpxtpx:cad>
     </gpxtpx:TrackPointExtension>
    </extensions>
   </trkpt>
   <trkpt lat="51.8293760" lon="-1.5074520">
    <ele>145.0</ele>
    <time>2026-05-31T13:48:51Z</time>
    <extensions>
     <gpxtpx:TrackPointExtension>
      <gpxtpx:hr>109</gpxtpx:hr>
      <gpxtpx:cad>52</gpxtpx:cad>
     </gpxtpx:TrackPointExtension>
    </extensions>
   </trkpt>
   <trkpt lat="51.8293160" lon="-1.5072880">
    <ele>145.4</ele>
    <time>2026-05-31T13:49:01Z</time>
    <extensions>
     <gpxtpx:TrackPointExtension>
      <gpxtpx:hr>106</gpxtpx:hr>
      <gpxtpx:cad>51</gpxtpx:cad>
     </gpxtpx:TrackPointExtension>
    </extensions>
   </trkpt>
   <trkpt lat="51.8293080" lon="-1.5072570">
    <ele>145.4</ele>
    <time>2026-05-31T13:49:03Z</time>
    <extensions>
     <gpxtpx:TrackPointExtension>
      <gpxtpx:hr>104</gpxtpx:hr>
      <gpxtpx:cad>51</gpxtpx:cad>
     </gpxtpx:TrackPointExtension>
    </extensions>
   </trkpt>
   <trkpt lat="51.8293030" lon="-1.5072220">
    <ele>145.4</ele>
    <time>2026-05-31T13:49:06Z</time>
    <extensions>
     <gpxtpx:TrackPointExtension>
      <gpxtpx:hr>101</gpxtpx:hr>
      <gpxtpx:cad>0</gpxtpx:cad>
     </gpxtpx:TrackPointExtension>
    </extensions>
   </trkpt>
   <trkpt lat="51.8292760" lon="-1.5070100">
    <ele>145.6</ele>
    <time>2026-05-31T13:49:21Z</time>
    <extensions>
     <gpxtpx:TrackPointExtension>
      <gpxtpx:hr>100</gpxtpx:hr>
      <gpxtpx:cad>48</gpxtpx:cad>
     </gpxtpx:TrackPointExtension>
    </extensions>
   </trkpt>
   <trkpt lat="51.8292430" lon="-1.5068590">
    <ele>145.8</ele>
    <time>2026-05-31T13:49:28Z</time>
    <extensions>
     <gpxtpx:TrackPointExtension>
      <gpxtpx:hr>97</gpxtpx:hr>
      <gpxtpx:cad>51</gpxtpx:cad>
     </gpxtpx:TrackPointExtension>
    </extensions>
   </trkpt>
   <trkpt lat="51.8292250" lon="-1.5067920">
    <ele>145.8</ele>
    <time>2026-05-31T13:49:31Z</time>
    <extensions>
     <gpxtpx:TrackPointExtension>
      <gpxtpx:hr>100</gpxtpx:hr>
      <gpxtpx:cad>0</gpxtpx:cad>
     </gpxtpx:TrackPointExtension>
    </extensions>
   </trkpt>
   <trkpt lat="51.8292020" lon="-1.5067030">
    <ele>145.8</ele>
    <time>2026-05-31T13:49:36Z</time>
    <extensions>
     <gpxtpx:TrackPointExtension>
      <gpxtpx:hr>96</gpxtpx:hr>
      <gpxtpx:cad>52</gpxtpx:cad>
     </gpxtpx:TrackPointExtension>
    </extensions>
   </trkpt>
   <trkpt lat="51.8291790" lon="-1.5066300">
    <ele>145.8</ele>
    <time>2026-05-31T13:49:40Z</time>
    <extensions>
     <gpxtpx:TrackPointExtension>
      <gpxtpx:hr>99</gpxtpx:hr>
      <gpxtpx:cad>50</gpxtpx:cad>
     </gpxtpx:TrackPointExtension>
    </extensions>
   </trkpt>
   <trkpt lat="51.8291250" lon="-1.5064470">
    <ele>146.2</ele>
    <time>2026-05-31T13:49:52Z</time>
    <extensions>
     <gpxtpx:TrackPointExtension>
      <gpxtpx:hr>98</gpxtpx:hr>
      <gpxtpx:cad>53</gpxtpx:cad>
     </gpxtpx:TrackPointExtension>
    </extensions>
   </trkpt>
   <trkpt lat="51.8291230" lon="-1.5062420">
    <ele>146.0</ele>
    <time>2026-05-31T13:50:07Z</time>
    <extensions>
     <gpxtpx:TrackPointExtension>
      <gpxtpx:hr>101</gpxtpx:hr>
      <gpxtpx:cad>0</gpxtpx:cad>
     </gpxtpx:TrackPointExtension>
    </extensions>
   </trkpt>
   <trkpt lat="51.8291280" lon="-1.5062240">
    <ele>146.0</ele>
    <time>2026-05-31T13:50:09Z</time>
    <extensions>
     <gpxtpx:TrackPointExtension>
      <gpxtpx:hr>106</gpxtpx:hr>
      <gpxtpx:cad>0</gpxtpx:cad>
     </gpxtpx:TrackPointExtension>
    </extensions>
   </trkpt>
   <trkpt lat="51.8291300" lon="-1.5062150">
    <ele>146.0</ele>
    <time>2026-05-31T13:50:10Z</time>
    <extensions>
     <gpxtpx:TrackPointExtension>
      <gpxtpx:hr>109</gpxtpx:hr>
      <gpxtpx:cad>0</gpxtpx:cad>
     </gpxtpx:TrackPointExtension>
    </extensions>
   </trkpt>
   <trkpt lat="51.8291370" lon="-1.5062080">
    <ele>146.0</ele>
    <time>2026-05-31T13:50:11Z</time>
    <extensions>
     <gpxtpx:TrackPointExtension>
      <gpxtpx:hr>112</gpxtpx:hr>
      <gpxtpx:cad>0</gpxtpx:cad>
     </gpxtpx:TrackPointExtension>
    </extensions>
   </trkpt>
   <trkpt lat="51.8291420" lon="-1.5061820">
    <ele>146.0</ele>
    <time>2026-05-31T13:50:13Z</time>
    <extensions>
     <gpxtpx:TrackPointExtension>
      <gpxtpx:hr>117</gpxtpx:hr>
      <gpxtpx:cad>0</gpxtpx:cad>
     </gpxtpx:TrackPointExtension>
    </extensions>
   </trkpt>
   <trkpt lat="51.8291430" lon="-1.5061580">
    <ele>146.0</ele>
    <time>2026-05-31T13:50:15Z</time>
    <extensions>
     <gpxtpx:TrackPointExtension>
      <gpxtpx:hr>120</gpxtpx:hr>
      <gpxtpx:cad>71</gpxtpx:cad>
     </gpxtpx:TrackPointExtension>
    </extensions>
   </trkpt>
   <trkpt lat="51.8290990" lon="-1.5060890">
    <ele>146.0</ele>
    <time>2026-05-31T13:50:21Z</time>
    <extensions>
     <gpxtpx:TrackPointExtension>
      <gpxtpx:hr>117</gpxtpx:hr>
      <gpxtpx:cad>43</gpxtpx:cad>
     </gpxtpx:TrackPointExtension>
    </extensions>
   </trkpt>
   <trkpt lat="51.8290750" lon="-1.5060230">
    <ele>145.8</ele>
    <time>2026-05-31T13:50:26Z</time>
    <extensions>
     <gpxtpx:TrackPointExtension>
      <gpxtpx:hr>114</gpxtpx:hr>
      <gpxtpx:cad>0</gpxtpx:cad>
     </gpxtpx:TrackPointExtension>
    </extensions>
   </trkpt>
   <trkpt lat="51.8290470" lon="-1.5058740">
    <ele>145.8</ele>
    <time>2026-05-31T13:50:36Z</time>
    <extensions>
     <gpxtpx:TrackPointExtension>
      <gpxtpx:hr>112</gpxtpx:hr>
      <gpxtpx:cad>48</gpxtpx:cad>
     </gpxtpx:TrackPointExtension>
    </extensions>
   </trkpt>
   <trkpt lat="51.8290380" lon="-1.5057820">
    <ele>145.8</ele>
    <time>2026-05-31T13:50:47Z</time>
    <extensions>
     <gpxtpx:TrackPointExtension>
      <gpxtpx:hr>109</gpxtpx:hr>
      <gpxtpx:cad>0</gpxtpx:cad>
     </gpxtpx:TrackPointExtension>
    </extensions>
   </trkpt>
   <trkpt lat="51.8290350" lon="-1.5057770">
    <ele>145.8</ele>
    <time>2026-05-31T13:50:48Z</time>
    <extensions>
     <gpxtpx:TrackPointExtension>
      <gpxtpx:hr>108</gpxtpx:hr>
      <gpxtpx:cad>0</gpxtpx:cad>
     </gpxtpx:TrackPointExtension>
    </extensions>
   </trkpt>
   <trkpt lat="51.8290200" lon="-1.5055730">
    <ele>146.0</ele>
    <time>2026-05-31T13:51:01Z</time>
    <extensions>
     <gpxtpx:TrackPointExtension>
      <gpxtpx:hr>105</gpxtpx:hr>
      <gpxtpx:cad>48</gpxtpx:cad>
     </gpxtpx:TrackPointExtension>
    </extensions>
   </trkpt>
   <trkpt lat="51.8290110" lon="-1.5055290">
    <ele>146.0</ele>
    <time>2026-05-31T13:51:03Z</time>
    <extensions>
     <gpxtpx:TrackPointExtension>
      <gpxtpx:hr>107</gpxtpx:hr>
      <gpxtpx:cad>0</gpxtpx:cad>
     </gpxtpx:TrackPointExtension>
    </extensions>
   </trkpt>
   <trkpt lat="51.8289990" lon="-1.5054350">
    <ele>145.8</ele>
    <time>2026-05-31T13:51:13Z</time>
    <extensions>
     <gpxtpx:TrackPointExtension>
      <gpxtpx:hr>106</gpxtpx:hr>
      <gpxtpx:cad>0</gpxtpx:cad>
     </gpxtpx:TrackPointExtension>
    </extensions>
   </trkpt>
   <trkpt lat="51.8289520" lon="-1.5052780">
    <ele>145.8</ele>
    <time>2026-05-31T13:51:25Z</time>
    <extensions>
     <gpxtpx:TrackPointExtension>
      <gpxtpx:hr>104</gpxtpx:hr>
      <gpxtpx:cad>0</gpxtpx:cad>
     </gpxtpx:TrackPointExtension>
    </extensions>
   </trkpt>
   <trkpt lat="51.8289270" lon="-1.5051170">
    <ele>145.6</ele>
    <time>2026-05-31T13:51:37Z</time>
    <extensions>
     <gpxtpx:TrackPointExtension>
      <gpxtpx:hr>102</gpxtpx:hr>
      <gpxtpx:cad>46</gpxtpx:cad>
     </gpxtpx:TrackPointExtension>
    </extensions>
   </trkpt>
   <trkpt lat="51.8289150" lon="-1.5050720">
    <ele>145.4</ele>
    <time>2026-05-31T13:51:43Z</time>
    <extensions>
     <gpxtpx:TrackPointExtension>
      <gpxtpx:hr>105</gpxtpx:hr>
      <gpxtpx:cad>0</gpxtpx:cad>
     </gpxtpx:TrackPointExtension>
    </extensions>
   </trkpt>
   <trkpt lat="51.8289160" lon="-1.5050590">
    <ele>145.4</ele>
    <time>2026-05-31T13:51:46Z</time>
    <extensions>
     <gpxtpx:TrackPointExtension>
      <gpxtpx:hr>102</gpxtpx:hr>
      <gpxtpx:cad>0</gpxtpx:cad>
     </gpxtpx:TrackPointExtension>
    </extensions>
   </trkpt>
   <trkpt lat="51.8289110" lon="-1.5050470">
    <ele>145.4</ele>
    <time>2026-05-31T13:51:49Z</time>
    <extensions>
     <gpxtpx:TrackPointExtension>
      <gpxtpx:hr>102</gpxtpx:hr>
      <gpxtpx:cad>0</gpxtpx:cad>
     </gpxtpx:TrackPointExtension>
    </extensions>
   </trkpt>
   <trkpt lat="51.8288870" lon="-1.5050080">
    <ele>145.0</ele>
    <time>2026-05-31T13:52:02Z</time>
    <extensions>
     <gpxtpx:TrackPointExtension>
      <gpxtpx:hr>100</gpxtpx:hr>
      <gpxtpx:cad>0</gpxtpx:cad>
     </gpxtpx:TrackPointExtension>
    </extensions>
   </trkpt>
   <trkpt lat="51.8288800" lon="-1.5049970">
    <ele>145.0</ele>
    <time>2026-05-31T13:52:05Z</time>
    <extensions>
     <gpxtpx:TrackPointExtension>
      <gpxtpx:hr>97</gpxtpx:hr>
      <gpxtpx:cad>0</gpxtpx:cad>
     </gpxtpx:TrackPointExtension>
    </extensions>
   </trkpt>
   <trkpt lat="51.8288760" lon="-1.5049730">
    <ele>145.0</ele>
    <time>2026-05-31T13:52:08Z</time>
    <extensions>
     <gpxtpx:TrackPointExtension>
      <gpxtpx:hr>100</gpxtpx:hr>
      <gpxtpx:cad>0</gpxtpx:cad>
     </gpxtpx:TrackPointExtension>
    </extensions>
   </trkpt>
   <trkpt lat="51.8288590" lon="-1.5049320">
    <ele>144.8</ele>
    <time>2026-05-31T13:52:14Z</time>
    <extensions>
     <gpxtpx:TrackPointExtension>
      <gpxtpx:hr>97</gpxtpx:hr>
      <gpxtpx:cad>0</gpxtpx:cad>
     </gpxtpx:TrackPointExtension>
    </extensions>
   </trkpt>
   <trkpt lat="51.8288680" lon="-1.5048680">
    <ele>144.6</ele>
    <time>2026-05-31T13:52:26Z</time>
    <extensions>
     <gpxtpx:TrackPointExtension>
      <gpxtpx:hr>97</gpxtpx:hr>
      <gpxtpx:cad>0</gpxtpx:cad>
     </gpxtpx:TrackPointExtension>
    </extensions>
   </trkpt>
   <trkpt lat="51.8288660" lon="-1.5047710">
    <ele>144.6</ele>
    <time>2026-05-31T13:52:39Z</time>
    <extensions>
     <gpxtpx:TrackPointExtension>
      <gpxtpx:hr>92</gpxtpx:hr>
      <gpxtpx:cad>0</gpxtpx:cad>
     </gpxtpx:TrackPointExtension>
    </extensions>
   </trkpt>
   <trkpt lat="51.8288660" lon="-1.5047640">
    <ele>144.6</ele>
    <time>2026-05-31T13:52:41Z</time>
    <extensions>
     <gpxtpx:TrackPointExtension>
      <gpxtpx:hr>89</gpxtpx:hr>
      <gpxtpx:cad>0</gpxtpx:cad>
     </gpxtpx:TrackPointExtension>
    </extensions>
   </trkpt>
   <trkpt lat="51.8288310" lon="-1.5046890">
    <ele>144.4</ele>
    <time>2026-05-31T13:52:56Z</time>
    <extensions>
     <gpxtpx:TrackPointExtension>
      <gpxtpx:hr>88</gpxtpx:hr>
      <gpxtpx:cad>0</gpxtpx:cad>
     </gpxtpx:TrackPointExtension>
    </extensions>
   </trkpt>
   <trkpt lat="51.8288010" lon="-1.5046690">
    <ele>144.4</ele>
    <time>2026-05-31T13:53:00Z</time>
    <extensions>
     <gpxtpx:TrackPointExtension>
      <gpxtpx:hr>91</gpxtpx:hr>
      <gpxtpx:cad>0</gpxtpx:cad>
     </gpxtpx:TrackPointExtension>
    </extensions>
   </trkpt>
   <trkpt lat="51.8287820" lon="-1.5046250">
    <ele>144.4</ele>
    <time>2026-05-31T13:53:06Z</time>
    <extensions>
     <gpxtpx:TrackPointExtension>
      <gpxtpx:hr>94</gpxtpx:hr>
      <gpxtpx:cad>78</gpxtpx:cad>
     </gpxtpx:TrackPointExtension>
    </extensions>
   </trkpt>
   <trkpt lat="51.8287650" lon="-1.5045770">
    <ele>144.4</ele>
    <time>2026-05-31T13:53:10Z</time>
    <extensions>
     <gpxtpx:TrackPointExtension>
      <gpxtpx:hr>98</gpxtpx:hr>
      <gpxtpx:cad>0</gpxtpx:cad>
     </gpxtpx:TrackPointExtension>
    </extensions>
   </trkpt>
   <trkpt lat="51.8287590" lon="-1.5045670">
    <ele>144.4</ele>
    <time>2026-05-31T13:53:11Z</time>
    <extensions>
     <gpxtpx:TrackPointExtension>
      <gpxtpx:hr>99</gpxtpx:hr>
      <gpxtpx:cad>0</gpxtpx:cad>
     </gpxtpx:TrackPointExtension>
    </extensions>
   </trkpt>
   <trkpt lat="51.8287470" lon="-1.5045210">
    <ele>144.6</ele>
    <time>2026-05-31T13:53:15Z</time>
    <extensions>
     <gpxtpx:TrackPointExtension>
      <gpxtpx:hr>96</gpxtpx:hr>
      <gpxtpx:cad>43</gpxtpx:cad>
     </gpxtpx:TrackPointExtension>
    </extensions>
   </trkpt>
   <trkpt lat="51.8287360" lon="-1.5044910">
    <ele>144.4</ele>
    <time>2026-05-31T13:53:17Z</time>
    <extensions>
     <gpxtpx:TrackPointExtension>
      <gpxtpx:hr>93</gpxtpx:hr>
      <gpxtpx:cad>43</gpxtpx:cad>
     </gpxtpx:TrackPointExtension>
    </extensions>
   </trkpt>
   <trkpt lat="51.8287290" lon="-1.5044610">
    <ele>144.4</ele>
    <time>2026-05-31T13:53:19Z</time>
    <extensions>
     <gpxtpx:TrackPointExtension>
      <gpxtpx:hr>89</gpxtpx:hr>
      <gpxtpx:cad>42</gpxtpx:cad>
     </gpxtpx:TrackPointExtension>
    </extensions>
   </trkpt>
   <trkpt lat="51.8287260" lon="-1.5044410">
    <ele>144.4</ele>
    <time>2026-05-31T13:53:21Z</time>
    <extensions>
     <gpxtpx:TrackPointExtension>
      <gpxtpx:hr>92</gpxtpx:hr>
      <gpxtpx:cad>0</gpxtpx:cad>
     </gpxtpx:TrackPointExtension>
    </extensions>
   </trkpt>
   <trkpt lat="51.8287220" lon="-1.5044250">
    <ele>144.4</ele>
    <time>2026-05-31T13:53:23Z</time>
    <extensions>
     <gpxtpx:TrackPointExtension>
      <gpxtpx:hr>99</gpxtpx:hr>
      <gpxtpx:cad>0</gpxtpx:cad>
     </gpxtpx:TrackPointExtension>
    </extensions>
   </trkpt>
   <trkpt lat="51.8287210" lon="-1.5044210">
    <ele>144.4</ele>
    <time>2026-05-31T13:53:24Z</time>
    <extensions>
     <gpxtpx:TrackPointExtension>
      <gpxtpx:hr>101</gpxtpx:hr>
      <gpxtpx:cad>0</gpxtpx:cad>
     </gpxtpx:TrackPointExtension>
    </extensions>
   </trkpt>
   <trkpt lat="51.8287170" lon="-1.5044170">
    <ele>144.2</ele>
    <time>2026-05-31T13:53:26Z</time>
    <extensions>
     <gpxtpx:TrackPointExtension>
      <gpxtpx:hr>105</gpxtpx:hr>
      <gpxtpx:cad>0</gpxtpx:cad>
     </gpxtpx:TrackPointExtension>
    </extensions>
   </trkpt>
   <trkpt lat="51.8287140" lon="-1.5044110">
    <ele>144.2</ele>
    <time>2026-05-31T13:53:28Z</time>
    <extensions>
     <gpxtpx:TrackPointExtension>
      <gpxtpx:hr>110</gpxtpx:hr>
      <gpxtpx:cad>0</gpxtpx:cad>
     </gpxtpx:TrackPointExtension>
    </extensions>
   </trkpt>
   <trkpt lat="51.8287000" lon="-1.5043910">
    <ele>144.0</ele>
    <time>2026-05-31T13:53:35Z</time>
    <extensions>
     <gpxtpx:TrackPointExtension>
      <gpxtpx:hr>107</gpxtpx:hr>
      <gpxtpx:cad>0</gpxtpx:cad>
     </gpxtpx:TrackPointExtension>
    </extensions>
   </trkpt>
   <trkpt lat="51.8286940" lon="-1.5043800">
    <ele>144.0</ele>
    <time>2026-05-31T13:53:38Z</time>
    <extensions>
     <gpxtpx:TrackPointExtension>
      <gpxtpx:hr>106</gpxtpx:hr>
      <gpxtpx:cad>0</gpxtpx:cad>
     </gpxtpx:TrackPointExtension>
    </extensions>
   </trkpt>
   <trkpt lat="51.8286730" lon="-1.5042820">
    <ele>144.0</ele>
    <time>2026-05-31T13:53:46Z</time>
    <extensions>
     <gpxtpx:TrackPointExtension>
      <gpxtpx:hr>103</gpxtpx:hr>
      <gpxtpx:cad>0</gpxtpx:cad>
     </gpxtpx:TrackPointExtension>
    </extensions>
   </trkpt>
   <trkpt lat="51.8286520" lon="-1.5042370">
    <ele>144.0</ele>
    <time>2026-05-31T13:53:49Z</time>
    <extensions>
     <gpxtpx:TrackPointExtension>
      <gpxtpx:hr>101</gpxtpx:hr>
      <gpxtpx:cad>0</gpxtpx:cad>
     </gpxtpx:TrackPointExtension>
    </extensions>
   </trkpt>
   <trkpt lat="51.8286520" lon="-1.5041990">
    <ele>144.0</ele>
    <time>2026-05-31T13:53:52Z</time>
    <extensions>
     <gpxtpx:TrackPointExtension>
      <gpxtpx:hr>104</gpxtpx:hr>
      <gpxtpx:cad>44</gpxtpx:cad>
     </gpxtpx:TrackPointExtension>
    </extensions>
   </trkpt>
   <trkpt lat="51.8286540" lon="-1.5041510">
    <ele>143.8</ele>
    <time>2026-05-31T13:53:56Z</time>
    <extensions>
     <gpxtpx:TrackPointExtension>
      <gpxtpx:hr>100</gpxtpx:hr>
      <gpxtpx:cad>0</gpxtpx:cad>
     </gpxtpx:TrackPointExtension>
    </extensions>
   </trkpt>
   <trkpt lat="51.8286570" lon="-1.5040990">
    <ele>143.8</ele>
    <time>2026-05-31T13:54:02Z</time>
    <extensions>
     <gpxtpx:TrackPointExtension>
      <gpxtpx:hr>99</gpxtpx:hr>
      <gpxtpx:cad>0</gpxtpx:cad>
     </gpxtpx:TrackPointExtension>
    </extensions>
   </trkpt>
   <trkpt lat="51.8286640" lon="-1.5040510">
    <ele>143.4</ele>
    <time>2026-05-31T13:54:15Z</time>
    <extensions>
     <gpxtpx:TrackPointExtension>
      <gpxtpx:hr>94</gpxtpx:hr>
      <gpxtpx:cad>0</gpxtpx:cad>
     </gpxtpx:TrackPointExtension>
    </extensions>
   </trkpt>
   <trkpt lat="51.8286660" lon="-1.5040480">
    <ele>143.4</ele>
    <time>2026-05-31T13:54:16Z</time>
    <extensions>
     <gpxtpx:TrackPointExtension>
      <gpxtpx:hr>97</gpxtpx:hr>
      <gpxtpx:cad>0</gpxtpx:cad>
     </gpxtpx:TrackPointExtension>
    </extensions>
   </trkpt>
   <trkpt lat="51.8286610" lon="-1.5040390">
    <ele>143.4</ele>
    <time>2026-05-31T13:54:18Z</time>
    <extensions>
     <gpxtpx:TrackPointExtension>
      <gpxtpx:hr>94</gpxtpx:hr>
      <gpxtpx:cad>0</gpxtpx:cad>
     </gpxtpx:TrackPointExtension>
    </extensions>
   </trkpt>
   <trkpt lat="51.8286500" lon="-1.5040090">
    <ele>143.4</ele>
    <time>2026-05-31T13:54:22Z</time>
    <extensions>
     <gpxtpx:TrackPointExtension>
      <gpxtpx:hr>91</gpxtpx:hr>
      <gpxtpx:cad>0</gpxtpx:cad>
     </gpxtpx:TrackPointExtension>
    </extensions>
   </trkpt>
   <trkpt lat="51.8286230" lon="-1.5039490">
    <ele>143.2</ele>
    <time>2026-05-31T13:54:29Z</time>
    <extensions>
     <gpxtpx:TrackPointExtension>
      <gpxtpx:hr>88</gpxtpx:hr>
      <gpxtpx:cad>45</gpxtpx:cad>
     </gpxtpx:TrackPointExtension>
    </extensions>
   </trkpt>
   <trkpt lat="51.8285980" lon="-1.5038820">
    <ele>142.8</ele>
    <time>2026-05-31T13:54:37Z</time>
    <extensions>
     <gpxtpx:TrackPointExtension>
      <gpxtpx:hr>85</gpxtpx:hr>
      <gpxtpx:cad>0</gpxtpx:cad>
     </gpxtpx:TrackPointExtension>
    </extensions>
   </trkpt>
   <trkpt lat="51.8285940" lon="-1.5038510">
    <ele>142.6</ele>
    <time>2026-05-31T13:54:40Z</time>
    <extensions>
     <gpxtpx:TrackPointExtension>
      <gpxtpx:hr>88</gpxtpx:hr>
      <gpxtpx:cad>0</gpxtpx:cad>
     </gpxtpx:TrackPointExtension>
    </extensions>
   </trkpt>
   <trkpt lat="51.8285910" lon="-1.5038300">
    <ele>142.6</ele>
    <time>2026-05-31T13:54:42Z</time>
    <extensions>
     <gpxtpx:TrackPointExtension>
      <gpxtpx:hr>84</gpxtpx:hr>
      <gpxtpx:cad>48</gpxtpx:cad>
     </gpxtpx:TrackPointExtension>
    </extensions>
   </trkpt>
   <trkpt lat="51.8285870" lon="-1.5038170">
    <ele>142.6</ele>
    <time>2026-05-31T13:54:43Z</time>
    <extensions>
     <gpxtpx:TrackPointExtension>
      <gpxtpx:hr>80</gpxtpx:hr>
      <gpxtpx:cad>47</gpxtpx:cad>
     </gpxtpx:TrackPointExtension>
    </extensions>
   </trkpt>
   <trkpt lat="51.8285790" lon="-1.5037930">
    <ele>142.4</ele>
    <time>2026-05-31T13:54:45Z</time>
    <extensions>
     <gpxtpx:TrackPointExtension>
      <gpxtpx:hr>82</gpxtpx:hr>
      <gpxtpx:cad>46</gpxtpx:cad>
     </gpxtpx:TrackPointExtension>
    </extensions>
   </trkpt>
   <trkpt lat="51.8285740" lon="-1.5037650">
    <ele>142.2</ele>
    <time>2026-05-31T13:54:47Z</time>
    <extensions>
     <gpxtpx:TrackPointExtension>
      <gpxtpx:hr>83</gpxtpx:hr>
      <gpxtpx:cad>46</gpxtpx:cad>
     </gpxtpx:TrackPointExtension>
    </extensions>
   </trkpt>
   <trkpt lat="51.8285560" lon="-1.5036450">
    <ele>141.4</ele>
    <time>2026-05-31T13:55:00Z</time>
    <extensions>
     <gpxtpx:TrackPointExtension>
      <gpxtpx:hr>84</gpxtpx:hr>
      <gpxtpx:cad>78</gpxtpx:cad>
     </gpxtpx:TrackPointExtension>
    </extensions>
   </trkpt>
   <trkpt lat="51.8285460" lon="-1.5035650">
    <ele>141.2</ele>
    <time>2026-05-31T13:55:08Z</time>
    <extensions>
     <gpxtpx:TrackPointExtension>
      <gpxtpx:hr>86</gpxtpx:hr>
      <gpxtpx:cad>0</gpxtpx:cad>
     </gpxtpx:TrackPointExtension>
    </extensions>
   </trkpt>
   <trkpt lat="51.8285360" lon="-1.5035140">
    <ele>141.2</ele>
    <time>2026-05-31T13:55:13Z</time>
    <extensions>
     <gpxtpx:TrackPointExtension>
      <gpxtpx:hr>85</gpxtpx:hr>
      <gpxtpx:cad>0</gpxtpx:cad>
     </gpxtpx:TrackPointExtension>
    </extensions>
   </trkpt>
   <trkpt lat="51.8285250" lon="-1.5034640">
    <ele>141.0</ele>
    <time>2026-05-31T13:55:17Z</time>
    <extensions>
     <gpxtpx:TrackPointExtension>
      <gpxtpx:hr>82</gpxtpx:hr>
      <gpxtpx:cad>45</gpxtpx:cad>
     </gpxtpx:TrackPointExtension>
    </extensions>
   </trkpt>
   <trkpt lat="51.8284890" lon="-1.5034020">
    <ele>140.4</ele>
    <time>2026-05-31T13:55:27Z</time>
    <extensions>
     <gpxtpx:TrackPointExtension>
      <gpxtpx:hr>83</gpxtpx:hr>
      <gpxtpx:cad>55</gpxtpx:cad>
     </gpxtpx:TrackPointExtension>
    </extensions>
   </trkpt>
   <trkpt lat="51.8284830" lon="-1.5033960">
    <ele>140.2</ele>
    <time>2026-05-31T13:55:30Z</time>
    <extensions>
     <gpxtpx:TrackPointExtension>
      <gpxtpx:hr>87</gpxtpx:hr>
      <gpxtpx:cad>0</gpxtpx:cad>
     </gpxtpx:TrackPointExtension>
    </extensions>
   </trkpt>
   <trkpt lat="51.8284800" lon="-1.5033930">
    <ele>140.2</ele>
    <time>2026-05-31T13:55:31Z</time>
    <extensions>
     <gpxtpx:TrackPointExtension>
      <gpxtpx:hr>87</gpxtpx:hr>
      <gpxtpx:cad>0</gpxtpx:cad>
     </gpxtpx:TrackPointExtension>
    </extensions>
   </trkpt>
   <trkpt lat="51.8284630" lon="-1.5033390">
    <ele>139.6</ele>
    <time>2026-05-31T13:55:40Z</time>
    <extensions>
     <gpxtpx:TrackPointExtension>
      <gpxtpx:hr>86</gpxtpx:hr>
      <gpxtpx:cad>0</gpxtpx:cad>
     </gpxtpx:TrackPointExtension>
    </extensions>
   </trkpt>
   <trkpt lat="51.8284670" lon="-1.5033280">
    <ele>139.6</ele>
    <time>2026-05-31T13:55:43Z</time>
    <extensions>
     <gpxtpx:TrackPointExtension>
      <gpxtpx:hr>78</gpxtpx:hr>
      <gpxtpx:cad>0</gpxtpx:cad>
     </gpxtpx:TrackPointExtension>
    </extensions>
   </trkpt>
   <trkpt lat="51.8284640" lon="-1.5033140">
    <ele>139.4</ele>
    <time>2026-05-31T13:55:45Z</time>
    <extensions>
     <gpxtpx:TrackPointExtension>
      <gpxtpx:hr>75</gpxtpx:hr>
      <gpxtpx:cad>0</gpxtpx:cad>
     </gpxtpx:TrackPointExtension>
    </extensions>
   </trkpt>
   <trkpt lat="51.8284630" lon="-1.5033010">
    <ele>139.4</ele>
    <time>2026-05-31T13:55:47Z</time>
    <extensions>
     <gpxtpx:TrackPointExtension>
      <gpxtpx:hr>72</gpxtpx:hr>
      <gpxtpx:cad>0</gpxtpx:cad>
     </gpxtpx:TrackPointExtension>
    </extensions>
   </trkpt>
   <trkpt lat="51.8284440" lon="-1.5032010">
    <ele>139.2</ele>
    <time>2026-05-31T13:55:54Z</time>
    <extensions>
     <gpxtpx:TrackPointExtension>
      <gpxtpx:hr>71</gpxtpx:hr>
      <gpxtpx:cad>41</gpxtpx:cad>
     </gpxtpx:TrackPointExtension>
    </extensions>
   </trkpt>
   <trkpt lat="51.8283970" lon="-1.5030070">
    <ele>138.6</ele>
    <time>2026-05-31T13:56:03Z</time>
    <extensions>
     <gpxtpx:TrackPointExtension>
      <gpxtpx:hr>72</gpxtpx:hr>
      <gpxtpx:cad>57</gpxtpx:cad>
     </gpxtpx:TrackPointExtension>
    </extensions>
   </trkpt>
   <trkpt lat="51.8283890" lon="-1.5029640">
    <ele>138.2</ele>
    <time>2026-05-31T13:56:05Z</time>
    <extensions>
     <gpxtpx:TrackPointExtension>
      <gpxtpx:hr>72</gpxtpx:hr>
      <gpxtpx:cad>56</gpxtpx:cad>
     </gpxtpx:TrackPointExtension>
    </extensions>
   </trkpt>
   <trkpt lat="51.8283860" lon="-1.5029440">
    <ele>138.0</ele>
    <time>2026-05-31T13:56:06Z</time>
    <extensions>
     <gpxtpx:TrackPointExtension>
      <gpxtpx:hr>72</gpxtpx:hr>
      <gpxtpx:cad>56</gpxtpx:cad>
     </gpxtpx:TrackPointExtension>
    </extensions>
   </trkpt>
   <trkpt lat="51.8283580" lon="-1.5028020">
    <ele>137.4</ele>
    <time>2026-05-31T13:56:13Z</time>
    <extensions>
     <gpxtpx:TrackPointExtension>
      <gpxtpx:hr>67</gpxtpx:hr>
      <gpxtpx:cad>54</gpxtpx:cad>
     </gpxtpx:TrackPointExtension>
    </extensions>
   </trkpt>
   <trkpt lat="51.8283550" lon="-1.5027860">
    <ele>137.4</ele>
    <time>2026-05-31T13:56:14Z</time>
    <extensions>
     <gpxtpx:TrackPointExtension>
      <gpxtpx:hr>70</gpxtpx:hr>
      <gpxtpx:cad>54</gpxtpx:cad>
     </gpxtpx:TrackPointExtension>
    </extensions>
   </trkpt>
   <trkpt lat="51.8283510" lon="-1.5027500">
    <ele>137.4</ele>
    <time>2026-05-31T13:56:16Z</time>
    <extensions>
     <gpxtpx:TrackPointExtension>
      <gpxtpx:hr>76</gpxtpx:hr>
      <gpxtpx:cad>55</gpxtpx:cad>
     </gpxtpx:TrackPointExtension>
    </extensions>
   </trkpt>
   <trkpt lat="51.8283410" lon="-1.5027150">
    <ele>137.4</ele>
    <time>2026-05-31T13:56:18Z</time>
    <extensions>
     <gpxtpx:TrackPointExtension>
      <gpxtpx:hr>78</gpxtpx:hr>
      <gpxtpx:cad>55</gpxtpx:cad>
     </gpxtpx:TrackPointExtension>
    </extensions>
   </trkpt>
   <trkpt lat="51.8282580" lon="-1.5026170">
    <ele>137.4</ele>
    <time>2026-05-31T13:56:28Z</time>
    <extensions>
     <gpxtpx:TrackPointExtension>
      <gpxtpx:hr>78</gpxtpx:hr>
      <gpxtpx:cad>51</gpxtpx:cad>
     </gpxtpx:TrackPointExtension>
    </extensions>
   </trkpt>
   <trkpt lat="51.8282170" lon="-1.5026070">
    <ele>137.4</ele>
    <time>2026-05-31T13:56:32Z</time>
    <extensions>
     <gpxtpx:TrackPointExtension>
      <gpxtpx:hr>81</gpxtpx:hr>
      <gpxtpx:cad>51</gpxtpx:cad>
     </gpxtpx:TrackPointExtension>
    </extensions>
   </trkpt>
   <trkpt lat="51.8281790" lon="-1.5026020">
    <ele>137.2</ele>
    <time>2026-05-31T13:56:36Z</time>
    <extensions>
     <gpxtpx:TrackPointExtension>
      <gpxtpx:hr>85</gpxtpx:hr>
      <gpxtpx:cad>0</gpxtpx:cad>
     </gpxtpx:TrackPointExtension>
    </extensions>
   </trkpt>
   <trkpt lat="51.8281480" lon="-1.5025980">
    <ele>137.0</ele>
    <time>2026-05-31T13:56:39Z</time>
    <extensions>
     <gpxtpx:TrackPointExtension>
      <gpxtpx:hr>82</gpxtpx:hr>
      <gpxtpx:cad>0</gpxtpx:cad>
     </gpxtpx:TrackPointExtension>
    </extensions>
   </trkpt>
   <trkpt lat="51.8281140" lon="-1.5025960">
    <ele>136.8</ele>
    <time>2026-05-31T13:56:42Z</time>
    <extensions>
     <gpxtpx:TrackPointExtension>
      <gpxtpx:hr>83</gpxtpx:hr>
      <gpxtpx:cad>54</gpxtpx:cad>
     </gpxtpx:TrackPointExtension>
    </extensions>
   </trkpt>
   <trkpt lat="51.8279730" lon="-1.5025420">
    <ele>136.2</ele>
    <time>2026-05-31T13:56:54Z</time>
    <extensions>
     <gpxtpx:TrackPointExtension>
      <gpxtpx:hr>80</gpxtpx:hr>
      <gpxtpx:cad>55</gpxtpx:cad>
     </gpxtpx:TrackPointExtension>
    </extensions>
   </trkpt>
   <trkpt lat="51.8278610" lon="-1.5025320">
    <ele>136.0</ele>
    <time>2026-05-31T13:57:03Z</time>
    <extensions>
     <gpxtpx:TrackPointExtension>
      <gpxtpx:hr>76</gpxtpx:hr>
      <gpxtpx:cad>53</gpxtpx:cad>
     </gpxtpx:TrackPointExtension>
    </extensions>
   </trkpt>
   <trkpt lat="51.8278480" lon="-1.5025270">
    <ele>136.0</ele>
    <time>2026-05-31T13:57:04Z</time>
    <extensions>
     <gpxtpx:TrackPointExtension>
      <gpxtpx:hr>78</gpxtpx:hr>
      <gpxtpx:cad>53</gpxtpx:cad>
     </gpxtpx:TrackPointExtension>
    </extensions>
   </trkpt>
   <trkpt lat="51.8278000" lon="-1.5025150">
    <ele>135.8</ele>
    <time>2026-05-31T13:57:07Z</time>
    <extensions>
     <gpxtpx:TrackPointExtension>
      <gpxtpx:hr>77</gpxtpx:hr>
      <gpxtpx:cad>52</gpxtpx:cad>
     </gpxtpx:TrackPointExtension>
    </extensions>
   </trkpt>
   <trkpt lat="51.8277720" lon="-1.5025090">
    <ele>135.8</ele>
    <time>2026-05-31T13:57:10Z</time>
    <extensions>
     <gpxtpx:TrackPointExtension>
      <gpxtpx:hr>80</gpxtpx:hr>
      <gpxtpx:cad>52</gpxtpx:cad>
     </gpxtpx:TrackPointExtension>
    </extensions>
   </trkpt>
   <trkpt lat="51.8277360" lon="-1.5025010">
    <ele>135.6</ele>
    <time>2026-05-31T13:57:13Z</time>
    <extensions>
     <gpxtpx:TrackPointExtension>
      <gpxtpx:hr>75</gpxtpx:hr>
      <gpxtpx:cad>51</gpxtpx:cad>
     </gpxtpx:TrackPointExtension>
    </extensions>
   </trkpt>
   <trkpt lat="51.8276560" lon="-1.5024980">
    <ele>135.6</ele>
    <time>2026-05-31T13:57:20Z</time>
    <extensions>
     <gpxtpx:TrackPointExtension>
      <gpxtpx:hr>75</gpxtpx:hr>
      <gpxtpx:cad>54</gpxtpx:cad>
     </gpxtpx:TrackPointExtension>
    </extensions>
   </trkpt>
   <trkpt lat="51.8276190" lon="-1.5025060">
    <ele>135.4</ele>
    <time>2026-05-31T13:57:23Z</time>
    <extensions>
     <gpxtpx:TrackPointExtension>
      <gpxtpx:hr>71</gpxtpx:hr>
      <gpxtpx:cad>52</gpxtpx:cad>
     </gpxtpx:TrackPointExtension>
    </extensions>
   </trkpt>
   <trkpt lat="51.8275850" lon="-1.5025210">
    <ele>135.4</ele>
    <time>2026-05-31T13:57:26Z</time>
    <extensions>
     <gpxtpx:TrackPointExtension>
      <gpxtpx:hr>74</gpxtpx:hr>
      <gpxtpx:cad>51</gpxtpx:cad>
     </gpxtpx:TrackPointExtension>
    </extensions>
   </trkpt>
   <trkpt lat="51.8275150" lon="-1.5026220">
    <ele>135.4</ele>
    <time>2026-05-31T13:57:32Z</time>
    <extensions>
     <gpxtpx:TrackPointExtension>
      <gpxtpx:hr>75</gpxtpx:hr>
      <gpxtpx:cad>51</gpxtpx:cad>
     </gpxtpx:TrackPointExtension>
    </extensions>
   </trkpt>
   <trkpt lat="51.8275060" lon="-1.5026980">
    <ele>135.6</ele>
    <time>2026-05-31T13:57:36Z</time>
    <extensions>
     <gpxtpx:TrackPointExtension>
      <gpxtpx:hr>78</gpxtpx:hr>
      <gpxtpx:cad>0</gpxtpx:cad>
     </gpxtpx:TrackPointExtension>
    </extensions>
   </trkpt>
   <trkpt lat="51.8275100" lon="-1.5027320">
    <ele>135.6</ele>
    <time>2026-05-31T13:57:38Z</time>
    <extensions>
     <gpxtpx:TrackPointExtension>
      <gpxtpx:hr>79</gpxtpx:hr>
      <gpxtpx:cad>0</gpxtpx:cad>
     </gpxtpx:TrackPointExtension>
    </extensions>
   </trkpt>
   <trkpt lat="51.8275350" lon="-1.5027940">
    <ele>136.6</ele>
    <time>2026-05-31T13:57:44Z</time>
    <extensions>
     <gpxtpx:TrackPointExtension>
      <gpxtpx:hr>82</gpxtpx:hr>
      <gpxtpx:cad>0</gpxtpx:cad>
     </gpxtpx:TrackPointExtension>
    </extensions>
   </trkpt>
   <trkpt lat="51.8275450" lon="-1.5028150">
    <ele>136.8</ele>
    <time>2026-05-31T13:57:46Z</time>
    <extensions>
     <gpxtpx:TrackPointExtension>
      <gpxtpx:hr>82</gpxtpx:hr>
      <gpxtpx:cad>0</gpxtpx:cad>
     </gpxtpx:TrackPointExtension>
    </extensions>
   </trkpt>
   <trkpt lat="51.8275540" lon="-1.5028500">
    <ele>137.0</ele>
    <time>2026-05-31T13:57:48Z</time>
    <extensions>
     <gpxtpx:TrackPointExtension>
      <gpxtpx:hr>82</gpxtpx:hr>
      <gpxtpx:cad>51</gpxtpx:cad>
     </gpxtpx:TrackPointExtension>
    </extensions>
   </trkpt>
   <trkpt lat="51.8275560" lon="-1.5028910">
    <ele>137.2</ele>
    <time>2026-05-31T13:57:51Z</time>
    <extensions>
     <gpxtpx:TrackPointExtension>
      <gpxtpx:hr>82</gpxtpx:hr>
      <gpxtpx:cad>45</gpxtpx:cad>
     </gpxtpx:TrackPointExtension>
    </extensions>
   </trkpt>
   <trkpt lat="51.8275470" lon="-1.5029640">
    <ele>137.8</ele>
    <time>2026-05-31T13:57:58Z</time>
    <extensions>
     <gpxtpx:TrackPointExtension>
      <gpxtpx:hr>83</gpxtpx:hr>
      <gpxtpx:cad>0</gpxtpx:cad>
     </gpxtpx:TrackPointExtension>
    </extensions>
   </trkpt>
   <trkpt lat="51.8275510" lon="-1.5030210">
    <ele>138.2</ele>
    <time>2026-05-31T13:58:01Z</time>
    <extensions>
     <gpxtpx:TrackPointExtension>
      <gpxtpx:hr>83</gpxtpx:hr>
      <gpxtpx:cad>0</gpxtpx:cad>
     </gpxtpx:TrackPointExtension>
    </extensions>
   </trkpt>
   <trkpt lat="51.8275730" lon="-1.5030830">
    <ele>138.4</ele>
    <time>2026-05-31T13:58:05Z</time>
    <extensions>
     <gpxtpx:TrackPointExtension>
      <gpxtpx:hr>82</gpxtpx:hr>
      <gpxtpx:cad>0</gpxtpx:cad>
     </gpxtpx:TrackPointExtension>
    </extensions>
   </trkpt>
   <trkpt lat="51.8276110" lon="-1.5031790">
    <ele>138.8</ele>
    <time>2026-05-31T13:58:11Z</time>
    <extensions>
     <gpxtpx:TrackPointExtension>
      <gpxtpx:hr>83</gpxtpx:hr>
      <gpxtpx:cad>0</gpxtpx:cad>
     </gpxtpx:TrackPointExtension>
    </extensions>
   </trkpt>
   <trkpt lat="51.8276420" lon="-1.5032310">
    <ele>139.2</ele>
    <time>2026-05-31T13:58:15Z</time>
    <extensions>
     <gpxtpx:TrackPointExtension>
      <gpxtpx:hr>85</gpxtpx:hr>
      <gpxtpx:cad>0</gpxtpx:cad>
     </gpxtpx:TrackPointExtension>
    </extensions>
   </trkpt>
   <trkpt lat="51.8276600" lon="-1.5032820">
    <ele>139.4</ele>
    <time>2026-05-31T13:58:18Z</time>
    <extensions>
     <gpxtpx:TrackPointExtension>
      <gpxtpx:hr>88</gpxtpx:hr>
      <gpxtpx:cad>51</gpxtpx:cad>
     </gpxtpx:TrackPointExtension>
    </extensions>
   </trkpt>
   <trkpt lat="51.8276610" lon="-1.5032990">
    <ele>139.4</ele>
    <time>2026-05-31T13:58:19Z</time>
    <extensions>
     <gpxtpx:TrackPointExtension>
      <gpxtpx:hr>87</gpxtpx:hr>
      <gpxtpx:cad>51</gpxtpx:cad>
     </gpxtpx:TrackPointExtension>
    </extensions>
   </trkpt>
   <trkpt lat="51.8276630" lon="-1.5033610">
    <ele>139.6</ele>
    <time>2026-05-31T13:58:21Z</time>
    <extensions>
     <gpxtpx:TrackPointExtension>
      <gpxtpx:hr>90</gpxtpx:hr>
      <gpxtpx:cad>51</gpxtpx:cad>
     </gpxtpx:TrackPointExtension>
    </extensions>
   </trkpt>
   <trkpt lat="51.8276510" lon="-1.5034440">
    <ele>139.8</ele>
    <time>2026-05-31T13:58:24Z</time>
    <extensions>
     <gpxtpx:TrackPointExtension>
      <gpxtpx:hr>88</gpxtpx:hr>
      <gpxtpx:cad>78</gpxtpx:cad>
     </gpxtpx:TrackPointExtension>
    </extensions>
   </trkpt>
   <trkpt lat="51.8276480" lon="-1.5034840">
    <ele>140.0</ele>
    <time>2026-05-31T13:58:27Z</time>
    <extensions>
     <gpxtpx:TrackPointExtension>
      <gpxtpx:hr>91</gpxtpx:hr>
      <gpxtpx:cad>78</gpxtpx:cad>
     </gpxtpx:TrackPointExtension>
    </extensions>
   </trkpt>
   <trkpt lat="51.8276440" lon="-1.5035170">
    <ele>140.0</ele>
    <time>2026-05-31T13:58:29Z</time>
    <extensions>
     <gpxtpx:TrackPointExtension>
      <gpxtpx:hr>88</gpxtpx:hr>
      <gpxtpx:cad>77</gpxtpx:cad>
     </gpxtpx:TrackPointExtension>
    </extensions>
   </trkpt>
   <trkpt lat="51.8276410" lon="-1.5035330">
    <ele>140.0</ele>
    <time>2026-05-31T13:58:30Z</time>
    <extensions>
     <gpxtpx:TrackPointExtension>
      <gpxtpx:hr>91</gpxtpx:hr>
      <gpxtpx:cad>0</gpxtpx:cad>
     </gpxtpx:TrackPointExtension>
    </extensions>
   </trkpt>
   <trkpt lat="51.8276340" lon="-1.5035540">
    <ele>140.0</ele>
    <time>2026-05-31T13:58:31Z</time>
    <extensions>
     <gpxtpx:TrackPointExtension>
      <gpxtpx:hr>91</gpxtpx:hr>
      <gpxtpx:cad>0</gpxtpx:cad>
     </gpxtpx:TrackPointExtension>
    </extensions>
   </trkpt>
   <trkpt lat="51.8275790" lon="-1.5036580">
    <ele>140.2</ele>
    <time>2026-05-31T13:58:37Z</time>
    <extensions>
     <gpxtpx:TrackPointExtension>
      <gpxtpx:hr>91</gpxtpx:hr>
      <gpxtpx:cad>0</gpxtpx:cad>
     </gpxtpx:TrackPointExtension>
    </extensions>
   </trkpt>
   <trkpt lat="51.8275630" lon="-1.5036940">
    <ele>140.2</ele>
    <time>2026-05-31T13:58:38Z</time>
    <extensions>
     <gpxtpx:TrackPointExtension>
      <gpxtpx:hr>94</gpxtpx:hr>
      <gpxtpx:cad>0</gpxtpx:cad>
     </gpxtpx:TrackPointExtension>
    </extensions>
   </trkpt>
   <trkpt lat="51.8275260" lon="-1.5037760">
    <ele>140.2</ele>
    <time>2026-05-31T13:58:40Z</time>
    <extensions>
     <gpxtpx:TrackPointExtension>
      <gpxtpx:hr>91</gpxtpx:hr>
      <gpxtpx:cad>78</gpxtpx:cad>
     </gpxtpx:TrackPointExtension>
    </extensions>
   </trkpt>
   <trkpt lat="51.8274950" lon="-1.5038670">
    <ele>140.0</ele>
    <time>2026-05-31T13:58:42Z</time>
    <extensions>
     <gpxtpx:TrackPointExtension>
      <gpxtpx:hr>95</gpxtpx:hr>
      <gpxtpx:cad>81</gpxtpx:cad>
     </gpxtpx:TrackPointExtension>
    </extensions>
   </trkpt>
   <trkpt lat="51.8274800" lon="-1.5039110">
    <ele>140.0</ele>
    <time>2026-05-31T13:58:43Z</time>
    <extensions>
     <gpxtpx:TrackPointExtension>
      <gpxtpx:hr>99</gpxtpx:hr>
      <gpxtpx:cad>81</gpxtpx:cad>
     </gpxtpx:TrackPointExtension>
    </extensions>
   </trkpt>
   <trkpt lat="51.8274480" lon="-1.5039970">
    <ele>140.0</ele>
    <time>2026-05-31T13:58:45Z</time>
    <extensions>
     <gpxtpx:TrackPointExtension>
      <gpxtpx:hr>106</gpxtpx:hr>
      <gpxtpx:cad>83</gpxtpx:cad>
     </gpxtpx:TrackPointExtension>
    </extensions>
   </trkpt>
   <trkpt lat="51.8274360" lon="-1.5040470">
    <ele>140.0</ele>
    <time>2026-05-31T13:58:46Z</time>
    <extensions>
     <gpxtpx:TrackPointExtension>
      <gpxtpx:hr>109</gpxtpx:hr>
      <gpxtpx:cad>83</gpxtpx:cad>
     </gpxtpx:TrackPointExtension>
    </extensions>
   </trkpt>
   <trkpt lat="51.8274230" lon="-1.5040900">
    <ele>140.0</ele>
    <time>2026-05-31T13:58:47Z</time>
    <extensions>
     <gpxtpx:TrackPointExtension>
      <gpxtpx:hr>112</gpxtpx:hr>
      <gpxtpx:cad>83</gpxtpx:cad>
     </gpxtpx:TrackPointExtension>
    </extensions>
   </trkpt>
   <trkpt lat="51.8273940" lon="-1.5041770">
    <ele>140.0</ele>
    <time>2026-05-31T13:58:49Z</time>
    <extensions>
     <gpxtpx:TrackPointExtension>
      <gpxtpx:hr>116</gpxtpx:hr>
      <gpxtpx:cad>83</gpxtpx:cad>
     </gpxtpx:TrackPointExtension>
    </extensions>
   </trkpt>
   <trkpt lat="51.8273550" lon="-1.5043040">
    <ele>140.2</ele>
    <time>2026-05-31T13:58:52Z</time>
    <extensions>
     <gpxtpx:TrackPointExtension>
      <gpxtpx:hr>120</gpxtpx:hr>
      <gpxtpx:cad>82</gpxtpx:cad>
     </gpxtpx:TrackPointExtension>
    </extensions>
   </trkpt>
   <trkpt lat="51.8273410" lon="-1.5043520">
    <ele>140.2</ele>
    <time>2026-05-31T13:58:54Z</time>
    <extensions>
     <gpxtpx:TrackPointExtension>
      <gpxtpx:hr>124</gpxtpx:hr>
      <gpxtpx:cad>82</gpxtpx:cad>
     </gpxtpx:TrackPointExtension>
    </extensions>
   </trkpt>
   <trkpt lat="51.8273220" lon="-1.5043850">
    <ele>140.2</ele>
    <time>2026-05-31T13:58:57Z</time>
    <extensions>
     <gpxtpx:TrackPointExtension>
      <gpxtpx:hr>124</gpxtpx:hr>
      <gpxtpx:cad>82</gpxtpx:cad>
     </gpxtpx:TrackPointExtension>
    </extensions>
   </trkpt>
   <trkpt lat="51.8272950" lon="-1.5044050">
    <ele>140.0</ele>
    <time>2026-05-31T13:59:00Z</time>
    <extensions>
     <gpxtpx:TrackPointExtension>
      <gpxtpx:hr>124</gpxtpx:hr>
      <gpxtpx:cad>62</gpxtpx:cad>
     </gpxtpx:TrackPointExtension>
    </extensions>
   </trkpt>
   <trkpt lat="51.8272870" lon="-1.5044140">
    <ele>140.0</ele>
    <time>2026-05-31T13:59:01Z</time>
    <extensions>
     <gpxtpx:TrackPointExtension>
      <gpxtpx:hr>127</gpxtpx:hr>
      <gpxtpx:cad>62</gpxtpx:cad>
     </gpxtpx:TrackPointExtension>
    </extensions>
   </trkpt>
   <trkpt lat="51.8272500" lon="-1.5044540">
    <ele>140.0</ele>
    <time>2026-05-31T13:59:05Z</time>
    <extensions>
     <gpxtpx:TrackPointExtension>
      <gpxtpx:hr>130</gpxtpx:hr>
      <gpxtpx:cad>57</gpxtpx:cad>
     </gpxtpx:TrackPointExtension>
    </extensions>
   </trkpt>
   <trkpt lat="51.8272460" lon="-1.5044750">
    <ele>140.0</ele>
    <time>2026-05-31T13:59:06Z</time>
    <extensions>
     <gpxtpx:TrackPointExtension>
      <gpxtpx:hr>130</gpxtpx:hr>
      <gpxtpx:cad>57</gpxtpx:cad>
     </gpxtpx:TrackPointExtension>
    </extensions>
   </trkpt>
   <trkpt lat="51.8272400" lon="-1.5045180">
    <ele>140.0</ele>
    <time>2026-05-31T13:59:08Z</time>
    <extensions>
     <gpxtpx:TrackPointExtension>
      <gpxtpx:hr>134</gpxtpx:hr>
      <gpxtpx:cad>55</gpxtpx:cad>
     </gpxtpx:TrackPointExtension>
    </extensions>
   </trkpt>
   <trkpt lat="51.8272090" lon="-1.5045970">
    <ele>139.8</ele>
    <time>2026-05-31T13:59:13Z</time>
    <extensions>
     <gpxtpx:TrackPointExtension>
      <gpxtpx:hr>134</gpxtpx:hr>
      <gpxtpx:cad>0</gpxtpx:cad>
     </gpxtpx:TrackPointExtension>
    </extensions>
   </trkpt>
   <trkpt lat="51.8272060" lon="-1.5047530">
    <ele>139.8</ele>
    <time>2026-05-31T13:59:19Z</time>
    <extensions>
     <gpxtpx:TrackPointExtension>
      <gpxtpx:hr>131</gpxtpx:hr>
      <gpxtpx:cad>55</gpxtpx:cad>
     </gpxtpx:TrackPointExtension>
    </extensions>
   </trkpt>
   <trkpt lat="51.8272030" lon="-1.5047880">
    <ele>139.8</ele>
    <time>2026-05-31T13:59:21Z</time>
    <extensions>
     <gpxtpx:TrackPointExtension>
      <gpxtpx:hr>129</gpxtpx:hr>
      <gpxtpx:cad>57</gpxtpx:cad>
     </gpxtpx:TrackPointExtension>
    </extensions>
   </trkpt>
   <trkpt lat="51.8271800" lon="-1.5048870">
    <ele>139.2</ele>
    <time>2026-05-31T13:59:29Z</time>
    <extensions>
     <gpxtpx:TrackPointExtension>
      <gpxtpx:hr>127</gpxtpx:hr>
      <gpxtpx:cad>48</gpxtpx:cad>
     </gpxtpx:TrackPointExtension>
    </extensions>
   </trkpt>
   <trkpt lat="51.8271760" lon="-1.5049290">
    <ele>139.0</ele>
    <time>2026-05-31T13:59:32Z</time>
    <extensions>
     <gpxtpx:TrackPointExtension>
      <gpxtpx:hr>124</gpxtpx:hr>
      <gpxtpx:cad>50</gpxtpx:cad>
     </gpxtpx:TrackPointExtension>
    </extensions>
   </trkpt>
   <trkpt lat="51.8271750" lon="-1.5049480">
    <ele>139.0</ele>
    <time>2026-05-31T13:59:33Z</time>
    <extensions>
     <gpxtpx:TrackPointExtension>
      <gpxtpx:hr>124</gpxtpx:hr>
      <gpxtpx:cad>50</gpxtpx:cad>
     </gpxtpx:TrackPointExtension>
    </extensions>
   </trkpt>
   <trkpt lat="51.8271730" lon="-1.5049600">
    <ele>139.0</ele>
    <time>2026-05-31T13:59:34Z</time>
    <extensions>
     <gpxtpx:TrackPointExtension>
      <gpxtpx:hr>121</gpxtpx:hr>
      <gpxtpx:cad>50</gpxtpx:cad>
     </gpxtpx:TrackPointExtension>
    </extensions>
   </trkpt>
   <trkpt lat="51.8271460" lon="-1.5050810">
    <ele>138.6</ele>
    <time>2026-05-31T13:59:43Z</time>
    <extensions>
     <gpxtpx:TrackPointExtension>
      <gpxtpx:hr>117</gpxtpx:hr>
      <gpxtpx:cad>50</gpxtpx:cad>
     </gpxtpx:TrackPointExtension>
    </extensions>
   </trkpt>
   <trkpt lat="51.8271440" lon="-1.5051250">
    <ele>138.6</ele>
    <time>2026-05-31T13:59:45Z</time>
    <extensions>
     <gpxtpx:TrackPointExtension>
      <gpxtpx:hr>114</gpxtpx:hr>
      <gpxtpx:cad>49</gpxtpx:cad>
     </gpxtpx:TrackPointExtension>
    </extensions>
   </trkpt>
   <trkpt lat="51.8271340" lon="-1.5052250">
    <ele>138.4</ele>
    <time>2026-05-31T13:59:50Z</time>
    <extensions>
     <gpxtpx:TrackPointExtension>
      <gpxtpx:hr>111</gpxtpx:hr>
      <gpxtpx:cad>54</gpxtpx:cad>
     </gpxtpx:TrackPointExtension>
    </extensions>
   </trkpt>
   <trkpt lat="51.8271260" lon="-1.5052820">
    <ele>138.2</ele>
    <time>2026-05-31T13:59:54Z</time>
    <extensions>
     <gpxtpx:TrackPointExtension>
      <gpxtpx:hr>111</gpxtpx:hr>
      <gpxtpx:cad>55</gpxtpx:cad>
     </gpxtpx:TrackPointExtension>
    </extensions>
   </trkpt>
   <trkpt lat="51.8271220" lon="-1.5052940">
    <ele>138.0</ele>
    <time>2026-05-31T13:59:55Z</time>
    <extensions>
     <gpxtpx:TrackPointExtension>
      <gpxtpx:hr>110</gpxtpx:hr>
      <gpxtpx:cad>55</gpxtpx:cad>
     </gpxtpx:TrackPointExtension>
    </extensions>
   </trkpt>
   <trkpt lat="51.8270840" lon="-1.5054030">
    <ele>137.2</ele>
    <time>2026-05-31T14:00:03Z</time>
    <extensions>
     <gpxtpx:TrackPointExtension>
      <gpxtpx:hr>107</gpxtpx:hr>
      <gpxtpx:cad>53</gpxtpx:cad>
     </gpxtpx:TrackPointExtension>
    </extensions>
   </trkpt>
   <trkpt lat="51.8270770" lon="-1.5054230">
    <ele>137.0</ele>
    <time>2026-05-31T14:00:04Z</time>
    <extensions>
     <gpxtpx:TrackPointExtension>
      <gpxtpx:hr>108</gpxtpx:hr>
      <gpxtpx:cad>53</gpxtpx:cad>
     </gpxtpx:TrackPointExtension>
    </extensions>
   </trkpt>
   <trkpt lat="51.8270530" lon="-1.5054660">
    <ele>136.6</ele>
    <time>2026-05-31T14:00:06Z</time>
    <extensions>
     <gpxtpx:TrackPointExtension>
      <gpxtpx:hr>104</gpxtpx:hr>
      <gpxtpx:cad>123</gpxtpx:cad>
     </gpxtpx:TrackPointExtension>
    </extensions>
   </trkpt>
   <trkpt lat="51.8270130" lon="-1.5055420">
    <ele>136.0</ele>
    <time>2026-05-31T14:00:10Z</time>
    <extensions>
     <gpxtpx:TrackPointExtension>
      <gpxtpx:hr>104</gpxtpx:hr>
      <gpxtpx:cad>64</gpxtpx:cad>
     </gpxtpx:TrackPointExtension>
    </extensions>
   </trkpt>
   <trkpt lat="51.8270000" lon="-1.5055820">
    <ele>135.0</ele>
    <time>2026-05-31T14:00:13Z</time>
    <extensions>
     <gpxtpx:TrackPointExtension>
      <gpxtpx:hr>103</gpxtpx:hr>
      <gpxtpx:cad>64</gpxtpx:cad>
     </gpxtpx:TrackPointExtension>
    </extensions>
   </trkpt>
   <trkpt lat="51.8269930" lon="-1.5055960">
    <ele>134.6</ele>
    <time>2026-05-31T14:00:14Z</time>
    <extensions>
     <gpxtpx:TrackPointExtension>
      <gpxtpx:hr>101</gpxtpx:hr>
      <gpxtpx:cad>64</gpxtpx:cad>
     </gpxtpx:TrackPointExtension>
    </extensions>
   </trkpt>
   <trkpt lat="51.8269670" lon="-1.5056410">
    <ele>133.8</ele>
    <time>2026-05-31T14:00:17Z</time>
    <extensions>
     <gpxtpx:TrackPointExtension>
      <gpxtpx:hr>99</gpxtpx:hr>
      <gpxtpx:cad>55</gpxtpx:cad>
     </gpxtpx:TrackPointExtension>
    </extensions>
   </trkpt>
   <trkpt lat="51.8269060" lon="-1.5057250">
    <ele>133.6</ele>
    <time>2026-05-31T14:00:24Z</time>
    <extensions>
     <gpxtpx:TrackPointExtension>
      <gpxtpx:hr>94</gpxtpx:hr>
      <gpxtpx:cad>52</gpxtpx:cad>
     </gpxtpx:TrackPointExtension>
    </extensions>
   </trkpt>
   <trkpt lat="51.8268880" lon="-1.5057550">
    <ele>133.2</ele>
    <time>2026-05-31T14:00:29Z</time>
    <extensions>
     <gpxtpx:TrackPointExtension>
      <gpxtpx:hr>93</gpxtpx:hr>
      <gpxtpx:cad>52</gpxtpx:cad>
     </gpxtpx:TrackPointExtension>
    </extensions>
   </trkpt>
   <trkpt lat="51.8268470" lon="-1.5058360">
    <ele>133.2</ele>
    <time>2026-05-31T14:00:35Z</time>
    <extensions>
     <gpxtpx:TrackPointExtension>
      <gpxtpx:hr>90</gpxtpx:hr>
      <gpxtpx:cad>48</gpxtpx:cad>
     </gpxtpx:TrackPointExtension>
    </extensions>
   </trkpt>
   <trkpt lat="51.8268420" lon="-1.5058550">
    <ele>133.2</ele>
    <time>2026-05-31T14:00:36Z</time>
    <extensions>
     <gpxtpx:TrackPointExtension>
      <gpxtpx:hr>90</gpxtpx:hr>
      <gpxtpx:cad>0</gpxtpx:cad>
     </gpxtpx:TrackPointExtension>
    </extensions>
   </trkpt>
   <trkpt lat="51.8268010" lon="-1.5059820">
    <ele>133.2</ele>
    <time>2026-05-31T14:00:41Z</time>
    <extensions>
     <gpxtpx:TrackPointExtension>
      <gpxtpx:hr>93</gpxtpx:hr>
      <gpxtpx:cad>82</gpxtpx:cad>
     </gpxtpx:TrackPointExtension>
    </extensions>
   </trkpt>
   <trkpt lat="51.8267850" lon="-1.5060100">
    <ele>133.2</ele>
    <time>2026-05-31T14:00:42Z</time>
    <extensions>
     <gpxtpx:TrackPointExtension>
      <gpxtpx:hr>91</gpxtpx:hr>
      <gpxtpx:cad>82</gpxtpx:cad>
     </gpxtpx:TrackPointExtension>
    </extensions>
   </trkpt>
   <trkpt lat="51.8267520" lon="-1.5060520">
    <ele>133.4</ele>
    <time>2026-05-31T14:00:45Z</time>
    <extensions>
     <gpxtpx:TrackPointExtension>
      <gpxtpx:hr>94</gpxtpx:hr>
      <gpxtpx:cad>74</gpxtpx:cad>
     </gpxtpx:TrackPointExtension>
    </extensions>
   </trkpt>
   <trkpt lat="51.8267450" lon="-1.5060580">
    <ele>133.4</ele>
    <time>2026-05-31T14:00:46Z</time>
    <extensions>
     <gpxtpx:TrackPointExtension>
      <gpxtpx:hr>98</gpxtpx:hr>
      <gpxtpx:cad>74</gpxtpx:cad>
     </gpxtpx:TrackPointExtension>
    </extensions>
   </trkpt>
   <trkpt lat="51.8267390" lon="-1.5060670">
    <ele>133.6</ele>
    <time>2026-05-31T14:00:47Z</time>
    <extensions>
     <gpxtpx:TrackPointExtension>
      <gpxtpx:hr>98</gpxtpx:hr>
      <gpxtpx:cad>74</gpxtpx:cad>
     </gpxtpx:TrackPointExtension>
    </extensions>
   </trkpt>
   <trkpt lat="51.8267340" lon="-1.5060760">
    <ele>133.6</ele>
    <time>2026-05-31T14:00:48Z</time>
    <extensions>
     <gpxtpx:TrackPointExtension>
      <gpxtpx:hr>101</gpxtpx:hr>
      <gpxtpx:cad>74</gpxtpx:cad>
     </gpxtpx:TrackPointExtension>
    </extensions>
   </trkpt>
   <trkpt lat="51.8267310" lon="-1.5060900">
    <ele>133.8</ele>
    <time>2026-05-31T14:00:49Z</time>
    <extensions>
     <gpxtpx:TrackPointExtension>
      <gpxtpx:hr>105</gpxtpx:hr>
      <gpxtpx:cad>74</gpxtpx:cad>
     </gpxtpx:TrackPointExtension>
    </extensions>
   </trkpt>
   <trkpt lat="51.8267210" lon="-1.5061180">
    <ele>134.0</ele>
    <time>2026-05-31T14:00:51Z</time>
    <extensions>
     <gpxtpx:TrackPointExtension>
      <gpxtpx:hr>109</gpxtpx:hr>
      <gpxtpx:cad>47</gpxtpx:cad>
     </gpxtpx:TrackPointExtension>
    </extensions>
   </trkpt>
   <trkpt lat="51.8267130" lon="-1.5061410">
    <ele>134.8</ele>
    <time>2026-05-31T14:00:53Z</time>
    <extensions>
     <gpxtpx:TrackPointExtension>
      <gpxtpx:hr>113</gpxtpx:hr>
      <gpxtpx:cad>47</gpxtpx:cad>
     </gpxtpx:TrackPointExtension>
    </extensions>
   </trkpt>
   <trkpt lat="51.8267080" lon="-1.5061490">
    <ele>135.0</ele>
    <time>2026-05-31T14:00:54Z</time>
    <extensions>
     <gpxtpx:TrackPointExtension>
      <gpxtpx:hr>114</gpxtpx:hr>
      <gpxtpx:cad>45</gpxtpx:cad>
     </gpxtpx:TrackPointExtension>
    </extensions>
   </trkpt>
   <trkpt lat="51.8266990" lon="-1.5061860">
    <ele>135.4</ele>
    <time>2026-05-31T14:00:57Z</time>
    <extensions>
     <gpxtpx:TrackPointExtension>
      <gpxtpx:hr>111</gpxtpx:hr>
      <gpxtpx:cad>44</gpxtpx:cad>
     </gpxtpx:TrackPointExtension>
    </extensions>
   </trkpt>
   <trkpt lat="51.8266850" lon="-1.5062230">
    <ele>136.0</ele>
    <time>2026-05-31T14:01:00Z</time>
    <extensions>
     <gpxtpx:TrackPointExtension>
      <gpxtpx:hr>112</gpxtpx:hr>
      <gpxtpx:cad>43</gpxtpx:cad>
     </gpxtpx:TrackPointExtension>
    </extensions>
   </trkpt>
   <trkpt lat="51.8266640" lon="-1.5062880">
    <ele>137.0</ele>
    <time>2026-05-31T14:01:05Z</time>
    <extensions>
     <gpxtpx:TrackPointExtension>
      <gpxtpx:hr>110</gpxtpx:hr>
      <gpxtpx:cad>43</gpxtpx:cad>
     </gpxtpx:TrackPointExtension>
    </extensions>
   </trkpt>
   <trkpt lat="51.8266500" lon="-1.5063370">
    <ele>137.4</ele>
    <time>2026-05-31T14:01:08Z</time>
    <extensions>
     <gpxtpx:TrackPointExtension>
      <gpxtpx:hr>114</gpxtpx:hr>
      <gpxtpx:cad>43</gpxtpx:cad>
     </gpxtpx:TrackPointExtension>
    </extensions>
   </trkpt>
   <trkpt lat="51.8266490" lon="-1.5063860">
    <ele>137.4</ele>
    <time>2026-05-31T14:01:10Z</time>
    <extensions>
     <gpxtpx:TrackPointExtension>
      <gpxtpx:hr>117</gpxtpx:hr>
      <gpxtpx:cad>46</gpxtpx:cad>
     </gpxtpx:TrackPointExtension>
    </extensions>
   </trkpt>
   <trkpt lat="51.8266440" lon="-1.5064000">
    <ele>137.6</ele>
    <time>2026-05-31T14:01:11Z</time>
    <extensions>
     <gpxtpx:TrackPointExtension>
      <gpxtpx:hr>114</gpxtpx:hr>
      <gpxtpx:cad>48</gpxtpx:cad>
     </gpxtpx:TrackPointExtension>
    </extensions>
   </trkpt>
   <trkpt lat="51.8266090" lon="-1.5065400">
    <ele>137.8</ele>
    <time>2026-05-31T14:01:22Z</time>
    <extensions>
     <gpxtpx:TrackPointExtension>
      <gpxtpx:hr>111</gpxtpx:hr>
      <gpxtpx:cad>49</gpxtpx:cad>
     </gpxtpx:TrackPointExtension>
    </extensions>
   </trkpt>
   <trkpt lat="51.8266060" lon="-1.5065490">
    <ele>138.0</ele>
    <time>2026-05-31T14:01:23Z</time>
    <extensions>
     <gpxtpx:TrackPointExtension>
      <gpxtpx:hr>111</gpxtpx:hr>
      <gpxtpx:cad>0</gpxtpx:cad>
     </gpxtpx:TrackPointExtension>
    </extensions>
   </trkpt>
   <trkpt lat="51.8266040" lon="-1.5065550">
    <ele>138.0</ele>
    <time>2026-05-31T14:01:24Z</time>
    <extensions>
     <gpxtpx:TrackPointExtension>
      <gpxtpx:hr>111</gpxtpx:hr>
      <gpxtpx:cad>0</gpxtpx:cad>
     </gpxtpx:TrackPointExtension>
    </extensions>
   </trkpt>
   <trkpt lat="51.8266010" lon="-1.5065900">
    <ele>138.2</ele>
    <time>2026-05-31T14:01:29Z</time>
    <extensions>
     <gpxtpx:TrackPointExtension>
      <gpxtpx:hr>108</gpxtpx:hr>
      <gpxtpx:cad>0</gpxtpx:cad>
     </gpxtpx:TrackPointExtension>
    </extensions>
   </trkpt>
   <trkpt lat="51.8265880" lon="-1.5066270">
    <ele>138.4</ele>
    <time>2026-05-31T14:01:32Z</time>
    <extensions>
     <gpxtpx:TrackPointExtension>
      <gpxtpx:hr>105</gpxtpx:hr>
      <gpxtpx:cad>0</gpxtpx:cad>
     </gpxtpx:TrackPointExtension>
    </extensions>
   </trkpt>
   <trkpt lat="51.8265400" lon="-1.5067380">
    <ele>138.4</ele>
    <time>2026-05-31T14:01:40Z</time>
    <extensions>
     <gpxtpx:TrackPointExtension>
      <gpxtpx:hr>102</gpxtpx:hr>
      <gpxtpx:cad>47</gpxtpx:cad>
     </gpxtpx:TrackPointExtension>
    </extensions>
   </trkpt>
   <trkpt lat="51.8265340" lon="-1.5067480">
    <ele>138.4</ele>
    <time>2026-05-31T14:01:41Z</time>
    <extensions>
     <gpxtpx:TrackPointExtension>
      <gpxtpx:hr>103</gpxtpx:hr>
      <gpxtpx:cad>47</gpxtpx:cad>
     </gpxtpx:TrackPointExtension>
    </extensions>
   </trkpt>
   <trkpt lat="51.8265300" lon="-1.5067690">
    <ele>138.4</ele>
    <time>2026-05-31T14:01:49Z</time>
    <extensions>
     <gpxtpx:TrackPointExtension>
      <gpxtpx:hr>103</gpxtpx:hr>
      <gpxtpx:cad>0</gpxtpx:cad>
     </gpxtpx:TrackPointExtension>
    </extensions>
   </trkpt>
   <trkpt lat="51.8265330" lon="-1.5067740">
    <ele>138.4</ele>
    <time>2026-05-31T14:01:57Z</time>
    <extensions>
     <gpxtpx:TrackPointExtension>
      <gpxtpx:hr>100</gpxtpx:hr>
      <gpxtpx:cad>0</gpxtpx:cad>
     </gpxtpx:TrackPointExtension>
    </extensions>
   </trkpt>
   <trkpt lat="51.8265300" lon="-1.5067760">
    <ele>138.4</ele>
    <time>2026-05-31T14:01:59Z</time>
    <extensions>
     <gpxtpx:TrackPointExtension>
      <gpxtpx:hr>99</gpxtpx:hr>
      <gpxtpx:cad>0</gpxtpx:cad>
     </gpxtpx:TrackPointExtension>
    </extensions>
   </trkpt>
   <trkpt lat="51.8265450" lon="-1.5067610">
    <ele>138.4</ele>
    <time>2026-05-31T14:02:06Z</time>
    <extensions>
     <gpxtpx:TrackPointExtension>
      <gpxtpx:hr>96</gpxtpx:hr>
      <gpxtpx:cad>0</gpxtpx:cad>
     </gpxtpx:TrackPointExtension>
    </extensions>
   </trkpt>
   <trkpt lat="51.8265450" lon="-1.5067680">
    <ele>138.4</ele>
    <time>2026-05-31T14:02:11Z</time>
    <extensions>
     <gpxtpx:TrackPointExtension>
      <gpxtpx:hr>95</gpxtpx:hr>
      <gpxtpx:cad>0</gpxtpx:cad>
     </gpxtpx:TrackPointExtension>
    </extensions>
   </trkpt>
   <trkpt lat="51.8265420" lon="-1.5067940">
    <ele>138.4</ele>
    <time>2026-05-31T14:02:16Z</time>
    <extensions>
     <gpxtpx:TrackPointExtension>
      <gpxtpx:hr>100</gpxtpx:hr>
      <gpxtpx:cad>0</gpxtpx:cad>
     </gpxtpx:TrackPointExtension>
    </extensions>
   </trkpt>
   <trkpt lat="51.8265390" lon="-1.5068020">
    <ele>138.4</ele>
    <time>2026-05-31T14:02:17Z</time>
    <extensions>
     <gpxtpx:TrackPointExtension>
      <gpxtpx:hr>104</gpxtpx:hr>
      <gpxtpx:cad>0</gpxtpx:cad>
     </gpxtpx:TrackPointExtension>
    </extensions>
   </trkpt>
   <trkpt lat="51.8265270" lon="-1.5068220">
    <ele>138.4</ele>
    <time>2026-05-31T14:02:19Z</time>
    <extensions>
     <gpxtpx:TrackPointExtension>
      <gpxtpx:hr>107</gpxtpx:hr>
      <gpxtpx:cad>0</gpxtpx:cad>
     </gpxtpx:TrackPointExtension>
    </extensions>
   </trkpt>
   <trkpt lat="51.8265090" lon="-1.5068770">
    <ele>138.6</ele>
    <time>2026-05-31T14:02:23Z</time>
    <extensions>
     <gpxtpx:TrackPointExtension>
      <gpxtpx:hr>108</gpxtpx:hr>
      <gpxtpx:cad>0</gpxtpx:cad>
     </gpxtpx:TrackPointExtension>
    </extensions>
   </trkpt>
   <trkpt lat="51.8264780" lon="-1.5069550">
    <ele>138.8</ele>
    <time>2026-05-31T14:02:30Z</time>
    <extensions>
     <gpxtpx:TrackPointExtension>
      <gpxtpx:hr>105</gpxtpx:hr>
      <gpxtpx:cad>47</gpxtpx:cad>
     </gpxtpx:TrackPointExtension>
    </extensions>
   </trkpt>
   <trkpt lat="51.8264580" lon="-1.5070060">
    <ele>138.8</ele>
    <time>2026-05-31T14:02:34Z</time>
    <extensions>
     <gpxtpx:TrackPointExtension>
      <gpxtpx:hr>108</gpxtpx:hr>
      <gpxtpx:cad>47</gpxtpx:cad>
     </gpxtpx:TrackPointExtension>
    </extensions>
   </trkpt>
   <trkpt lat="51.8264520" lon="-1.5070310">
    <ele>138.6</ele>
    <time>2026-05-31T14:02:36Z</time>
    <extensions>
     <gpxtpx:TrackPointExtension>
      <gpxtpx:hr>107</gpxtpx:hr>
      <gpxtpx:cad>47</gpxtpx:cad>
     </gpxtpx:TrackPointExtension>
    </extensions>
   </trkpt>
   <trkpt lat="51.8263950" lon="-1.5071780">
    <ele>138.6</ele>
    <time>2026-05-31T14:02:49Z</time>
    <extensions>
     <gpxtpx:TrackPointExtension>
      <gpxtpx:hr>105</gpxtpx:hr>
      <gpxtpx:cad>43</gpxtpx:cad>
     </gpxtpx:TrackPointExtension>
    </extensions>
   </trkpt>
   <trkpt lat="51.8263920" lon="-1.5071710">
    <ele>138.6</ele>
    <time>2026-05-31T14:02:53Z</time>
    <extensions>
     <gpxtpx:TrackPointExtension>
      <gpxtpx:hr>102</gpxtpx:hr>
      <gpxtpx:cad>0</gpxtpx:cad>
     </gpxtpx:TrackPointExtension>
    </extensions>
   </trkpt>
   <trkpt lat="51.8263740" lon="-1.5071600">
    <ele>138.4</ele>
    <time>2026-05-31T14:02:59Z</time>
    <extensions>
     <gpxtpx:TrackPointExtension>
      <gpxtpx:hr>99</gpxtpx:hr>
      <gpxtpx:cad>0</gpxtpx:cad>
     </gpxtpx:TrackPointExtension>
    </extensions>
   </trkpt>
   <trkpt lat="51.8263340" lon="-1.5072290">
    <ele>138.4</ele>
    <time>2026-05-31T14:03:06Z</time>
    <extensions>
     <gpxtpx:TrackPointExtension>
      <gpxtpx:hr>95</gpxtpx:hr>
      <gpxtpx:cad>0</gpxtpx:cad>
     </gpxtpx:TrackPointExtension>
    </extensions>
   </trkpt>
   <trkpt lat="51.8263190" lon="-1.5072770">
    <ele>138.6</ele>
    <time>2026-05-31T14:03:09Z</time>
    <extensions>
     <gpxtpx:TrackPointExtension>
      <gpxtpx:hr>98</gpxtpx:hr>
      <gpxtpx:cad>43</gpxtpx:cad>
     </gpxtpx:TrackPointExtension>
    </extensions>
   </trkpt>
   <trkpt lat="51.8262820" lon="-1.5073460">
    <ele>138.4</ele>
    <time>2026-05-31T14:03:16Z</time>
    <extensions>
     <gpxtpx:TrackPointExtension>
      <gpxtpx:hr>95</gpxtpx:hr>
      <gpxtpx:cad>43</gpxtpx:cad>
     </gpxtpx:TrackPointExtension>
    </extensions>
   </trkpt>
   <trkpt lat="51.8262670" lon="-1.5073750">
    <ele>138.4</ele>
    <time>2026-05-31T14:03:19Z</time>
    <extensions>
     <gpxtpx:TrackPointExtension>
      <gpxtpx:hr>92</gpxtpx:hr>
      <gpxtpx:cad>42</gpxtpx:cad>
     </gpxtpx:TrackPointExtension>
    </extensions>
   </trkpt>
   <trkpt lat="51.8262600" lon="-1.5074140">
    <ele>138.4</ele>
    <time>2026-05-31T14:03:22Z</time>
    <extensions>
     <gpxtpx:TrackPointExtension>
      <gpxtpx:hr>92</gpxtpx:hr>
      <gpxtpx:cad>40</gpxtpx:cad>
     </gpxtpx:TrackPointExtension>
    </extensions>
   </trkpt>
   <trkpt lat="51.8262570" lon="-1.5074370">
    <ele>138.4</ele>
    <time>2026-05-31T14:03:24Z</time>
    <extensions>
     <gpxtpx:TrackPointExtension>
      <gpxtpx:hr>89</gpxtpx:hr>
      <gpxtpx:cad>40</gpxtpx:cad>
     </gpxtpx:TrackPointExtension>
    </extensions>
   </trkpt>
   <trkpt lat="51.8262080" lon="-1.5075850">
    <ele>138.4</ele>
    <time>2026-05-31T14:03:34Z</time>
    <extensions>
     <gpxtpx:TrackPointExtension>
      <gpxtpx:hr>91</gpxtpx:hr>
      <gpxtpx:cad>0</gpxtpx:cad>
     </gpxtpx:TrackPointExtension>
    </extensions>
   </trkpt>
   <trkpt lat="51.8261160" lon="-1.5077680">
    <ele>138.4</ele>
    <time>2026-05-31T14:03:46Z</time>
    <extensions>
     <gpxtpx:TrackPointExtension>
      <gpxtpx:hr>93</gpxtpx:hr>
      <gpxtpx:cad>51</gpxtpx:cad>
     </gpxtpx:TrackPointExtension>
    </extensions>
   </trkpt>
   <trkpt lat="51.8260620" lon="-1.5079000">
    <ele>138.4</ele>
    <time>2026-05-31T14:03:54Z</time>
    <extensions>
     <gpxtpx:TrackPointExtension>
      <gpxtpx:hr>90</gpxtpx:hr>
      <gpxtpx:cad>51</gpxtpx:cad>
     </gpxtpx:TrackPointExtension>
    </extensions>
   </trkpt>
   <trkpt lat="51.8260470" lon="-1.5079500">
    <ele>138.4</ele>
    <time>2026-05-31T14:03:58Z</time>
    <extensions>
     <gpxtpx:TrackPointExtension>
      <gpxtpx:hr>87</gpxtpx:hr>
      <gpxtpx:cad>51</gpxtpx:cad>
     </gpxtpx:TrackPointExtension>
    </extensions>
   </trkpt>
   <trkpt lat="51.8260350" lon="-1.5079750">
    <ele>138.4</ele>
    <time>2026-05-31T14:04:00Z</time>
    <extensions>
     <gpxtpx:TrackPointExtension>
      <gpxtpx:hr>87</gpxtpx:hr>
      <gpxtpx:cad>50</gpxtpx:cad>
     </gpxtpx:TrackPointExtension>
    </extensions>
   </trkpt>
   <trkpt lat="51.8259740" lon="-1.5082040">
    <ele>138.4</ele>
    <time>2026-05-31T14:04:13Z</time>
    <extensions>
     <gpxtpx:TrackPointExtension>
      <gpxtpx:hr>84</gpxtpx:hr>
      <gpxtpx:cad>50</gpxtpx:cad>
     </gpxtpx:TrackPointExtension>
    </extensions>
   </trkpt>
   <trkpt lat="51.8259630" lon="-1.5082360">
    <ele>138.4</ele>
    <time>2026-05-31T14:04:15Z</time>
    <extensions>
     <gpxtpx:TrackPointExtension>
      <gpxtpx:hr>85</gpxtpx:hr>
      <gpxtpx:cad>51</gpxtpx:cad>
     </gpxtpx:TrackPointExtension>
    </extensions>
   </trkpt>
   <trkpt lat="51.8259230" lon="-1.5083770">
    <ele>138.4</ele>
    <time>2026-05-31T14:04:24Z</time>
    <extensions>
     <gpxtpx:TrackPointExtension>
      <gpxtpx:hr>88</gpxtpx:hr>
      <gpxtpx:cad>51</gpxtpx:cad>
     </gpxtpx:TrackPointExtension>
    </extensions>
   </trkpt>
   <trkpt lat="51.8258990" lon="-1.5084560">
    <ele>138.4</ele>
    <time>2026-05-31T14:04:28Z</time>
    <extensions>
     <gpxtpx:TrackPointExtension>
      <gpxtpx:hr>88</gpxtpx:hr>
      <gpxtpx:cad>52</gpxtpx:cad>
     </gpxtpx:TrackPointExtension>
    </extensions>
   </trkpt>
   <trkpt lat="51.8258150" lon="-1.5086380">
    <ele>138.4</ele>
    <time>2026-05-31T14:04:41Z</time>
    <extensions>
     <gpxtpx:TrackPointExtension>
      <gpxtpx:hr>90</gpxtpx:hr>
      <gpxtpx:cad>0</gpxtpx:cad>
     </gpxtpx:TrackPointExtension>
    </extensions>
   </trkpt>
   <trkpt lat="51.8257870" lon="-1.5086660">
    <ele>138.6</ele>
    <time>2026-05-31T14:04:44Z</time>
    <extensions>
     <gpxtpx:TrackPointExtension>
      <gpxtpx:hr>93</gpxtpx:hr>
      <gpxtpx:cad>49</gpxtpx:cad>
     </gpxtpx:TrackPointExtension>
    </extensions>
   </trkpt>
   <trkpt lat="51.8257500" lon="-1.5087650">
    <ele>138.8</ele>
    <time>2026-05-31T14:04:51Z</time>
    <extensions>
     <gpxtpx:TrackPointExtension>
      <gpxtpx:hr>88</gpxtpx:hr>
      <gpxtpx:cad>0</gpxtpx:cad>
     </gpxtpx:TrackPointExtension>
    </extensions>
   </trkpt>
   <trkpt lat="51.8257400" lon="-1.5088130">
    <ele>138.8</ele>
    <time>2026-05-31T14:04:54Z</time>
    <extensions>
     <gpxtpx:TrackPointExtension>
      <gpxtpx:hr>85</gpxtpx:hr>
      <gpxtpx:cad>0</gpxtpx:cad>
     </gpxtpx:TrackPointExtension>
    </extensions>
   </trkpt>
   <trkpt lat="51.8256960" lon="-1.5089930">
    <ele>139.0</ele>
    <time>2026-05-31T14:05:05Z</time>
    <extensions>
     <gpxtpx:TrackPointExtension>
      <gpxtpx:hr>85</gpxtpx:hr>
      <gpxtpx:cad>53</gpxtpx:cad>
     </gpxtpx:TrackPointExtension>
    </extensions>
   </trkpt>
   <trkpt lat="51.8256950" lon="-1.5090080">
    <ele>139.0</ele>
    <time>2026-05-31T14:05:06Z</time>
    <extensions>
     <gpxtpx:TrackPointExtension>
      <gpxtpx:hr>82</gpxtpx:hr>
      <gpxtpx:cad>53</gpxtpx:cad>
     </gpxtpx:TrackPointExtension>
    </extensions>
   </trkpt>
   <trkpt lat="51.8256330" lon="-1.5092100">
    <ele>139.0</ele>
    <time>2026-05-31T14:05:18Z</time>
    <extensions>
     <gpxtpx:TrackPointExtension>
      <gpxtpx:hr>85</gpxtpx:hr>
      <gpxtpx:cad>52</gpxtpx:cad>
     </gpxtpx:TrackPointExtension>
    </extensions>
   </trkpt>
   <trkpt lat="51.8256280" lon="-1.5092210">
    <ele>139.0</ele>
    <time>2026-05-31T14:05:19Z</time>
    <extensions>
     <gpxtpx:TrackPointExtension>
      <gpxtpx:hr>86</gpxtpx:hr>
      <gpxtpx:cad>52</gpxtpx:cad>
     </gpxtpx:TrackPointExtension>
    </extensions>
   </trkpt>
   <trkpt lat="51.8256200" lon="-1.5092590">
    <ele>139.0</ele>
    <time>2026-05-31T14:05:21Z</time>
    <extensions>
     <gpxtpx:TrackPointExtension>
      <gpxtpx:hr>83</gpxtpx:hr>
      <gpxtpx:cad>52</gpxtpx:cad>
     </gpxtpx:TrackPointExtension>
    </extensions>
   </trkpt>
   <trkpt lat="51.8256120" lon="-1.5092910">
    <ele>139.0</ele>
    <time>2026-05-31T14:05:23Z</time>
    <extensions>
     <gpxtpx:TrackPointExtension>
      <gpxtpx:hr>83</gpxtpx:hr>
      <gpxtpx:cad>52</gpxtpx:cad>
     </gpxtpx:TrackPointExtension>
    </extensions>
   </trkpt>
   <trkpt lat="51.8256010" lon="-1.5093280">
    <ele>139.2</ele>
    <time>2026-05-31T14:05:25Z</time>
    <extensions>
     <gpxtpx:TrackPointExtension>
      <gpxtpx:hr>80</gpxtpx:hr>
      <gpxtpx:cad>51</gpxtpx:cad>
     </gpxtpx:TrackPointExtension>
    </extensions>
   </trkpt>
   <trkpt lat="51.8255860" lon="-1.5093890">
    <ele>139.2</ele>
    <time>2026-05-31T14:05:29Z</time>
    <extensions>
     <gpxtpx:TrackPointExtension>
      <gpxtpx:hr>83</gpxtpx:hr>
      <gpxtpx:cad>53</gpxtpx:cad>
     </gpxtpx:TrackPointExtension>
    </extensions>
   </trkpt>
   <trkpt lat="51.8255800" lon="-1.5094120">
    <ele>139.2</ele>
    <time>2026-05-31T14:05:31Z</time>
    <extensions>
     <gpxtpx:TrackPointExtension>
      <gpxtpx:hr>80</gpxtpx:hr>
      <gpxtpx:cad>50</gpxtpx:cad>
     </gpxtpx:TrackPointExtension>
    </extensions>
   </trkpt>
   <trkpt lat="51.8255660" lon="-1.5094360">
    <ele>139.2</ele>
    <time>2026-05-31T14:05:33Z</time>
    <extensions>
     <gpxtpx:TrackPointExtension>
      <gpxtpx:hr>83</gpxtpx:hr>
      <gpxtpx:cad>53</gpxtpx:cad>
     </gpxtpx:TrackPointExtension>
    </extensions>
   </trkpt>
   <trkpt lat="51.8255590" lon="-1.5094620">
    <ele>139.2</ele>
    <time>2026-05-31T14:05:36Z</time>
    <extensions>
     <gpxtpx:TrackPointExtension>
      <gpxtpx:hr>83</gpxtpx:hr>
      <gpxtpx:cad>0</gpxtpx:cad>
     </gpxtpx:TrackPointExtension>
    </extensions>
   </trkpt>
   <trkpt lat="51.8255600" lon="-1.5095070">
    <ele>139.0</ele>
    <time>2026-05-31T14:05:42Z</time>
    <extensions>
     <gpxtpx:TrackPointExtension>
      <gpxtpx:hr>87</gpxtpx:hr>
      <gpxtpx:cad>0</gpxtpx:cad>
     </gpxtpx:TrackPointExtension>
    </extensions>
   </trkpt>
   <trkpt lat="51.8255280" lon="-1.5095590">
    <ele>139.0</ele>
    <time>2026-05-31T14:05:48Z</time>
    <extensions>
     <gpxtpx:TrackPointExtension>
      <gpxtpx:hr>86</gpxtpx:hr>
      <gpxtpx:cad>47</gpxtpx:cad>
     </gpxtpx:TrackPointExtension>
    </extensions>
   </trkpt>
   <trkpt lat="51.8254580" lon="-1.5097630">
    <ele>138.6</ele>
    <time>2026-05-31T14:06:01Z</time>
    <extensions>
     <gpxtpx:TrackPointExtension>
      <gpxtpx:hr>87</gpxtpx:hr>
      <gpxtpx:cad>52</gpxtpx:cad>
     </gpxtpx:TrackPointExtension>
    </extensions>
   </trkpt>
   <trkpt lat="51.8253820" lon="-1.5099890">
    <ele>138.4</ele>
    <time>2026-05-31T14:06:07Z</time>
    <extensions>
     <gpxtpx:TrackPointExtension>
      <gpxtpx:hr>92</gpxtpx:hr>
      <gpxtpx:cad>82</gpxtpx:cad>
     </gpxtpx:TrackPointExtension>
    </extensions>
   </trkpt>
   <trkpt lat="51.8253610" lon="-1.5100430">
    <ele>138.4</ele>
    <time>2026-05-31T14:06:08Z</time>
    <extensions>
     <gpxtpx:TrackPointExtension>
      <gpxtpx:hr>95</gpxtpx:hr>
      <gpxtpx:cad>82</gpxtpx:cad>
     </gpxtpx:TrackPointExtension>
    </extensions>
   </trkpt>
   <trkpt lat="51.8253310" lon="-1.5101390">
    <ele>138.2</ele>
    <time>2026-05-31T14:06:10Z</time>
    <extensions>
     <gpxtpx:TrackPointExtension>
      <gpxtpx:hr>101</gpxtpx:hr>
      <gpxtpx:cad>84</gpxtpx:cad>
     </gpxtpx:TrackPointExtension>
    </extensions>
   </trkpt>
   <trkpt lat="51.8253180" lon="-1.5101790">
    <ele>138.2</ele>
    <time>2026-05-31T14:06:11Z</time>
    <extensions>
     <gpxtpx:TrackPointExtension>
      <gpxtpx:hr>104</gpxtpx:hr>
      <gpxtpx:cad>85</gpxtpx:cad>
     </gpxtpx:TrackPointExtension>
    </extensions>
   </trkpt>
   <trkpt lat="51.8253090" lon="-1.5102120">
    <ele>138.0</ele>
    <time>2026-05-31T14:06:12Z</time>
    <extensions>
     <gpxtpx:TrackPointExtension>
      <gpxtpx:hr>106</gpxtpx:hr>
      <gpxtpx:cad>85</gpxtpx:cad>
     </gpxtpx:TrackPointExtension>
    </extensions>
   </trkpt>
   <trkpt lat="51.8253000" lon="-1.5102400">
    <ele>138.0</ele>
    <time>2026-05-31T14:06:13Z</time>
    <extensions>
     <gpxtpx:TrackPointExtension>
      <gpxtpx:hr>110</gpxtpx:hr>
      <gpxtpx:cad>85</gpxtpx:cad>
     </gpxtpx:TrackPointExtension>
    </extensions>
   </trkpt>
   <trkpt lat="51.8252950" lon="-1.5102810">
    <ele>137.6</ele>
    <time>2026-05-31T14:06:15Z</time>
    <extensions>
     <gpxtpx:TrackPointExtension>
      <gpxtpx:hr>114</gpxtpx:hr>
      <gpxtpx:cad>84</gpxtpx:cad>
     </gpxtpx:TrackPointExtension>
    </extensions>
   </trkpt>
   <trkpt lat="51.8252900" lon="-1.5103310">
    <ele>137.0</ele>
    <time>2026-05-31T14:06:18Z</time>
    <extensions>
     <gpxtpx:TrackPointExtension>
      <gpxtpx:hr>116</gpxtpx:hr>
      <gpxtpx:cad>79</gpxtpx:cad>
     </gpxtpx:TrackPointExtension>
    </extensions>
   </trkpt>
   <trkpt lat="51.8252860" lon="-1.5103470">
    <ele>136.8</ele>
    <time>2026-05-31T14:06:19Z</time>
    <extensions>
     <gpxtpx:TrackPointExtension>
      <gpxtpx:hr>116</gpxtpx:hr>
      <gpxtpx:cad>79</gpxtpx:cad>
     </gpxtpx:TrackPointExtension>
    </extensions>
   </trkpt>
   <trkpt lat="51.8252440" lon="-1.5104650">
    <ele>136.4</ele>
    <time>2026-05-31T14:06:26Z</time>
    <extensions>
     <gpxtpx:TrackPointExtension>
      <gpxtpx:hr>116</gpxtpx:hr>
      <gpxtpx:cad>54</gpxtpx:cad>
     </gpxtpx:TrackPointExtension>
    </extensions>
   </trkpt>
   <trkpt lat="51.8252160" lon="-1.5105310">
    <ele>136.2</ele>
    <time>2026-05-31T14:06:29Z</time>
    <extensions>
     <gpxtpx:TrackPointExtension>
      <gpxtpx:hr>113</gpxtpx:hr>
      <gpxtpx:cad>55</gpxtpx:cad>
     </gpxtpx:TrackPointExtension>
    </extensions>
   </trkpt>
   <trkpt lat="51.8251430" lon="-1.5106320">
    <ele>136.2</ele>
    <time>2026-05-31T14:06:35Z</time>
    <extensions>
     <gpxtpx:TrackPointExtension>
      <gpxtpx:hr>111</gpxtpx:hr>
      <gpxtpx:cad>53</gpxtpx:cad>
     </gpxtpx:TrackPointExtension>
    </extensions>
   </trkpt>
   <trkpt lat="51.8250870" lon="-1.5107380">
    <ele>136.0</ele>
    <time>2026-05-31T14:06:42Z</time>
    <extensions>
     <gpxtpx:TrackPointExtension>
      <gpxtpx:hr>108</gpxtpx:hr>
      <gpxtpx:cad>52</gpxtpx:cad>
     </gpxtpx:TrackPointExtension>
    </extensions>
   </trkpt>
   <trkpt lat="51.8250650" lon="-1.5107710">
    <ele>136.0</ele>
    <time>2026-05-31T14:06:44Z</time>
    <extensions>
     <gpxtpx:TrackPointExtension>
      <gpxtpx:hr>109</gpxtpx:hr>
      <gpxtpx:cad>52</gpxtpx:cad>
     </gpxtpx:TrackPointExtension>
    </extensions>
   </trkpt>
   <trkpt lat="51.8250010" lon="-1.5109100">
    <ele>135.6</ele>
    <time>2026-05-31T14:06:54Z</time>
    <extensions>
     <gpxtpx:TrackPointExtension>
      <gpxtpx:hr>110</gpxtpx:hr>
      <gpxtpx:cad>50</gpxtpx:cad>
     </gpxtpx:TrackPointExtension>
    </extensions>
   </trkpt>
   <trkpt lat="51.8249740" lon="-1.5109710">
    <ele>135.6</ele>
    <time>2026-05-31T14:06:58Z</time>
    <extensions>
     <gpxtpx:TrackPointExtension>
      <gpxtpx:hr>114</gpxtpx:hr>
      <gpxtpx:cad>51</gpxtpx:cad>
     </gpxtpx:TrackPointExtension>
    </extensions>
   </trkpt>
   <trkpt lat="51.8249620" lon="-1.5110010">
    <ele>135.6</ele>
    <time>2026-05-31T14:07:00Z</time>
    <extensions>
     <gpxtpx:TrackPointExtension>
      <gpxtpx:hr>110</gpxtpx:hr>
      <gpxtpx:cad>49</gpxtpx:cad>
     </gpxtpx:TrackPointExtension>
    </extensions>
   </trkpt>
   <trkpt lat="51.8249520" lon="-1.5110200">
    <ele>135.6</ele>
    <time>2026-05-31T14:07:02Z</time>
    <extensions>
     <gpxtpx:TrackPointExtension>
      <gpxtpx:hr>110</gpxtpx:hr>
      <gpxtpx:cad>48</gpxtpx:cad>
     </gpxtpx:TrackPointExtension>
    </extensions>
   </trkpt>
   <trkpt lat="51.8249410" lon="-1.5110460">
    <ele>135.6</ele>
    <time>2026-05-31T14:07:09Z</time>
    <extensions>
     <gpxtpx:TrackPointExtension>
      <gpxtpx:hr>110</gpxtpx:hr>
      <gpxtpx:cad>0</gpxtpx:cad>
     </gpxtpx:TrackPointExtension>
    </extensions>
   </trkpt>
   <trkpt lat="51.8249410" lon="-1.5110460">
    <ele>135.8</ele>
    <time>2026-05-31T14:07:11Z</time>
    <extensions>
     <gpxtpx:TrackPointExtension>
      <gpxtpx:hr>106</gpxtpx:hr>
      <gpxtpx:cad>0</gpxtpx:cad>
     </gpxtpx:TrackPointExtension>
    </extensions>
   </trkpt>
   <trkpt lat="51.8249370" lon="-1.5110650">
    <ele>136.0</ele>
    <time>2026-05-31T14:07:21Z</time>
    <extensions>
     <gpxtpx:TrackPointExtension>
      <gpxtpx:hr>104</gpxtpx:hr>
      <gpxtpx:cad>0</gpxtpx:cad>
     </gpxtpx:TrackPointExtension>
    </extensions>
   </trkpt>
   <trkpt lat="51.8249330" lon="-1.5110590">
    <ele>136.0</ele>
    <time>2026-05-31T14:07:23Z</time>
    <extensions>
     <gpxtpx:TrackPointExtension>
      <gpxtpx:hr>101</gpxtpx:hr>
      <gpxtpx:cad>0</gpxtpx:cad>
     </gpxtpx:TrackPointExtension>
    </extensions>
   </trkpt>
   <trkpt lat="51.8249300" lon="-1.5110610">
    <ele>136.0</ele>
    <time>2026-05-31T14:07:29Z</time>
    <extensions>
     <gpxtpx:TrackPointExtension>
      <gpxtpx:hr>98</gpxtpx:hr>
      <gpxtpx:cad>0</gpxtpx:cad>
     </gpxtpx:TrackPointExtension>
    </extensions>
   </trkpt>
   <trkpt lat="51.8249280" lon="-1.5110730">
    <ele>136.0</ele>
    <time>2026-05-31T14:07:30Z</time>
    <extensions>
     <gpxtpx:TrackPointExtension>
      <gpxtpx:hr>98</gpxtpx:hr>
      <gpxtpx:cad>0</gpxtpx:cad>
     </gpxtpx:TrackPointExtension>
    </extensions>
   </trkpt>
   <trkpt lat="51.8248660" lon="-1.5112150">
    <ele>135.8</ele>
    <time>2026-05-31T14:07:40Z</time>
    <extensions>
     <gpxtpx:TrackPointExtension>
      <gpxtpx:hr>97</gpxtpx:hr>
      <gpxtpx:cad>0</gpxtpx:cad>
     </gpxtpx:TrackPointExtension>
    </extensions>
   </trkpt>
   <trkpt lat="51.8248220" lon="-1.5113400">
    <ele>136.0</ele>
    <time>2026-05-31T14:07:48Z</time>
    <extensions>
     <gpxtpx:TrackPointExtension>
      <gpxtpx:hr>94</gpxtpx:hr>
      <gpxtpx:cad>50</gpxtpx:cad>
     </gpxtpx:TrackPointExtension>
    </extensions>
   </trkpt>
   <trkpt lat="51.8247760" lon="-1.5114210">
    <ele>136.0</ele>
    <time>2026-05-31T14:07:53Z</time>
    <extensions>
     <gpxtpx:TrackPointExtension>
      <gpxtpx:hr>98</gpxtpx:hr>
      <gpxtpx:cad>51</gpxtpx:cad>
     </gpxtpx:TrackPointExtension>
    </extensions>
   </trkpt>
   <trkpt lat="51.8247590" lon="-1.5114710">
    <ele>136.0</ele>
    <time>2026-05-31T14:07:56Z</time>
    <extensions>
     <gpxtpx:TrackPointExtension>
      <gpxtpx:hr>95</gpxtpx:hr>
      <gpxtpx:cad>51</gpxtpx:cad>
     </gpxtpx:TrackPointExtension>
    </extensions>
   </trkpt>
   <trkpt lat="51.8247050" lon="-1.5116470">
    <ele>136.2</ele>
    <time>2026-05-31T14:08:06Z</time>
    <extensions>
     <gpxtpx:TrackPointExtension>
      <gpxtpx:hr>92</gpxtpx:hr>
      <gpxtpx:cad>50</gpxtpx:cad>
     </gpxtpx:TrackPointExtension>
    </extensions>
   </trkpt>
   <trkpt lat="51.8246990" lon="-1.5116860">
    <ele>136.2</ele>
    <time>2026-05-31T14:08:08Z</time>
    <extensions>
     <gpxtpx:TrackPointExtension>
      <gpxtpx:hr>91</gpxtpx:hr>
      <gpxtpx:cad>50</gpxtpx:cad>
     </gpxtpx:TrackPointExtension>
    </extensions>
   </trkpt>
   <trkpt lat="51.8246870" lon="-1.5117430">
    <ele>136.2</ele>
    <time>2026-05-31T14:08:11Z</time>
    <extensions>
     <gpxtpx:TrackPointExtension>
      <gpxtpx:hr>94</gpxtpx:hr>
      <gpxtpx:cad>51</gpxtpx:cad>
     </gpxtpx:TrackPointExtension>
    </extensions>
   </trkpt>
   <trkpt lat="51.8246240" lon="-1.5119450">
    <ele>136.6</ele>
    <time>2026-05-31T14:08:22Z</time>
    <extensions>
     <gpxtpx:TrackPointExtension>
      <gpxtpx:hr>93</gpxtpx:hr>
      <gpxtpx:cad>51</gpxtpx:cad>
     </gpxtpx:TrackPointExtension>
    </extensions>
   </trkpt>
   <trkpt lat="51.8245910" lon="-1.5120170">
    <ele>136.8</ele>
    <time>2026-05-31T14:08:28Z</time>
    <extensions>
     <gpxtpx:TrackPointExtension>
      <gpxtpx:hr>90</gpxtpx:hr>
      <gpxtpx:cad>51</gpxtpx:cad>
     </gpxtpx:TrackPointExtension>
    </extensions>
   </trkpt>
   <trkpt lat="51.8245760" lon="-1.5120670">
    <ele>136.8</ele>
    <time>2026-05-31T14:08:31Z</time>
    <extensions>
     <gpxtpx:TrackPointExtension>
      <gpxtpx:hr>89</gpxtpx:hr>
      <gpxtpx:cad>51</gpxtpx:cad>
     </gpxtpx:TrackPointExtension>
    </extensions>
   </trkpt>
   <trkpt lat="51.8245510" lon="-1.5121170">
    <ele>137.0</ele>
    <time>2026-05-31T14:08:34Z</time>
    <extensions>
     <gpxtpx:TrackPointExtension>
      <gpxtpx:hr>90</gpxtpx:hr>
      <gpxtpx:cad>51</gpxtpx:cad>
     </gpxtpx:TrackPointExtension>
    </extensions>
   </trkpt>
   <trkpt lat="51.8245260" lon="-1.5122110">
    <ele>137.0</ele>
    <time>2026-05-31T14:08:40Z</time>
    <extensions>
     <gpxtpx:TrackPointExtension>
      <gpxtpx:hr>89</gpxtpx:hr>
      <gpxtpx:cad>53</gpxtpx:cad>
     </gpxtpx:TrackPointExtension>
    </extensions>
   </trkpt>
   <trkpt lat="51.8245260" lon="-1.5122240">
    <ele>137.0</ele>
    <time>2026-05-31T14:08:43Z</time>
    <extensions>
     <gpxtpx:TrackPointExtension>
      <gpxtpx:hr>85</gpxtpx:hr>
      <gpxtpx:cad>0</gpxtpx:cad>
     </gpxtpx:TrackPointExtension>
    </extensions>
   </trkpt>
   <trkpt lat="51.8245230" lon="-1.5122310">
    <ele>137.2</ele>
    <time>2026-05-31T14:08:46Z</time>
    <extensions>
     <gpxtpx:TrackPointExtension>
      <gpxtpx:hr>82</gpxtpx:hr>
      <gpxtpx:cad>0</gpxtpx:cad>
     </gpxtpx:TrackPointExtension>
    </extensions>
   </trkpt>
   <trkpt lat="51.8245080" lon="-1.5122560">
    <ele>137.2</ele>
    <time>2026-05-31T14:08:49Z</time>
    <extensions>
     <gpxtpx:TrackPointExtension>
      <gpxtpx:hr>82</gpxtpx:hr>
      <gpxtpx:cad>0</gpxtpx:cad>
     </gpxtpx:TrackPointExtension>
    </extensions>
   </trkpt>
   <trkpt lat="51.8244770" lon="-1.5123480">
    <ele>137.4</ele>
    <time>2026-05-31T14:08:55Z</time>
    <extensions>
     <gpxtpx:TrackPointExtension>
      <gpxtpx:hr>85</gpxtpx:hr>
      <gpxtpx:cad>0</gpxtpx:cad>
     </gpxtpx:TrackPointExtension>
    </extensions>
   </trkpt>
   <trkpt lat="51.8244510" lon="-1.5124230">
    <ele>137.4</ele>
    <time>2026-05-31T14:08:59Z</time>
    <extensions>
     <gpxtpx:TrackPointExtension>
      <gpxtpx:hr>86</gpxtpx:hr>
      <gpxtpx:cad>50</gpxtpx:cad>
     </gpxtpx:TrackPointExtension>
    </extensions>
   </trkpt>
   <trkpt lat="51.8244450" lon="-1.5124390">
    <ele>137.4</ele>
    <time>2026-05-31T14:09:00Z</time>
    <extensions>
     <gpxtpx:TrackPointExtension>
      <gpxtpx:hr>82</gpxtpx:hr>
      <gpxtpx:cad>51</gpxtpx:cad>
     </gpxtpx:TrackPointExtension>
    </extensions>
   </trkpt>
   <trkpt lat="51.8244410" lon="-1.5124540">
    <ele>137.6</ele>
    <time>2026-05-31T14:09:01Z</time>
    <extensions>
     <gpxtpx:TrackPointExtension>
      <gpxtpx:hr>86</gpxtpx:hr>
      <gpxtpx:cad>51</gpxtpx:cad>
     </gpxtpx:TrackPointExtension>
    </extensions>
   </trkpt>
   <trkpt lat="51.8244220" lon="-1.5125150">
    <ele>137.8</ele>
    <time>2026-05-31T14:09:05Z</time>
    <extensions>
     <gpxtpx:TrackPointExtension>
      <gpxtpx:hr>89</gpxtpx:hr>
      <gpxtpx:cad>51</gpxtpx:cad>
     </gpxtpx:TrackPointExtension>
    </extensions>
   </trkpt>
   <trkpt lat="51.8243740" lon="-1.5126510">
    <ele>138.0</ele>
    <time>2026-05-31T14:09:13Z</time>
    <extensions>
     <gpxtpx:TrackPointExtension>
      <gpxtpx:hr>85</gpxtpx:hr>
      <gpxtpx:cad>52</gpxtpx:cad>
     </gpxtpx:TrackPointExtension>
    </extensions>
   </trkpt>
   <trkpt lat="51.8243620" lon="-1.5126840">
    <ele>138.0</ele>
    <time>2026-05-31T14:09:15Z</time>
    <extensions>
     <gpxtpx:TrackPointExtension>
      <gpxtpx:hr>81</gpxtpx:hr>
      <gpxtpx:cad>51</gpxtpx:cad>
     </gpxtpx:TrackPointExtension>
    </extensions>
   </trkpt>
   <trkpt lat="51.8243500" lon="-1.5127190">
    <ele>138.2</ele>
    <time>2026-05-31T14:09:17Z</time>
    <extensions>
     <gpxtpx:TrackPointExtension>
      <gpxtpx:hr>84</gpxtpx:hr>
      <gpxtpx:cad>52</gpxtpx:cad>
     </gpxtpx:TrackPointExtension>
    </extensions>
   </trkpt>
   <trkpt lat="51.8242850" lon="-1.5129190">
    <ele>138.4</ele>
    <time>2026-05-31T14:09:29Z</time>
    <extensions>
     <gpxtpx:TrackPointExtension>
      <gpxtpx:hr>81</gpxtpx:hr>
      <gpxtpx:cad>51</gpxtpx:cad>
     </gpxtpx:TrackPointExtension>
    </extensions>
   </trkpt>
   <trkpt lat="51.8242740" lon="-1.5129560">
    <ele>138.4</ele>
    <time>2026-05-31T14:09:31Z</time>
    <extensions>
     <gpxtpx:TrackPointExtension>
      <gpxtpx:hr>81</gpxtpx:hr>
      <gpxtpx:cad>51</gpxtpx:cad>
     </gpxtpx:TrackPointExtension>
    </extensions>
   </trkpt>
   <trkpt lat="51.8242430" lon="-1.5130430">
    <ele>138.6</ele>
    <time>2026-05-31T14:09:36Z</time>
    <extensions>
     <gpxtpx:TrackPointExtension>
      <gpxtpx:hr>84</gpxtpx:hr>
      <gpxtpx:cad>51</gpxtpx:cad>
     </gpxtpx:TrackPointExtension>
    </extensions>
   </trkpt>
   <trkpt lat="51.8241770" lon="-1.5132020">
    <ele>138.6</ele>
    <time>2026-05-31T14:09:45Z</time>
    <extensions>
     <gpxtpx:TrackPointExtension>
      <gpxtpx:hr>84</gpxtpx:hr>
      <gpxtpx:cad>52</gpxtpx:cad>
     </gpxtpx:TrackPointExtension>
    </extensions>
   </trkpt>
   <trkpt lat="51.8240850" lon="-1.5134260">
    <ele>138.6</ele>
    <time>2026-05-31T14:09:59Z</time>
    <extensions>
     <gpxtpx:TrackPointExtension>
      <gpxtpx:hr>83</gpxtpx:hr>
      <gpxtpx:cad>51</gpxtpx:cad>
     </gpxtpx:TrackPointExtension>
    </extensions>
   </trkpt>
   <trkpt lat="51.8240450" lon="-1.5135510">
    <ele>138.4</ele>
    <time>2026-05-31T14:10:06Z</time>
    <extensions>
     <gpxtpx:TrackPointExtension>
      <gpxtpx:hr>83</gpxtpx:hr>
      <gpxtpx:cad>53</gpxtpx:cad>
     </gpxtpx:TrackPointExtension>
    </extensions>
   </trkpt>
   <trkpt lat="51.8240030" lon="-1.5136640">
    <ele>138.6</ele>
    <time>2026-05-31T14:10:12Z</time>
    <extensions>
     <gpxtpx:TrackPointExtension>
      <gpxtpx:hr>82</gpxtpx:hr>
      <gpxtpx:cad>52</gpxtpx:cad>
     </gpxtpx:TrackPointExtension>
    </extensions>
   </trkpt>
   <trkpt lat="51.8239550" lon="-1.5138130">
    <ele>138.6</ele>
    <time>2026-05-31T14:10:22Z</time>
    <extensions>
     <gpxtpx:TrackPointExtension>
      <gpxtpx:hr>79</gpxtpx:hr>
      <gpxtpx:cad>52</gpxtpx:cad>
     </gpxtpx:TrackPointExtension>
    </extensions>
   </trkpt>
   <trkpt lat="51.8239050" lon="-1.5139880">
    <ele>138.8</ele>
    <time>2026-05-31T14:10:32Z</time>
    <extensions>
     <gpxtpx:TrackPointExtension>
      <gpxtpx:hr>75</gpxtpx:hr>
      <gpxtpx:cad>50</gpxtpx:cad>
     </gpxtpx:TrackPointExtension>
    </extensions>
   </trkpt>
   <trkpt lat="51.8239040" lon="-1.5140040">
    <ele>138.6</ele>
    <time>2026-05-31T14:10:33Z</time>
    <extensions>
     <gpxtpx:TrackPointExtension>
      <gpxtpx:hr>76</gpxtpx:hr>
      <gpxtpx:cad>50</gpxtpx:cad>
     </gpxtpx:TrackPointExtension>
    </extensions>
   </trkpt>
   <trkpt lat="51.8239000" lon="-1.5140510">
    <ele>138.4</ele>
    <time>2026-05-31T14:10:42Z</time>
    <extensions>
     <gpxtpx:TrackPointExtension>
      <gpxtpx:hr>77</gpxtpx:hr>
      <gpxtpx:cad>0</gpxtpx:cad>
     </gpxtpx:TrackPointExtension>
    </extensions>
   </trkpt>
   <trkpt lat="51.8238820" lon="-1.5141110">
    <ele>138.2</ele>
    <time>2026-05-31T14:10:46Z</time>
    <extensions>
     <gpxtpx:TrackPointExtension>
      <gpxtpx:hr>80</gpxtpx:hr>
      <gpxtpx:cad>0</gpxtpx:cad>
     </gpxtpx:TrackPointExtension>
    </extensions>
   </trkpt>
   <trkpt lat="51.8238630" lon="-1.5141480">
    <ele>138.2</ele>
    <time>2026-05-31T14:10:49Z</time>
    <extensions>
     <gpxtpx:TrackPointExtension>
      <gpxtpx:hr>84</gpxtpx:hr>
      <gpxtpx:cad>46</gpxtpx:cad>
     </gpxtpx:TrackPointExtension>
    </extensions>
   </trkpt>
   <trkpt lat="51.8238570" lon="-1.5141620">
    <ele>138.2</ele>
    <time>2026-05-31T14:10:50Z</time>
    <extensions>
     <gpxtpx:TrackPointExtension>
      <gpxtpx:hr>84</gpxtpx:hr>
      <gpxtpx:cad>46</gpxtpx:cad>
     </gpxtpx:TrackPointExtension>
    </extensions>
   </trkpt>
   <trkpt lat="51.8238200" lon="-1.5142460">
    <ele>138.2</ele>
    <time>2026-05-31T14:10:56Z</time>
    <extensions>
     <gpxtpx:TrackPointExtension>
      <gpxtpx:hr>81</gpxtpx:hr>
      <gpxtpx:cad>47</gpxtpx:cad>
     </gpxtpx:TrackPointExtension>
    </extensions>
   </trkpt>
   <trkpt lat="51.8237740" lon="-1.5143500">
    <ele>138.2</ele>
    <time>2026-05-31T14:11:03Z</time>
    <extensions>
     <gpxtpx:TrackPointExtension>
      <gpxtpx:hr>85</gpxtpx:hr>
      <gpxtpx:cad>50</gpxtpx:cad>
     </gpxtpx:TrackPointExtension>
    </extensions>
   </trkpt>
   <trkpt lat="51.8237660" lon="-1.5143720">
    <ele>138.2</ele>
    <time>2026-05-31T14:11:05Z</time>
    <extensions>
     <gpxtpx:TrackPointExtension>
      <gpxtpx:hr>88</gpxtpx:hr>
      <gpxtpx:cad>50</gpxtpx:cad>
     </gpxtpx:TrackPointExtension>
    </extensions>
   </trkpt>
   <trkpt lat="51.8237660" lon="-1.5143850">
    <ele>138.2</ele>
    <time>2026-05-31T14:11:07Z</time>
    <extensions>
     <gpxtpx:TrackPointExtension>
      <gpxtpx:hr>85</gpxtpx:hr>
      <gpxtpx:cad>0</gpxtpx:cad>
     </gpxtpx:TrackPointExtension>
    </extensions>
   </trkpt>
   <trkpt lat="51.8237650" lon="-1.5143890">
    <ele>138.2</ele>
    <time>2026-05-31T14:11:08Z</time>
    <extensions>
     <gpxtpx:TrackPointExtension>
      <gpxtpx:hr>82</gpxtpx:hr>
      <gpxtpx:cad>0</gpxtpx:cad>
     </gpxtpx:TrackPointExtension>
    </extensions>
   </trkpt>
   <trkpt lat="51.8237290" lon="-1.5144460">
    <ele>138.2</ele>
    <time>2026-05-31T14:11:14Z</time>
    <extensions>
     <gpxtpx:TrackPointExtension>
      <gpxtpx:hr>79</gpxtpx:hr>
      <gpxtpx:cad>0</gpxtpx:cad>
     </gpxtpx:TrackPointExtension>
    </extensions>
   </trkpt>
   <trkpt lat="51.8237090" lon="-1.5144870">
    <ele>138.2</ele>
    <time>2026-05-31T14:11:17Z</time>
    <extensions>
     <gpxtpx:TrackPointExtension>
      <gpxtpx:hr>81</gpxtpx:hr>
      <gpxtpx:cad>48</gpxtpx:cad>
     </gpxtpx:TrackPointExtension>
    </extensions>
   </trkpt>
   <trkpt lat="51.8237040" lon="-1.5144990">
    <ele>138.2</ele>
    <time>2026-05-31T14:11:18Z</time>
    <extensions>
     <gpxtpx:TrackPointExtension>
      <gpxtpx:hr>84</gpxtpx:hr>
      <gpxtpx:cad>48</gpxtpx:cad>
     </gpxtpx:TrackPointExtension>
    </extensions>
   </trkpt>
   <trkpt lat="51.8236630" lon="-1.5145930">
    <ele>138.0</ele>
    <time>2026-05-31T14:11:28Z</time>
    <extensions>
     <gpxtpx:TrackPointExtension>
      <gpxtpx:hr>83</gpxtpx:hr>
      <gpxtpx:cad>0</gpxtpx:cad>
     </gpxtpx:TrackPointExtension>
    </extensions>
   </trkpt>
   <trkpt lat="51.8236410" lon="-1.5146500">
    <ele>138.0</ele>
    <time>2026-05-31T14:11:32Z</time>
    <extensions>
     <gpxtpx:TrackPointExtension>
      <gpxtpx:hr>79</gpxtpx:hr>
      <gpxtpx:cad>0</gpxtpx:cad>
     </gpxtpx:TrackPointExtension>
    </extensions>
   </trkpt>
   <trkpt lat="51.8236330" lon="-1.5146930">
    <ele>138.0</ele>
    <time>2026-05-31T14:11:38Z</time>
    <extensions>
     <gpxtpx:TrackPointExtension>
      <gpxtpx:hr>81</gpxtpx:hr>
      <gpxtpx:cad>0</gpxtpx:cad>
     </gpxtpx:TrackPointExtension>
    </extensions>
   </trkpt>
   <trkpt lat="51.8236110" lon="-1.5147260">
    <ele>137.8</ele>
    <time>2026-05-31T14:11:43Z</time>
    <extensions>
     <gpxtpx:TrackPointExtension>
      <gpxtpx:hr>84</gpxtpx:hr>
      <gpxtpx:cad>0</gpxtpx:cad>
     </gpxtpx:TrackPointExtension>
    </extensions>
   </trkpt>
   <trkpt lat="51.8235990" lon="-1.5147710">
    <ele>137.8</ele>
    <time>2026-05-31T14:11:46Z</time>
    <extensions>
     <gpxtpx:TrackPointExtension>
      <gpxtpx:hr>81</gpxtpx:hr>
      <gpxtpx:cad>48</gpxtpx:cad>
     </gpxtpx:TrackPointExtension>
    </extensions>
   </trkpt>
   <trkpt lat="51.8235910" lon="-1.5147840">
    <ele>137.8</ele>
    <time>2026-05-31T14:11:47Z</time>
    <extensions>
     <gpxtpx:TrackPointExtension>
      <gpxtpx:hr>81</gpxtpx:hr>
      <gpxtpx:cad>49</gpxtpx:cad>
     </gpxtpx:TrackPointExtension>
    </extensions>
   </trkpt>
   <trkpt lat="51.8235800" lon="-1.5148070">
    <ele>137.8</ele>
    <time>2026-05-31T14:11:49Z</time>
    <extensions>
     <gpxtpx:TrackPointExtension>
      <gpxtpx:hr>78</gpxtpx:hr>
      <gpxtpx:cad>50</gpxtpx:cad>
     </gpxtpx:TrackPointExtension>
    </extensions>
   </trkpt>
   <trkpt lat="51.8235820" lon="-1.5148500">
    <ele>137.8</ele>
    <time>2026-05-31T14:11:54Z</time>
    <extensions>
     <gpxtpx:TrackPointExtension>
      <gpxtpx:hr>75</gpxtpx:hr>
      <gpxtpx:cad>0</gpxtpx:cad>
     </gpxtpx:TrackPointExtension>
    </extensions>
   </trkpt>
   <trkpt lat="51.8235830" lon="-1.5148510">
    <ele>137.6</ele>
    <time>2026-05-31T14:11:55Z</time>
    <extensions>
     <gpxtpx:TrackPointExtension>
      <gpxtpx:hr>78</gpxtpx:hr>
      <gpxtpx:cad>0</gpxtpx:cad>
     </gpxtpx:TrackPointExtension>
    </extensions>
   </trkpt>
   <trkpt lat="51.8235890" lon="-1.5148540">
    <ele>137.6</ele>
    <time>2026-05-31T14:11:57Z</time>
    <extensions>
     <gpxtpx:TrackPointExtension>
      <gpxtpx:hr>79</gpxtpx:hr>
      <gpxtpx:cad>0</gpxtpx:cad>
     </gpxtpx:TrackPointExtension>
    </extensions>
   </trkpt>
   <trkpt lat="51.8235910" lon="-1.5148600">
    <ele>137.6</ele>
    <time>2026-05-31T14:12:03Z</time>
    <extensions>
     <gpxtpx:TrackPointExtension>
      <gpxtpx:hr>75</gpxtpx:hr>
      <gpxtpx:cad>0</gpxtpx:cad>
     </gpxtpx:TrackPointExtension>
    </extensions>
   </trkpt>
   <trkpt lat="51.8235930" lon="-1.5148620">
    <ele>137.6</ele>
    <time>2026-05-31T14:12:07Z</time>
    <extensions>
     <gpxtpx:TrackPointExtension>
      <gpxtpx:hr>72</gpxtpx:hr>
      <gpxtpx:cad>0</gpxtpx:cad>
     </gpxtpx:TrackPointExtension>
    </extensions>
   </trkpt>
   <trkpt lat="51.8235910" lon="-1.5148620">
    <ele>137.6</ele>
    <time>2026-05-31T14:12:13Z</time>
    <extensions>
     <gpxtpx:TrackPointExtension>
      <gpxtpx:hr>73</gpxtpx:hr>
      <gpxtpx:cad>0</gpxtpx:cad>
     </gpxtpx:TrackPointExtension>
    </extensions>
   </trkpt>
   <trkpt lat="51.8235910" lon="-1.5148570">
    <ele>137.6</ele>
    <time>2026-05-31T14:12:20Z</time>
    <extensions>
     <gpxtpx:TrackPointExtension>
      <gpxtpx:hr>70</gpxtpx:hr>
      <gpxtpx:cad>0</gpxtpx:cad>
     </gpxtpx:TrackPointExtension>
    </extensions>
   </trkpt>
   <trkpt lat="51.8235520" lon="-1.5149240">
    <ele>137.6</ele>
    <time>2026-05-31T14:12:27Z</time>
    <extensions>
     <gpxtpx:TrackPointExtension>
      <gpxtpx:hr>70</gpxtpx:hr>
      <gpxtpx:cad>49</gpxtpx:cad>
     </gpxtpx:TrackPointExtension>
    </extensions>
   </trkpt>
   <trkpt lat="51.8235520" lon="-1.5149410">
    <ele>137.6</ele>
    <time>2026-05-31T14:12:31Z</time>
    <extensions>
     <gpxtpx:TrackPointExtension>
      <gpxtpx:hr>67</gpxtpx:hr>
      <gpxtpx:cad>0</gpxtpx:cad>
     </gpxtpx:TrackPointExtension>
    </extensions>
   </trkpt>
   <trkpt lat="51.8235510" lon="-1.5149390">
    <ele>137.6</ele>
    <time>2026-05-31T14:12:35Z</time>
    <extensions>
     <gpxtpx:TrackPointExtension>
      <gpxtpx:hr>70</gpxtpx:hr>
      <gpxtpx:cad>0</gpxtpx:cad>
     </gpxtpx:TrackPointExtension>
    </extensions>
   </trkpt>
   <trkpt lat="51.8235490" lon="-1.5149380">
    <ele>137.6</ele>
    <time>2026-05-31T14:12:36Z</time>
    <extensions>
     <gpxtpx:TrackPointExtension>
      <gpxtpx:hr>68</gpxtpx:hr>
      <gpxtpx:cad>0</gpxtpx:cad>
     </gpxtpx:TrackPointExtension>
    </extensions>
   </trkpt>
   <trkpt lat="51.8235500" lon="-1.5149530">
    <ele>137.6</ele>
    <time>2026-05-31T14:12:40Z</time>
    <extensions>
     <gpxtpx:TrackPointExtension>
      <gpxtpx:hr>72</gpxtpx:hr>
      <gpxtpx:cad>0</gpxtpx:cad>
     </gpxtpx:TrackPointExtension>
    </extensions>
   </trkpt>
   <trkpt lat="51.8235500" lon="-1.5149560">
    <ele>137.6</ele>
    <time>2026-05-31T14:12:41Z</time>
    <extensions>
     <gpxtpx:TrackPointExtension>
      <gpxtpx:hr>69</gpxtpx:hr>
      <gpxtpx:cad>0</gpxtpx:cad>
     </gpxtpx:TrackPointExtension>
    </extensions>
   </trkpt>
   <trkpt lat="51.8235500" lon="-1.5149600">
    <ele>137.6</ele>
    <time>2026-05-31T14:12:45Z</time>
    <extensions>
     <gpxtpx:TrackPointExtension>
      <gpxtpx:hr>74</gpxtpx:hr>
      <gpxtpx:cad>0</gpxtpx:cad>
     </gpxtpx:TrackPointExtension>
    </extensions>
   </trkpt>
   <trkpt lat="51.8235500" lon="-1.5149620">
    <ele>137.6</ele>
    <time>2026-05-31T14:12:47Z</time>
    <extensions>
     <gpxtpx:TrackPointExtension>
      <gpxtpx:hr>71</gpxtpx:hr>
      <gpxtpx:cad>0</gpxtpx:cad>
     </gpxtpx:TrackPointExtension>
    </extensions>
   </trkpt>
   <trkpt lat="51.8235460" lon="-1.5149830">
    <ele>137.8</ele>
    <time>2026-05-31T14:12:50Z</time>
    <extensions>
     <gpxtpx:TrackPointExtension>
      <gpxtpx:hr>70</gpxtpx:hr>
      <gpxtpx:cad>0</gpxtpx:cad>
     </gpxtpx:TrackPointExtension>
    </extensions>
   </trkpt>
   <trkpt lat="51.8235360" lon="-1.5150100">
    <ele>137.8</ele>
    <time>2026-05-31T14:12:59Z</time>
    <extensions>
     <gpxtpx:TrackPointExtension>
      <gpxtpx:hr>71</gpxtpx:hr>
      <gpxtpx:cad>0</gpxtpx:cad>
     </gpxtpx:TrackPointExtension>
    </extensions>
   </trkpt>
   <trkpt lat="51.8235030" lon="-1.5151210">
    <ele>137.8</ele>
    <time>2026-05-31T14:13:07Z</time>
    <extensions>
     <gpxtpx:TrackPointExtension>
      <gpxtpx:hr>68</gpxtpx:hr>
      <gpxtpx:cad>47</gpxtpx:cad>
     </gpxtpx:TrackPointExtension>
    </extensions>
   </trkpt>
   <trkpt lat="51.8234950" lon="-1.5151380">
    <ele>137.8</ele>
    <time>2026-05-31T14:13:08Z</time>
    <extensions>
     <gpxtpx:TrackPointExtension>
      <gpxtpx:hr>71</gpxtpx:hr>
      <gpxtpx:cad>47</gpxtpx:cad>
     </gpxtpx:TrackPointExtension>
    </extensions>
   </trkpt>
   <trkpt lat="51.8234450" lon="-1.5152770">
    <ele>138.0</ele>
    <time>2026-05-31T14:13:17Z</time>
    <extensions>
     <gpxtpx:TrackPointExtension>
      <gpxtpx:hr>74</gpxtpx:hr>
      <gpxtpx:cad>47</gpxtpx:cad>
     </gpxtpx:TrackPointExtension>
    </extensions>
   </trkpt>
   <trkpt lat="51.8234250" lon="-1.5153420">
    <ele>138.0</ele>
    <time>2026-05-31T14:13:21Z</time>
    <extensions>
     <gpxtpx:TrackPointExtension>
      <gpxtpx:hr>77</gpxtpx:hr>
      <gpxtpx:cad>49</gpxtpx:cad>
     </gpxtpx:TrackPointExtension>
    </extensions>
   </trkpt>
   <trkpt lat="51.8234180" lon="-1.5153580">
    <ele>138.0</ele>
    <time>2026-05-31T14:13:22Z</time>
    <extensions>
     <gpxtpx:TrackPointExtension>
      <gpxtpx:hr>78</gpxtpx:hr>
      <gpxtpx:cad>50</gpxtpx:cad>
     </gpxtpx:TrackPointExtension>
    </extensions>
   </trkpt>
   <trkpt lat="51.8234120" lon="-1.5153730">
    <ele>138.0</ele>
    <time>2026-05-31T14:13:23Z</time>
    <extensions>
     <gpxtpx:TrackPointExtension>
      <gpxtpx:hr>75</gpxtpx:hr>
      <gpxtpx:cad>50</gpxtpx:cad>
     </gpxtpx:TrackPointExtension>
    </extensions>
   </trkpt>
   <trkpt lat="51.8233370" lon="-1.5156190">
    <ele>138.2</ele>
    <time>2026-05-31T14:13:38Z</time>
    <extensions>
     <gpxtpx:TrackPointExtension>
      <gpxtpx:hr>75</gpxtpx:hr>
      <gpxtpx:cad>51</gpxtpx:cad>
     </gpxtpx:TrackPointExtension>
    </extensions>
   </trkpt>
   <trkpt lat="51.8232890" lon="-1.5157750">
    <ele>138.2</ele>
    <time>2026-05-31T14:13:47Z</time>
    <extensions>
     <gpxtpx:TrackPointExtension>
      <gpxtpx:hr>78</gpxtpx:hr>
      <gpxtpx:cad>54</gpxtpx:cad>
     </gpxtpx:TrackPointExtension>
    </extensions>
   </trkpt>
   <trkpt lat="51.8232580" lon="-1.5158420">
    <ele>138.2</ele>
    <time>2026-05-31T14:13:52Z</time>
    <extensions>
     <gpxtpx:TrackPointExtension>
      <gpxtpx:hr>76</gpxtpx:hr>
      <gpxtpx:cad>0</gpxtpx:cad>
     </gpxtpx:TrackPointExtension>
    </extensions>
   </trkpt>
   <trkpt lat="51.8232200" lon="-1.5159200">
    <ele>138.4</ele>
    <time>2026-05-31T14:14:00Z</time>
    <extensions>
     <gpxtpx:TrackPointExtension>
      <gpxtpx:hr>79</gpxtpx:hr>
      <gpxtpx:cad>0</gpxtpx:cad>
     </gpxtpx:TrackPointExtension>
    </extensions>
   </trkpt>
   <trkpt lat="51.8232010" lon="-1.5159660">
    <ele>138.6</ele>
    <time>2026-05-31T14:14:03Z</time>
    <extensions>
     <gpxtpx:TrackPointExtension>
      <gpxtpx:hr>83</gpxtpx:hr>
      <gpxtpx:cad>66</gpxtpx:cad>
     </gpxtpx:TrackPointExtension>
    </extensions>
   </trkpt>
   <trkpt lat="51.8231450" lon="-1.5160940">
    <ele>138.6</ele>
    <time>2026-05-31T14:14:11Z</time>
    <extensions>
     <gpxtpx:TrackPointExtension>
      <gpxtpx:hr>88</gpxtpx:hr>
      <gpxtpx:cad>49</gpxtpx:cad>
     </gpxtpx:TrackPointExtension>
    </extensions>
   </trkpt>
   <trkpt lat="51.8231080" lon="-1.5161680">
    <ele>138.6</ele>
    <time>2026-05-31T14:14:15Z</time>
    <extensions>
     <gpxtpx:TrackPointExtension>
      <gpxtpx:hr>89</gpxtpx:hr>
      <gpxtpx:cad>50</gpxtpx:cad>
     </gpxtpx:TrackPointExtension>
    </extensions>
   </trkpt>
   <trkpt lat="51.8230670" lon="-1.5162770">
    <ele>138.4</ele>
    <time>2026-05-31T14:14:22Z</time>
    <extensions>
     <gpxtpx:TrackPointExtension>
      <gpxtpx:hr>87</gpxtpx:hr>
      <gpxtpx:cad>51</gpxtpx:cad>
     </gpxtpx:TrackPointExtension>
    </extensions>
   </trkpt>
   <trkpt lat="51.8230470" lon="-1.5163040">
    <ele>138.4</ele>
    <time>2026-05-31T14:14:25Z</time>
    <extensions>
     <gpxtpx:TrackPointExtension>
      <gpxtpx:hr>90</gpxtpx:hr>
      <gpxtpx:cad>51</gpxtpx:cad>
     </gpxtpx:TrackPointExtension>
    </extensions>
   </trkpt>
   <trkpt lat="51.8230400" lon="-1.5163150">
    <ele>138.4</ele>
    <time>2026-05-31T14:14:26Z</time>
    <extensions>
     <gpxtpx:TrackPointExtension>
      <gpxtpx:hr>86</gpxtpx:hr>
      <gpxtpx:cad>50</gpxtpx:cad>
     </gpxtpx:TrackPointExtension>
    </extensions>
   </trkpt>
   <trkpt lat="51.8230150" lon="-1.5163600">
    <ele>138.6</ele>
    <time>2026-05-31T14:14:29Z</time>
    <extensions>
     <gpxtpx:TrackPointExtension>
      <gpxtpx:hr>83</gpxtpx:hr>
      <gpxtpx:cad>48</gpxtpx:cad>
     </gpxtpx:TrackPointExtension>
    </extensions>
   </trkpt>
   <trkpt lat="51.8229960" lon="-1.5164160">
    <ele>138.6</ele>
    <time>2026-05-31T14:14:32Z</time>
    <extensions>
     <gpxtpx:TrackPointExtension>
      <gpxtpx:hr>79</gpxtpx:hr>
      <gpxtpx:cad>50</gpxtpx:cad>
     </gpxtpx:TrackPointExtension>
    </extensions>
   </trkpt>
   <trkpt lat="51.8229880" lon="-1.5164270">
    <ele>138.8</ele>
    <time>2026-05-31T14:14:33Z</time>
    <extensions>
     <gpxtpx:TrackPointExtension>
      <gpxtpx:hr>82</gpxtpx:hr>
      <gpxtpx:cad>50</gpxtpx:cad>
     </gpxtpx:TrackPointExtension>
    </extensions>
   </trkpt>
   <trkpt lat="51.8229630" lon="-1.5165100">
    <ele>138.8</ele>
    <time>2026-05-31T14:14:38Z</time>
    <extensions>
     <gpxtpx:TrackPointExtension>
      <gpxtpx:hr>79</gpxtpx:hr>
      <gpxtpx:cad>50</gpxtpx:cad>
     </gpxtpx:TrackPointExtension>
    </extensions>
   </trkpt>
   <trkpt lat="51.8229470" lon="-1.5165630">
    <ele>139.0</ele>
    <time>2026-05-31T14:14:41Z</time>
    <extensions>
     <gpxtpx:TrackPointExtension>
      <gpxtpx:hr>79</gpxtpx:hr>
      <gpxtpx:cad>48</gpxtpx:cad>
     </gpxtpx:TrackPointExtension>
    </extensions>
   </trkpt>
   <trkpt lat="51.8229420" lon="-1.5165810">
    <ele>139.0</ele>
    <time>2026-05-31T14:14:42Z</time>
    <extensions>
     <gpxtpx:TrackPointExtension>
      <gpxtpx:hr>76</gpxtpx:hr>
      <gpxtpx:cad>48</gpxtpx:cad>
     </gpxtpx:TrackPointExtension>
    </extensions>
   </trkpt>
   <trkpt lat="51.8229270" lon="-1.5166280">
    <ele>139.2</ele>
    <time>2026-05-31T14:14:45Z</time>
    <extensions>
     <gpxtpx:TrackPointExtension>
      <gpxtpx:hr>76</gpxtpx:hr>
      <gpxtpx:cad>49</gpxtpx:cad>
     </gpxtpx:TrackPointExtension>
    </extensions>
   </trkpt>
   <trkpt lat="51.8229020" lon="-1.5167130">
    <ele>139.2</ele>
    <time>2026-05-31T14:14:50Z</time>
    <extensions>
     <gpxtpx:TrackPointExtension>
      <gpxtpx:hr>72</gpxtpx:hr>
      <gpxtpx:cad>48</gpxtpx:cad>
     </gpxtpx:TrackPointExtension>
    </extensions>
   </trkpt>
   <trkpt lat="51.8228890" lon="-1.5167420">
    <ele>139.2</ele>
    <time>2026-05-31T14:14:52Z</time>
    <extensions>
     <gpxtpx:TrackPointExtension>
      <gpxtpx:hr>75</gpxtpx:hr>
      <gpxtpx:cad>48</gpxtpx:cad>
     </gpxtpx:TrackPointExtension>
    </extensions>
   </trkpt>
   <trkpt lat="51.8228650" lon="-1.5168110">
    <ele>139.4</ele>
    <time>2026-05-31T14:14:57Z</time>
    <extensions>
     <gpxtpx:TrackPointExtension>
      <gpxtpx:hr>74</gpxtpx:hr>
      <gpxtpx:cad>0</gpxtpx:cad>
     </gpxtpx:TrackPointExtension>
    </extensions>
   </trkpt>
   <trkpt lat="51.8228560" lon="-1.5168360">
    <ele>139.4</ele>
    <time>2026-05-31T14:14:59Z</time>
    <extensions>
     <gpxtpx:TrackPointExtension>
      <gpxtpx:hr>78</gpxtpx:hr>
      <gpxtpx:cad>47</gpxtpx:cad>
     </gpxtpx:TrackPointExtension>
    </extensions>
   </trkpt>
   <trkpt lat="51.8228110" lon="-1.5169470">
    <ele>139.6</ele>
    <time>2026-05-31T14:15:08Z</time>
    <extensions>
     <gpxtpx:TrackPointExtension>
      <gpxtpx:hr>77</gpxtpx:hr>
      <gpxtpx:cad>0</gpxtpx:cad>
     </gpxtpx:TrackPointExtension>
    </extensions>
   </trkpt>
   <trkpt lat="51.8228130" lon="-1.5169470">
    <ele>139.8</ele>
    <time>2026-05-31T14:15:11Z</time>
    <extensions>
     <gpxtpx:TrackPointExtension>
      <gpxtpx:hr>80</gpxtpx:hr>
      <gpxtpx:cad>0</gpxtpx:cad>
     </gpxtpx:TrackPointExtension>
    </extensions>
   </trkpt>
   <trkpt lat="51.8228170" lon="-1.5169550">
    <ele>139.6</ele>
    <time>2026-05-31T14:15:19Z</time>
    <extensions>
     <gpxtpx:TrackPointExtension>
      <gpxtpx:hr>79</gpxtpx:hr>
      <gpxtpx:cad>0</gpxtpx:cad>
     </gpxtpx:TrackPointExtension>
    </extensions>
   </trkpt>
   <trkpt lat="51.8228390" lon="-1.5169560">
    <ele>139.6</ele>
    <time>2026-05-31T14:15:30Z</time>
    <extensions>
     <gpxtpx:TrackPointExtension>
      <gpxtpx:hr>75</gpxtpx:hr>
      <gpxtpx:cad>0</gpxtpx:cad>
     </gpxtpx:TrackPointExtension>
    </extensions>
   </trkpt>
   <trkpt lat="51.8228420" lon="-1.5169580">
    <ele>139.6</ele>
    <time>2026-05-31T14:15:31Z</time>
    <extensions>
     <gpxtpx:TrackPointExtension>
      <gpxtpx:hr>77</gpxtpx:hr>
      <gpxtpx:cad>0</gpxtpx:cad>
     </gpxtpx:TrackPointExtension>
    </extensions>
   </trkpt>
   <trkpt lat="51.8228300" lon="-1.5170020">
    <ele>139.4</ele>
    <time>2026-05-31T14:15:41Z</time>
    <extensions>
     <gpxtpx:TrackPointExtension>
      <gpxtpx:hr>76</gpxtpx:hr>
      <gpxtpx:cad>0</gpxtpx:cad>
     </gpxtpx:TrackPointExtension>
    </extensions>
   </trkpt>
   <trkpt lat="51.8227560" lon="-1.5171310">
    <ele>139.6</ele>
    <time>2026-05-31T14:15:51Z</time>
    <extensions>
     <gpxtpx:TrackPointExtension>
      <gpxtpx:hr>76</gpxtpx:hr>
      <gpxtpx:cad>48</gpxtpx:cad>
     </gpxtpx:TrackPointExtension>
    </extensions>
   </trkpt>
   <trkpt lat="51.8227360" lon="-1.5171710">
    <ele>139.8</ele>
    <time>2026-05-31T14:15:54Z</time>
    <extensions>
     <gpxtpx:TrackPointExtension>
      <gpxtpx:hr>73</gpxtpx:hr>
      <gpxtpx:cad>48</gpxtpx:cad>
     </gpxtpx:TrackPointExtension>
    </extensions>
   </trkpt>
   <trkpt lat="51.8227280" lon="-1.5171860">
    <ele>139.8</ele>
    <time>2026-05-31T14:15:55Z</time>
    <extensions>
     <gpxtpx:TrackPointExtension>
      <gpxtpx:hr>77</gpxtpx:hr>
      <gpxtpx:cad>48</gpxtpx:cad>
     </gpxtpx:TrackPointExtension>
    </extensions>
   </trkpt>
   <trkpt lat="51.8226970" lon="-1.5172460">
    <ele>139.8</ele>
    <time>2026-05-31T14:15:59Z</time>
    <extensions>
     <gpxtpx:TrackPointExtension>
      <gpxtpx:hr>82</gpxtpx:hr>
      <gpxtpx:cad>52</gpxtpx:cad>
     </gpxtpx:TrackPointExtension>
    </extensions>
   </trkpt>
   <trkpt lat="51.8226790" lon="-1.5172720">
    <ele>139.8</ele>
    <time>2026-05-31T14:16:01Z</time>
    <extensions>
     <gpxtpx:TrackPointExtension>
      <gpxtpx:hr>79</gpxtpx:hr>
      <gpxtpx:cad>51</gpxtpx:cad>
     </gpxtpx:TrackPointExtension>
    </extensions>
   </trkpt>
   <trkpt lat="51.8226530" lon="-1.5173410">
    <ele>139.8</ele>
    <time>2026-05-31T14:16:05Z</time>
    <extensions>
     <gpxtpx:TrackPointExtension>
      <gpxtpx:hr>77</gpxtpx:hr>
      <gpxtpx:cad>51</gpxtpx:cad>
     </gpxtpx:TrackPointExtension>
    </extensions>
   </trkpt>
   <trkpt lat="51.8226460" lon="-1.5173540">
    <ele>140.0</ele>
    <time>2026-05-31T14:16:06Z</time>
    <extensions>
     <gpxtpx:TrackPointExtension>
      <gpxtpx:hr>80</gpxtpx:hr>
      <gpxtpx:cad>51</gpxtpx:cad>
     </gpxtpx:TrackPointExtension>
    </extensions>
   </trkpt>
   <trkpt lat="51.8225870" lon="-1.5174810">
    <ele>140.0</ele>
    <time>2026-05-31T14:16:15Z</time>
    <extensions>
     <gpxtpx:TrackPointExtension>
      <gpxtpx:hr>80</gpxtpx:hr>
      <gpxtpx:cad>50</gpxtpx:cad>
     </gpxtpx:TrackPointExtension>
    </extensions>
   </trkpt>
   <trkpt lat="51.8225810" lon="-1.5174960">
    <ele>140.0</ele>
    <time>2026-05-31T14:16:16Z</time>
    <extensions>
     <gpxtpx:TrackPointExtension>
      <gpxtpx:hr>77</gpxtpx:hr>
      <gpxtpx:cad>50</gpxtpx:cad>
     </gpxtpx:TrackPointExtension>
    </extensions>
   </trkpt>
   <trkpt lat="51.8225610" lon="-1.5175710">
    <ele>140.0</ele>
    <time>2026-05-31T14:16:20Z</time>
    <extensions>
     <gpxtpx:TrackPointExtension>
      <gpxtpx:hr>77</gpxtpx:hr>
      <gpxtpx:cad>50</gpxtpx:cad>
     </gpxtpx:TrackPointExtension>
    </extensions>
   </trkpt>
   <trkpt lat="51.8225420" lon="-1.5176170">
    <ele>140.0</ele>
    <time>2026-05-31T14:16:23Z</time>
    <extensions>
     <gpxtpx:TrackPointExtension>
      <gpxtpx:hr>80</gpxtpx:hr>
      <gpxtpx:cad>50</gpxtpx:cad>
     </gpxtpx:TrackPointExtension>
    </extensions>
   </trkpt>
   <trkpt lat="51.8225380" lon="-1.5176380">
    <ele>140.0</ele>
    <time>2026-05-31T14:16:24Z</time>
    <extensions>
     <gpxtpx:TrackPointExtension>
      <gpxtpx:hr>76</gpxtpx:hr>
      <gpxtpx:cad>51</gpxtpx:cad>
     </gpxtpx:TrackPointExtension>
    </extensions>
   </trkpt>
   <trkpt lat="51.8224920" lon="-1.5177960">
    <ele>140.2</ele>
    <time>2026-05-31T14:16:33Z</time>
    <extensions>
     <gpxtpx:TrackPointExtension>
      <gpxtpx:hr>79</gpxtpx:hr>
      <gpxtpx:cad>52</gpxtpx:cad>
     </gpxtpx:TrackPointExtension>
    </extensions>
   </trkpt>
   <trkpt lat="51.8224850" lon="-1.5178120">
    <ele>140.2</ele>
    <time>2026-05-31T14:16:34Z</time>
    <extensions>
     <gpxtpx:TrackPointExtension>
      <gpxtpx:hr>81</gpxtpx:hr>
      <gpxtpx:cad>52</gpxtpx:cad>
     </gpxtpx:TrackPointExtension>
    </extensions>
   </trkpt>
   <trkpt lat="51.8224610" lon="-1.5179120">
    <ele>140.2</ele>
    <time>2026-05-31T14:16:40Z</time>
    <extensions>
     <gpxtpx:TrackPointExtension>
      <gpxtpx:hr>84</gpxtpx:hr>
      <gpxtpx:cad>51</gpxtpx:cad>
     </gpxtpx:TrackPointExtension>
    </extensions>
   </trkpt>
   <trkpt lat="51.8224400" lon="-1.5179840">
    <ele>140.4</ele>
    <time>2026-05-31T14:16:44Z</time>
    <extensions>
     <gpxtpx:TrackPointExtension>
      <gpxtpx:hr>89</gpxtpx:hr>
      <gpxtpx:cad>51</gpxtpx:cad>
     </gpxtpx:TrackPointExtension>
    </extensions>
   </trkpt>
   <trkpt lat="51.8224270" lon="-1.5180170">
    <ele>140.4</ele>
    <time>2026-05-31T14:16:46Z</time>
    <extensions>
     <gpxtpx:TrackPointExtension>
      <gpxtpx:hr>90</gpxtpx:hr>
      <gpxtpx:cad>51</gpxtpx:cad>
     </gpxtpx:TrackPointExtension>
    </extensions>
   </trkpt>
   <trkpt lat="51.8224120" lon="-1.5180620">
    <ele>140.4</ele>
    <time>2026-05-31T14:16:49Z</time>
    <extensions>
     <gpxtpx:TrackPointExtension>
      <gpxtpx:hr>93</gpxtpx:hr>
      <gpxtpx:cad>0</gpxtpx:cad>
     </gpxtpx:TrackPointExtension>
    </extensions>
   </trkpt>
   <trkpt lat="51.8223750" lon="-1.5181580">
    <ele>140.6</ele>
    <time>2026-05-31T14:16:55Z</time>
    <extensions>
     <gpxtpx:TrackPointExtension>
      <gpxtpx:hr>97</gpxtpx:hr>
      <gpxtpx:cad>47</gpxtpx:cad>
     </gpxtpx:TrackPointExtension>
    </extensions>
   </trkpt>
   <trkpt lat="51.8223510" lon="-1.5182170">
    <ele>140.6</ele>
    <time>2026-05-31T14:16:59Z</time>
    <extensions>
     <gpxtpx:TrackPointExtension>
      <gpxtpx:hr>96</gpxtpx:hr>
      <gpxtpx:cad>0</gpxtpx:cad>
     </gpxtpx:TrackPointExtension>
    </extensions>
   </trkpt>
   <trkpt lat="51.8223250" lon="-1.5182960">
    <ele>140.6</ele>
    <time>2026-05-31T14:17:04Z</time>
    <extensions>
     <gpxtpx:TrackPointExtension>
      <gpxtpx:hr>101</gpxtpx:hr>
      <gpxtpx:cad>0</gpxtpx:cad>
     </gpxtpx:TrackPointExtension>
    </extensions>
   </trkpt>
   <trkpt lat="51.8223200" lon="-1.5183100">
    <ele>140.6</ele>
    <time>2026-05-31T14:17:05Z</time>
    <extensions>
     <gpxtpx:TrackPointExtension>
      <gpxtpx:hr>98</gpxtpx:hr>
      <gpxtpx:cad>50</gpxtpx:cad>
     </gpxtpx:TrackPointExtension>
    </extensions>
   </trkpt>
   <trkpt lat="51.8222820" lon="-1.5184230">
    <ele>140.6</ele>
    <time>2026-05-31T14:17:12Z</time>
    <extensions>
     <gpxtpx:TrackPointExtension>
      <gpxtpx:hr>97</gpxtpx:hr>
      <gpxtpx:cad>51</gpxtpx:cad>
     </gpxtpx:TrackPointExtension>
    </extensions>
   </trkpt>
   <trkpt lat="51.8222700" lon="-1.5184540">
    <ele>140.6</ele>
    <time>2026-05-31T14:17:14Z</time>
    <extensions>
     <gpxtpx:TrackPointExtension>
      <gpxtpx:hr>93</gpxtpx:hr>
      <gpxtpx:cad>51</gpxtpx:cad>
     </gpxtpx:TrackPointExtension>
    </extensions>
   </trkpt>
   <trkpt lat="51.8222640" lon="-1.5184680">
    <ele>140.6</ele>
    <time>2026-05-31T14:17:15Z</time>
    <extensions>
     <gpxtpx:TrackPointExtension>
      <gpxtpx:hr>96</gpxtpx:hr>
      <gpxtpx:cad>51</gpxtpx:cad>
     </gpxtpx:TrackPointExtension>
    </extensions>
   </trkpt>
   <trkpt lat="51.8222520" lon="-1.5185100">
    <ele>140.6</ele>
    <time>2026-05-31T14:17:17Z</time>
    <extensions>
     <gpxtpx:TrackPointExtension>
      <gpxtpx:hr>93</gpxtpx:hr>
      <gpxtpx:cad>51</gpxtpx:cad>
     </gpxtpx:TrackPointExtension>
    </extensions>
   </trkpt>
   <trkpt lat="51.8222470" lon="-1.5185280">
    <ele>140.6</ele>
    <time>2026-05-31T14:17:18Z</time>
    <extensions>
     <gpxtpx:TrackPointExtension>
      <gpxtpx:hr>96</gpxtpx:hr>
      <gpxtpx:cad>50</gpxtpx:cad>
     </gpxtpx:TrackPointExtension>
    </extensions>
   </trkpt>
   <trkpt lat="51.8221970" lon="-1.5186650">
    <ele>140.4</ele>
    <time>2026-05-31T14:17:27Z</time>
    <extensions>
     <gpxtpx:TrackPointExtension>
      <gpxtpx:hr>97</gpxtpx:hr>
      <gpxtpx:cad>49</gpxtpx:cad>
     </gpxtpx:TrackPointExtension>
    </extensions>
   </trkpt>
   <trkpt lat="51.8221340" lon="-1.5188410">
    <ele>140.4</ele>
    <time>2026-05-31T14:17:38Z</time>
    <extensions>
     <gpxtpx:TrackPointExtension>
      <gpxtpx:hr>93</gpxtpx:hr>
      <gpxtpx:cad>49</gpxtpx:cad>
     </gpxtpx:TrackPointExtension>
    </extensions>
   </trkpt>
   <trkpt lat="51.8221220" lon="-1.5188670">
    <ele>140.4</ele>
    <time>2026-05-31T14:17:40Z</time>
    <extensions>
     <gpxtpx:TrackPointExtension>
      <gpxtpx:hr>96</gpxtpx:hr>
      <gpxtpx:cad>49</gpxtpx:cad>
     </gpxtpx:TrackPointExtension>
    </extensions>
   </trkpt>
   <trkpt lat="51.8220390" lon="-1.5190510">
    <ele>140.4</ele>
    <time>2026-05-31T14:17:52Z</time>
    <extensions>
     <gpxtpx:TrackPointExtension>
      <gpxtpx:hr>94</gpxtpx:hr>
      <gpxtpx:cad>52</gpxtpx:cad>
     </gpxtpx:TrackPointExtension>
    </extensions>
   </trkpt>
   <trkpt lat="51.8219720" lon="-1.5191940">
    <ele>140.4</ele>
    <time>2026-05-31T14:18:01Z</time>
    <extensions>
     <gpxtpx:TrackPointExtension>
      <gpxtpx:hr>91</gpxtpx:hr>
      <gpxtpx:cad>0</gpxtpx:cad>
     </gpxtpx:TrackPointExtension>
    </extensions>
   </trkpt>
   <trkpt lat="51.8219570" lon="-1.5192350">
    <ele>140.4</ele>
    <time>2026-05-31T14:18:04Z</time>
    <extensions>
     <gpxtpx:TrackPointExtension>
      <gpxtpx:hr>89</gpxtpx:hr>
      <gpxtpx:cad>50</gpxtpx:cad>
     </gpxtpx:TrackPointExtension>
    </extensions>
   </trkpt>
   <trkpt lat="51.8219390" lon="-1.5193060">
    <ele>140.4</ele>
    <time>2026-05-31T14:18:08Z</time>
    <extensions>
     <gpxtpx:TrackPointExtension>
      <gpxtpx:hr>86</gpxtpx:hr>
      <gpxtpx:cad>50</gpxtpx:cad>
     </gpxtpx:TrackPointExtension>
    </extensions>
   </trkpt>
   <trkpt lat="51.8219120" lon="-1.5193950">
    <ele>140.6</ele>
    <time>2026-05-31T14:18:14Z</time>
    <extensions>
     <gpxtpx:TrackPointExtension>
      <gpxtpx:hr>89</gpxtpx:hr>
      <gpxtpx:cad>50</gpxtpx:cad>
     </gpxtpx:TrackPointExtension>
    </extensions>
   </trkpt>
   <trkpt lat="51.8218870" lon="-1.5194440">
    <ele>140.6</ele>
    <time>2026-05-31T14:18:18Z</time>
    <extensions>
     <gpxtpx:TrackPointExtension>
      <gpxtpx:hr>88</gpxtpx:hr>
      <gpxtpx:cad>50</gpxtpx:cad>
     </gpxtpx:TrackPointExtension>
    </extensions>
   </trkpt>
   <trkpt lat="51.8218160" lon="-1.5196460">
    <ele>140.4</ele>
    <time>2026-05-31T14:18:31Z</time>
    <extensions>
     <gpxtpx:TrackPointExtension>
      <gpxtpx:hr>87</gpxtpx:hr>
      <gpxtpx:cad>51</gpxtpx:cad>
     </gpxtpx:TrackPointExtension>
    </extensions>
   </trkpt>
   <trkpt lat="51.8217860" lon="-1.5197460">
    <ele>140.2</ele>
    <time>2026-05-31T14:18:37Z</time>
    <extensions>
     <gpxtpx:TrackPointExtension>
      <gpxtpx:hr>84</gpxtpx:hr>
      <gpxtpx:cad>50</gpxtpx:cad>
     </gpxtpx:TrackPointExtension>
    </extensions>
   </trkpt>
   <trkpt lat="51.8217450" lon="-1.5198620">
    <ele>140.2</ele>
    <time>2026-05-31T14:18:45Z</time>
    <extensions>
     <gpxtpx:TrackPointExtension>
      <gpxtpx:hr>82</gpxtpx:hr>
      <gpxtpx:cad>51</gpxtpx:cad>
     </gpxtpx:TrackPointExtension>
    </extensions>
   </trkpt>
   <trkpt lat="51.8217380" lon="-1.5199070">
    <ele>140.0</ele>
    <time>2026-05-31T14:18:53Z</time>
    <extensions>
     <gpxtpx:TrackPointExtension>
      <gpxtpx:hr>78</gpxtpx:hr>
      <gpxtpx:cad>0</gpxtpx:cad>
     </gpxtpx:TrackPointExtension>
    </extensions>
   </trkpt>
   <trkpt lat="51.8217330" lon="-1.5199230">
    <ele>140.0</ele>
    <time>2026-05-31T14:18:54Z</time>
    <extensions>
     <gpxtpx:TrackPointExtension>
      <gpxtpx:hr>80</gpxtpx:hr>
      <gpxtpx:cad>0</gpxtpx:cad>
     </gpxtpx:TrackPointExtension>
    </extensions>
   </trkpt>
   <trkpt lat="51.8217030" lon="-1.5200290">
    <ele>140.0</ele>
    <time>2026-05-31T14:19:00Z</time>
    <extensions>
     <gpxtpx:TrackPointExtension>
      <gpxtpx:hr>77</gpxtpx:hr>
      <gpxtpx:cad>51</gpxtpx:cad>
     </gpxtpx:TrackPointExtension>
    </extensions>
   </trkpt>
   <trkpt lat="51.8216580" lon="-1.5201200">
    <ele>140.0</ele>
    <time>2026-05-31T14:19:06Z</time>
    <extensions>
     <gpxtpx:TrackPointExtension>
      <gpxtpx:hr>80</gpxtpx:hr>
      <gpxtpx:cad>48</gpxtpx:cad>
     </gpxtpx:TrackPointExtension>
    </extensions>
   </trkpt>
   <trkpt lat="51.8216490" lon="-1.5201370">
    <ele>140.0</ele>
    <time>2026-05-31T14:19:07Z</time>
    <extensions>
     <gpxtpx:TrackPointExtension>
      <gpxtpx:hr>79</gpxtpx:hr>
      <gpxtpx:cad>48</gpxtpx:cad>
     </gpxtpx:TrackPointExtension>
    </extensions>
   </trkpt>
   <trkpt lat="51.8215670" lon="-1.5203340">
    <ele>140.2</ele>
    <time>2026-05-31T14:19:21Z</time>
    <extensions>
     <gpxtpx:TrackPointExtension>
      <gpxtpx:hr>79</gpxtpx:hr>
      <gpxtpx:cad>50</gpxtpx:cad>
     </gpxtpx:TrackPointExtension>
    </extensions>
   </trkpt>
   <trkpt lat="51.8215480" lon="-1.5204140">
    <ele>140.2</ele>
    <time>2026-05-31T14:19:26Z</time>
    <extensions>
     <gpxtpx:TrackPointExtension>
      <gpxtpx:hr>76</gpxtpx:hr>
      <gpxtpx:cad>48</gpxtpx:cad>
     </gpxtpx:TrackPointExtension>
    </extensions>
   </trkpt>
   <trkpt lat="51.8214890" lon="-1.5205900">
    <ele>140.2</ele>
    <time>2026-05-31T14:19:37Z</time>
    <extensions>
     <gpxtpx:TrackPointExtension>
      <gpxtpx:hr>76</gpxtpx:hr>
      <gpxtpx:cad>48</gpxtpx:cad>
     </gpxtpx:TrackPointExtension>
    </extensions>
   </trkpt>
   <trkpt lat="51.8214730" lon="-1.5206340">
    <ele>140.2</ele>
    <time>2026-05-31T14:19:40Z</time>
    <extensions>
     <gpxtpx:TrackPointExtension>
      <gpxtpx:hr>73</gpxtpx:hr>
      <gpxtpx:cad>47</gpxtpx:cad>
     </gpxtpx:TrackPointExtension>
    </extensions>
   </trkpt>
   <trkpt lat="51.8214220" lon="-1.5208100">
    <ele>140.2</ele>
    <time>2026-05-31T14:19:52Z</time>
    <extensions>
     <gpxtpx:TrackPointExtension>
      <gpxtpx:hr>76</gpxtpx:hr>
      <gpxtpx:cad>48</gpxtpx:cad>
     </gpxtpx:TrackPointExtension>
    </extensions>
   </trkpt>
   <trkpt lat="51.8214200" lon="-1.5208230">
    <ele>140.2</ele>
    <time>2026-05-31T14:19:53Z</time>
    <extensions>
     <gpxtpx:TrackPointExtension>
      <gpxtpx:hr>73</gpxtpx:hr>
      <gpxtpx:cad>0</gpxtpx:cad>
     </gpxtpx:TrackPointExtension>
    </extensions>
   </trkpt>
   <trkpt lat="51.8213700" lon="-1.5209790">
    <ele>140.0</ele>
    <time>2026-05-31T14:20:04Z</time>
    <extensions>
     <gpxtpx:TrackPointExtension>
      <gpxtpx:hr>76</gpxtpx:hr>
      <gpxtpx:cad>49</gpxtpx:cad>
     </gpxtpx:TrackPointExtension>
    </extensions>
   </trkpt>
   <trkpt lat="51.8213640" lon="-1.5210080">
    <ele>140.0</ele>
    <time>2026-05-31T14:20:06Z</time>
    <extensions>
     <gpxtpx:TrackPointExtension>
      <gpxtpx:hr>75</gpxtpx:hr>
      <gpxtpx:cad>49</gpxtpx:cad>
     </gpxtpx:TrackPointExtension>
    </extensions>
   </trkpt>
   <trkpt lat="51.8213380" lon="-1.5210710">
    <ele>140.0</ele>
    <time>2026-05-31T14:20:11Z</time>
    <extensions>
     <gpxtpx:TrackPointExtension>
      <gpxtpx:hr>79</gpxtpx:hr>
      <gpxtpx:cad>50</gpxtpx:cad>
     </gpxtpx:TrackPointExtension>
    </extensions>
   </trkpt>
   <trkpt lat="51.8212840" lon="-1.5212210">
    <ele>140.0</ele>
    <time>2026-05-31T14:20:21Z</time>
    <extensions>
     <gpxtpx:TrackPointExtension>
      <gpxtpx:hr>80</gpxtpx:hr>
      <gpxtpx:cad>50</gpxtpx:cad>
     </gpxtpx:TrackPointExtension>
    </extensions>
   </trkpt>
   <trkpt lat="51.8212350" lon="-1.5213650">
    <ele>140.0</ele>
    <time>2026-05-31T14:20:32Z</time>
    <extensions>
     <gpxtpx:TrackPointExtension>
      <gpxtpx:hr>84</gpxtpx:hr>
      <gpxtpx:cad>0</gpxtpx:cad>
     </gpxtpx:TrackPointExtension>
    </extensions>
   </trkpt>
   <trkpt lat="51.8212330" lon="-1.5213760">
    <ele>139.8</ele>
    <time>2026-05-31T14:20:34Z</time>
    <extensions>
     <gpxtpx:TrackPointExtension>
      <gpxtpx:hr>82</gpxtpx:hr>
      <gpxtpx:cad>0</gpxtpx:cad>
     </gpxtpx:TrackPointExtension>
    </extensions>
   </trkpt>
   <trkpt lat="51.8212140" lon="-1.5214170">
    <ele>140.0</ele>
    <time>2026-05-31T14:20:38Z</time>
    <extensions>
     <gpxtpx:TrackPointExtension>
      <gpxtpx:hr>85</gpxtpx:hr>
      <gpxtpx:cad>45</gpxtpx:cad>
     </gpxtpx:TrackPointExtension>
    </extensions>
   </trkpt>
   <trkpt lat="51.8212000" lon="-1.5214520">
    <ele>140.0</ele>
    <time>2026-05-31T14:20:41Z</time>
    <extensions>
     <gpxtpx:TrackPointExtension>
      <gpxtpx:hr>88</gpxtpx:hr>
      <gpxtpx:cad>0</gpxtpx:cad>
     </gpxtpx:TrackPointExtension>
    </extensions>
   </trkpt>
   <trkpt lat="51.8211850" lon="-1.5214970">
    <ele>140.0</ele>
    <time>2026-05-31T14:20:45Z</time>
    <extensions>
     <gpxtpx:TrackPointExtension>
      <gpxtpx:hr>87</gpxtpx:hr>
      <gpxtpx:cad>0</gpxtpx:cad>
     </gpxtpx:TrackPointExtension>
    </extensions>
   </trkpt>
   <trkpt lat="51.8211740" lon="-1.5215250">
    <ele>140.0</ele>
    <time>2026-05-31T14:20:47Z</time>
    <extensions>
     <gpxtpx:TrackPointExtension>
      <gpxtpx:hr>91</gpxtpx:hr>
      <gpxtpx:cad>0</gpxtpx:cad>
     </gpxtpx:TrackPointExtension>
    </extensions>
   </trkpt>
   <trkpt lat="51.8211030" lon="-1.5216960">
    <ele>140.0</ele>
    <time>2026-05-31T14:21:00Z</time>
    <extensions>
     <gpxtpx:TrackPointExtension>
      <gpxtpx:hr>93</gpxtpx:hr>
      <gpxtpx:cad>0</gpxtpx:cad>
     </gpxtpx:TrackPointExtension>
    </extensions>
   </trkpt>
   <trkpt lat="51.8210660" lon="-1.5217870">
    <ele>140.0</ele>
    <time>2026-05-31T14:21:07Z</time>
    <extensions>
     <gpxtpx:TrackPointExtension>
      <gpxtpx:hr>90</gpxtpx:hr>
      <gpxtpx:cad>0</gpxtpx:cad>
     </gpxtpx:TrackPointExtension>
    </extensions>
   </trkpt>
   <trkpt lat="51.8210560" lon="-1.5218050">
    <ele>140.0</ele>
    <time>2026-05-31T14:21:09Z</time>
    <extensions>
     <gpxtpx:TrackPointExtension>
      <gpxtpx:hr>93</gpxtpx:hr>
      <gpxtpx:cad>51</gpxtpx:cad>
     </gpxtpx:TrackPointExtension>
    </extensions>
   </trkpt>
   <trkpt lat="51.8210390" lon="-1.5218470">
    <ele>140.0</ele>
    <time>2026-05-31T14:21:12Z</time>
    <extensions>
     <gpxtpx:TrackPointExtension>
      <gpxtpx:hr>94</gpxtpx:hr>
      <gpxtpx:cad>50</gpxtpx:cad>
     </gpxtpx:TrackPointExtension>
    </extensions>
   </trkpt>
   <trkpt lat="51.8210250" lon="-1.5218850">
    <ele>140.0</ele>
    <time>2026-05-31T14:21:15Z</time>
    <extensions>
     <gpxtpx:TrackPointExtension>
      <gpxtpx:hr>97</gpxtpx:hr>
      <gpxtpx:cad>50</gpxtpx:cad>
     </gpxtpx:TrackPointExtension>
    </extensions>
   </trkpt>
   <trkpt lat="51.8209960" lon="-1.5219410">
    <ele>140.0</ele>
    <time>2026-05-31T14:21:19Z</time>
    <extensions>
     <gpxtpx:TrackPointExtension>
      <gpxtpx:hr>92</gpxtpx:hr>
      <gpxtpx:cad>50</gpxtpx:cad>
     </gpxtpx:TrackPointExtension>
    </extensions>
   </trkpt>
   <trkpt lat="51.8209570" lon="-1.5220210">
    <ele>140.0</ele>
    <time>2026-05-31T14:21:24Z</time>
    <extensions>
     <gpxtpx:TrackPointExtension>
      <gpxtpx:hr>88</gpxtpx:hr>
      <gpxtpx:cad>50</gpxtpx:cad>
     </gpxtpx:TrackPointExtension>
    </extensions>
   </trkpt>
   <trkpt lat="51.8209400" lon="-1.5220490">
    <ele>140.0</ele>
    <time>2026-05-31T14:21:26Z</time>
    <extensions>
     <gpxtpx:TrackPointExtension>
      <gpxtpx:hr>91</gpxtpx:hr>
      <gpxtpx:cad>50</gpxtpx:cad>
     </gpxtpx:TrackPointExtension>
    </extensions>
   </trkpt>
   <trkpt lat="51.8209110" lon="-1.5221060">
    <ele>140.0</ele>
    <time>2026-05-31T14:21:30Z</time>
    <extensions>
     <gpxtpx:TrackPointExtension>
      <gpxtpx:hr>88</gpxtpx:hr>
      <gpxtpx:cad>52</gpxtpx:cad>
     </gpxtpx:TrackPointExtension>
    </extensions>
   </trkpt>
   <trkpt lat="51.8208940" lon="-1.5221430">
    <ele>140.2</ele>
    <time>2026-05-31T14:21:33Z</time>
    <extensions>
     <gpxtpx:TrackPointExtension>
      <gpxtpx:hr>91</gpxtpx:hr>
      <gpxtpx:cad>53</gpxtpx:cad>
     </gpxtpx:TrackPointExtension>
    </extensions>
   </trkpt>
   <trkpt lat="51.8208760" lon="-1.5221690">
    <ele>140.2</ele>
    <time>2026-05-31T14:21:35Z</time>
    <extensions>
     <gpxtpx:TrackPointExtension>
      <gpxtpx:hr>88</gpxtpx:hr>
      <gpxtpx:cad>53</gpxtpx:cad>
     </gpxtpx:TrackPointExtension>
    </extensions>
   </trkpt>
   <trkpt lat="51.8208650" lon="-1.5221970">
    <ele>140.4</ele>
    <time>2026-05-31T14:21:37Z</time>
    <extensions>
     <gpxtpx:TrackPointExtension>
      <gpxtpx:hr>86</gpxtpx:hr>
      <gpxtpx:cad>52</gpxtpx:cad>
     </gpxtpx:TrackPointExtension>
    </extensions>
   </trkpt>
   <trkpt lat="51.8208400" lon="-1.5222610">
    <ele>140.4</ele>
    <time>2026-05-31T14:21:42Z</time>
    <extensions>
     <gpxtpx:TrackPointExtension>
      <gpxtpx:hr>82</gpxtpx:hr>
      <gpxtpx:cad>0</gpxtpx:cad>
     </gpxtpx:TrackPointExtension>
    </extensions>
   </trkpt>
   <trkpt lat="51.8207900" lon="-1.5223880">
    <ele>140.4</ele>
    <time>2026-05-31T14:21:51Z</time>
    <extensions>
     <gpxtpx:TrackPointExtension>
      <gpxtpx:hr>82</gpxtpx:hr>
      <gpxtpx:cad>51</gpxtpx:cad>
     </gpxtpx:TrackPointExtension>
    </extensions>
   </trkpt>
   <trkpt lat="51.8207800" lon="-1.5224240">
    <ele>140.2</ele>
    <time>2026-05-31T14:21:53Z</time>
    <extensions>
     <gpxtpx:TrackPointExtension>
      <gpxtpx:hr>85</gpxtpx:hr>
      <gpxtpx:cad>51</gpxtpx:cad>
     </gpxtpx:TrackPointExtension>
    </extensions>
   </trkpt>
   <trkpt lat="51.8207530" lon="-1.5225370">
    <ele>140.2</ele>
    <time>2026-05-31T14:22:00Z</time>
    <extensions>
     <gpxtpx:TrackPointExtension>
      <gpxtpx:hr>89</gpxtpx:hr>
      <gpxtpx:cad>45</gpxtpx:cad>
     </gpxtpx:TrackPointExtension>
    </extensions>
   </trkpt>
   <trkpt lat="51.8207470" lon="-1.5225660">
    <ele>140.2</ele>
    <time>2026-05-31T14:22:03Z</time>
    <extensions>
     <gpxtpx:TrackPointExtension>
      <gpxtpx:hr>92</gpxtpx:hr>
      <gpxtpx:cad>0</gpxtpx:cad>
     </gpxtpx:TrackPointExtension>
    </extensions>
   </trkpt>
   <trkpt lat="51.8207050" lon="-1.5226840">
    <ele>140.2</ele>
    <time>2026-05-31T14:22:11Z</time>
    <extensions>
     <gpxtpx:TrackPointExtension>
      <gpxtpx:hr>95</gpxtpx:hr>
      <gpxtpx:cad>0</gpxtpx:cad>
     </gpxtpx:TrackPointExtension>
    </extensions>
   </trkpt>
   <trkpt lat="51.8206930" lon="-1.5227150">
    <ele>140.2</ele>
    <time>2026-05-31T14:22:13Z</time>
    <extensions>
     <gpxtpx:TrackPointExtension>
      <gpxtpx:hr>97</gpxtpx:hr>
      <gpxtpx:cad>50</gpxtpx:cad>
     </gpxtpx:TrackPointExtension>
    </extensions>
   </trkpt>
   <trkpt lat="51.8206820" lon="-1.5227710">
    <ele>140.2</ele>
    <time>2026-05-31T14:22:16Z</time>
    <extensions>
     <gpxtpx:TrackPointExtension>
      <gpxtpx:hr>94</gpxtpx:hr>
      <gpxtpx:cad>48</gpxtpx:cad>
     </gpxtpx:TrackPointExtension>
    </extensions>
   </trkpt>
   <trkpt lat="51.8206670" lon="-1.5228190">
    <ele>140.2</ele>
    <time>2026-05-31T14:22:19Z</time>
    <extensions>
     <gpxtpx:TrackPointExtension>
      <gpxtpx:hr>91</gpxtpx:hr>
      <gpxtpx:cad>51</gpxtpx:cad>
     </gpxtpx:TrackPointExtension>
    </extensions>
   </trkpt>
   <trkpt lat="51.8206520" lon="-1.5228640">
    <ele>140.2</ele>
    <time>2026-05-31T14:22:22Z</time>
    <extensions>
     <gpxtpx:TrackPointExtension>
      <gpxtpx:hr>94</gpxtpx:hr>
      <gpxtpx:cad>0</gpxtpx:cad>
     </gpxtpx:TrackPointExtension>
    </extensions>
   </trkpt>
   <trkpt lat="51.8206490" lon="-1.5228800">
    <ele>140.2</ele>
    <time>2026-05-31T14:22:23Z</time>
    <extensions>
     <gpxtpx:TrackPointExtension>
      <gpxtpx:hr>92</gpxtpx:hr>
      <gpxtpx:cad>0</gpxtpx:cad>
     </gpxtpx:TrackPointExtension>
    </extensions>
   </trkpt>
   <trkpt lat="51.8206430" lon="-1.5229280">
    <ele>140.2</ele>
    <time>2026-05-31T14:22:26Z</time>
    <extensions>
     <gpxtpx:TrackPointExtension>
      <gpxtpx:hr>89</gpxtpx:hr>
      <gpxtpx:cad>52</gpxtpx:cad>
     </gpxtpx:TrackPointExtension>
    </extensions>
   </trkpt>
   <trkpt lat="51.8206390" lon="-1.5229640">
    <ele>140.4</ele>
    <time>2026-05-31T14:22:28Z</time>
    <extensions>
     <gpxtpx:TrackPointExtension>
      <gpxtpx:hr>93</gpxtpx:hr>
      <gpxtpx:cad>51</gpxtpx:cad>
     </gpxtpx:TrackPointExtension>
    </extensions>
   </trkpt>
   <trkpt lat="51.8206280" lon="-1.5230420">
    <ele>140.6</ele>
    <time>2026-05-31T14:22:32Z</time>
    <extensions>
     <gpxtpx:TrackPointExtension>
      <gpxtpx:hr>95</gpxtpx:hr>
      <gpxtpx:cad>51</gpxtpx:cad>
     </gpxtpx:TrackPointExtension>
    </extensions>
   </trkpt>
   <trkpt lat="51.8206200" lon="-1.5230740">
    <ele>140.6</ele>
    <time>2026-05-31T14:22:34Z</time>
    <extensions>
     <gpxtpx:TrackPointExtension>
      <gpxtpx:hr>92</gpxtpx:hr>
      <gpxtpx:cad>51</gpxtpx:cad>
     </gpxtpx:TrackPointExtension>
    </extensions>
   </trkpt>
   <trkpt lat="51.8205780" lon="-1.5231480">
    <ele>140.6</ele>
    <time>2026-05-31T14:22:40Z</time>
    <extensions>
     <gpxtpx:TrackPointExtension>
      <gpxtpx:hr>91</gpxtpx:hr>
      <gpxtpx:cad>51</gpxtpx:cad>
     </gpxtpx:TrackPointExtension>
    </extensions>
   </trkpt>
   <trkpt lat="51.8205010" lon="-1.5232810">
    <ele>140.6</ele>
    <time>2026-05-31T14:22:48Z</time>
    <extensions>
     <gpxtpx:TrackPointExtension>
      <gpxtpx:hr>94</gpxtpx:hr>
      <gpxtpx:cad>55</gpxtpx:cad>
     </gpxtpx:TrackPointExtension>
    </extensions>
   </trkpt>
   <trkpt lat="51.8204530" lon="-1.5233560">
    <ele>140.6</ele>
    <time>2026-05-31T14:22:53Z</time>
    <extensions>
     <gpxtpx:TrackPointExtension>
      <gpxtpx:hr>91</gpxtpx:hr>
      <gpxtpx:cad>53</gpxtpx:cad>
     </gpxtpx:TrackPointExtension>
    </extensions>
   </trkpt>
   <trkpt lat="51.8204230" lon="-1.5233940">
    <ele>140.6</ele>
    <time>2026-05-31T14:22:56Z</time>
    <extensions>
     <gpxtpx:TrackPointExtension>
      <gpxtpx:hr>91</gpxtpx:hr>
      <gpxtpx:cad>53</gpxtpx:cad>
     </gpxtpx:TrackPointExtension>
    </extensions>
   </trkpt>
   <trkpt lat="51.8204210" lon="-1.5234020">
    <ele>140.6</ele>
    <time>2026-05-31T14:22:57Z</time>
    <extensions>
     <gpxtpx:TrackPointExtension>
      <gpxtpx:hr>94</gpxtpx:hr>
      <gpxtpx:cad>51</gpxtpx:cad>
     </gpxtpx:TrackPointExtension>
    </extensions>
   </trkpt>
   <trkpt lat="51.8204260" lon="-1.5234070">
    <ele>140.2</ele>
    <time>2026-05-31T14:22:59Z</time>
    <extensions>
     <gpxtpx:TrackPointExtension>
      <gpxtpx:hr>90</gpxtpx:hr>
      <gpxtpx:cad>0</gpxtpx:cad>
     </gpxtpx:TrackPointExtension>
    </extensions>
   </trkpt>
   <trkpt lat="51.8204290" lon="-1.5234320">
    <ele>140.2</ele>
    <time>2026-05-31T14:23:01Z</time>
    <extensions>
     <gpxtpx:TrackPointExtension>
      <gpxtpx:hr>92</gpxtpx:hr>
      <gpxtpx:cad>0</gpxtpx:cad>
     </gpxtpx:TrackPointExtension>
    </extensions>
   </trkpt>
   <trkpt lat="51.8204170" lon="-1.5235440">
    <ele>140.0</ele>
    <time>2026-05-31T14:23:07Z</time>
    <extensions>
     <gpxtpx:TrackPointExtension>
      <gpxtpx:hr>94</gpxtpx:hr>
      <gpxtpx:cad>0</gpxtpx:cad>
     </gpxtpx:TrackPointExtension>
    </extensions>
   </trkpt>
   <trkpt lat="51.8204070" lon="-1.5236000">
    <ele>139.8</ele>
    <time>2026-05-31T14:23:10Z</time>
    <extensions>
     <gpxtpx:TrackPointExtension>
      <gpxtpx:hr>97</gpxtpx:hr>
      <gpxtpx:cad>56</gpxtpx:cad>
     </gpxtpx:TrackPointExtension>
    </extensions>
   </trkpt>
   <trkpt lat="51.8203930" lon="-1.5236450">
    <ele>139.8</ele>
    <time>2026-05-31T14:23:12Z</time>
    <extensions>
     <gpxtpx:TrackPointExtension>
      <gpxtpx:hr>94</gpxtpx:hr>
      <gpxtpx:cad>56</gpxtpx:cad>
     </gpxtpx:TrackPointExtension>
    </extensions>
   </trkpt>
   <trkpt lat="51.8203650" lon="-1.5236900">
    <ele>139.8</ele>
    <time>2026-05-31T14:23:15Z</time>
    <extensions>
     <gpxtpx:TrackPointExtension>
      <gpxtpx:hr>95</gpxtpx:hr>
      <gpxtpx:cad>54</gpxtpx:cad>
     </gpxtpx:TrackPointExtension>
    </extensions>
   </trkpt>
   <trkpt lat="51.8203300" lon="-1.5238040">
    <ele>139.4</ele>
    <time>2026-05-31T14:23:22Z</time>
    <extensions>
     <gpxtpx:TrackPointExtension>
      <gpxtpx:hr>93</gpxtpx:hr>
      <gpxtpx:cad>56</gpxtpx:cad>
     </gpxtpx:TrackPointExtension>
    </extensions>
   </trkpt>
   <trkpt lat="51.8203110" lon="-1.5238690">
    <ele>139.0</ele>
    <time>2026-05-31T14:23:25Z</time>
    <extensions>
     <gpxtpx:TrackPointExtension>
      <gpxtpx:hr>92</gpxtpx:hr>
      <gpxtpx:cad>57</gpxtpx:cad>
     </gpxtpx:TrackPointExtension>
    </extensions>
   </trkpt>
   <trkpt lat="51.8202920" lon="-1.5239550">
    <ele>138.6</ele>
    <time>2026-05-31T14:23:30Z</time>
    <extensions>
     <gpxtpx:TrackPointExtension>
      <gpxtpx:hr>94</gpxtpx:hr>
      <gpxtpx:cad>56</gpxtpx:cad>
     </gpxtpx:TrackPointExtension>
    </extensions>
   </trkpt>
   <trkpt lat="51.8202700" lon="-1.5240570">
    <ele>138.4</ele>
    <time>2026-05-31T14:23:35Z</time>
    <extensions>
     <gpxtpx:TrackPointExtension>
      <gpxtpx:hr>91</gpxtpx:hr>
      <gpxtpx:cad>54</gpxtpx:cad>
     </gpxtpx:TrackPointExtension>
    </extensions>
   </trkpt>
   <trkpt lat="51.8202560" lon="-1.5241320">
    <ele>138.2</ele>
    <time>2026-05-31T14:23:39Z</time>
    <extensions>
     <gpxtpx:TrackPointExtension>
      <gpxtpx:hr>89</gpxtpx:hr>
      <gpxtpx:cad>53</gpxtpx:cad>
     </gpxtpx:TrackPointExtension>
    </extensions>
   </trkpt>
   <trkpt lat="51.8202350" lon="-1.5242390">
    <ele>137.8</ele>
    <time>2026-05-31T14:23:44Z</time>
    <extensions>
     <gpxtpx:TrackPointExtension>
      <gpxtpx:hr>89</gpxtpx:hr>
      <gpxtpx:cad>56</gpxtpx:cad>
     </gpxtpx:TrackPointExtension>
    </extensions>
   </trkpt>
   <trkpt lat="51.8202210" lon="-1.5242790">
    <ele>137.4</ele>
    <time>2026-05-31T14:23:47Z</time>
    <extensions>
     <gpxtpx:TrackPointExtension>
      <gpxtpx:hr>89</gpxtpx:hr>
      <gpxtpx:cad>55</gpxtpx:cad>
     </gpxtpx:TrackPointExtension>
    </extensions>
   </trkpt>
   <trkpt lat="51.8201880" lon="-1.5243530">
    <ele>137.0</ele>
    <time>2026-05-31T14:23:52Z</time>
    <extensions>
     <gpxtpx:TrackPointExtension>
      <gpxtpx:hr>86</gpxtpx:hr>
      <gpxtpx:cad>53</gpxtpx:cad>
     </gpxtpx:TrackPointExtension>
    </extensions>
   </trkpt>
   <trkpt lat="51.8201800" lon="-1.5243640">
    <ele>137.0</ele>
    <time>2026-05-31T14:23:53Z</time>
    <extensions>
     <gpxtpx:TrackPointExtension>
      <gpxtpx:hr>90</gpxtpx:hr>
      <gpxtpx:cad>53</gpxtpx:cad>
     </gpxtpx:TrackPointExtension>
    </extensions>
   </trkpt>
   <trkpt lat="51.8201730" lon="-1.5243760">
    <ele>137.0</ele>
    <time>2026-05-31T14:23:54Z</time>
    <extensions>
     <gpxtpx:TrackPointExtension>
      <gpxtpx:hr>87</gpxtpx:hr>
      <gpxtpx:cad>53</gpxtpx:cad>
     </gpxtpx:TrackPointExtension>
    </extensions>
   </trkpt>
   <trkpt lat="51.8201530" lon="-1.5244250">
    <ele>136.8</ele>
    <time>2026-05-31T14:23:57Z</time>
    <extensions>
     <gpxtpx:TrackPointExtension>
      <gpxtpx:hr>85</gpxtpx:hr>
      <gpxtpx:cad>55</gpxtpx:cad>
     </gpxtpx:TrackPointExtension>
    </extensions>
   </trkpt>
   <trkpt lat="51.8201450" lon="-1.5244540">
    <ele>136.8</ele>
    <time>2026-05-31T14:23:59Z</time>
    <extensions>
     <gpxtpx:TrackPointExtension>
      <gpxtpx:hr>85</gpxtpx:hr>
      <gpxtpx:cad>53</gpxtpx:cad>
     </gpxtpx:TrackPointExtension>
    </extensions>
   </trkpt>
   <trkpt lat="51.8201180" lon="-1.5245470">
    <ele>135.8</ele>
    <time>2026-05-31T14:24:06Z</time>
    <extensions>
     <gpxtpx:TrackPointExtension>
      <gpxtpx:hr>85</gpxtpx:hr>
      <gpxtpx:cad>54</gpxtpx:cad>
     </gpxtpx:TrackPointExtension>
    </extensions>
   </trkpt>
   <trkpt lat="51.8201140" lon="-1.5245690">
    <ele>135.6</ele>
    <time>2026-05-31T14:24:07Z</time>
    <extensions>
     <gpxtpx:TrackPointExtension>
      <gpxtpx:hr>85</gpxtpx:hr>
      <gpxtpx:cad>54</gpxtpx:cad>
     </gpxtpx:TrackPointExtension>
    </extensions>
   </trkpt>
   <trkpt lat="51.8201060" lon="-1.5246450">
    <ele>134.8</ele>
    <time>2026-05-31T14:24:11Z</time>
    <extensions>
     <gpxtpx:TrackPointExtension>
      <gpxtpx:hr>88</gpxtpx:hr>
      <gpxtpx:cad>55</gpxtpx:cad>
     </gpxtpx:TrackPointExtension>
    </extensions>
   </trkpt>
   <trkpt lat="51.8201100" lon="-1.5246990">
    <ele>134.2</ele>
    <time>2026-05-31T14:24:14Z</time>
    <extensions>
     <gpxtpx:TrackPointExtension>
      <gpxtpx:hr>86</gpxtpx:hr>
      <gpxtpx:cad>56</gpxtpx:cad>
     </gpxtpx:TrackPointExtension>
    </extensions>
   </trkpt>
   <trkpt lat="51.8201170" lon="-1.5247150">
    <ele>133.8</ele>
    <time>2026-05-31T14:24:15Z</time>
    <extensions>
     <gpxtpx:TrackPointExtension>
      <gpxtpx:hr>87</gpxtpx:hr>
      <gpxtpx:cad>56</gpxtpx:cad>
     </gpxtpx:TrackPointExtension>
    </extensions>
   </trkpt>
   <trkpt lat="51.8201200" lon="-1.5247740">
    <ele>133.0</ele>
    <time>2026-05-31T14:24:19Z</time>
    <extensions>
     <gpxtpx:TrackPointExtension>
      <gpxtpx:hr>89</gpxtpx:hr>
      <gpxtpx:cad>57</gpxtpx:cad>
     </gpxtpx:TrackPointExtension>
    </extensions>
   </trkpt>
   <trkpt lat="51.8200980" lon="-1.5248710">
    <ele>132.0</ele>
    <time>2026-05-31T14:24:24Z</time>
    <extensions>
     <gpxtpx:TrackPointExtension>
      <gpxtpx:hr>89</gpxtpx:hr>
      <gpxtpx:cad>57</gpxtpx:cad>
     </gpxtpx:TrackPointExtension>
    </extensions>
   </trkpt>
   <trkpt lat="51.8200940" lon="-1.5248890">
    <ele>131.8</ele>
    <time>2026-05-31T14:24:25Z</time>
    <extensions>
     <gpxtpx:TrackPointExtension>
      <gpxtpx:hr>90</gpxtpx:hr>
      <gpxtpx:cad>57</gpxtpx:cad>
     </gpxtpx:TrackPointExtension>
    </extensions>
   </trkpt>
   <trkpt lat="51.8200920" lon="-1.5249290">
    <ele>131.6</ele>
    <time>2026-05-31T14:24:28Z</time>
    <extensions>
     <gpxtpx:TrackPointExtension>
      <gpxtpx:hr>87</gpxtpx:hr>
      <gpxtpx:cad>57</gpxtpx:cad>
     </gpxtpx:TrackPointExtension>
    </extensions>
   </trkpt>
   <trkpt lat="51.8201070" lon="-1.5249640">
    <ele>131.0</ele>
    <time>2026-05-31T14:24:32Z</time>
    <extensions>
     <gpxtpx:TrackPointExtension>
      <gpxtpx:hr>88</gpxtpx:hr>
      <gpxtpx:cad>0</gpxtpx:cad>
     </gpxtpx:TrackPointExtension>
    </extensions>
   </trkpt>
   <trkpt lat="51.8201100" lon="-1.5249750">
    <ele>130.8</ele>
    <time>2026-05-31T14:24:33Z</time>
    <extensions>
     <gpxtpx:TrackPointExtension>
      <gpxtpx:hr>88</gpxtpx:hr>
      <gpxtpx:cad>0</gpxtpx:cad>
     </gpxtpx:TrackPointExtension>
    </extensions>
   </trkpt>
   <trkpt lat="51.8201120" lon="-1.5250750">
    <ele>129.8</ele>
    <time>2026-05-31T14:24:38Z</time>
    <extensions>
     <gpxtpx:TrackPointExtension>
      <gpxtpx:hr>86</gpxtpx:hr>
      <gpxtpx:cad>54</gpxtpx:cad>
     </gpxtpx:TrackPointExtension>
    </extensions>
   </trkpt>
   <trkpt lat="51.8200940" lon="-1.5251490">
    <ele>129.8</ele>
    <time>2026-05-31T14:24:41Z</time>
    <extensions>
     <gpxtpx:TrackPointExtension>
      <gpxtpx:hr>89</gpxtpx:hr>
      <gpxtpx:cad>61</gpxtpx:cad>
     </gpxtpx:TrackPointExtension>
    </extensions>
   </trkpt>
   <trkpt lat="51.8200870" lon="-1.5251750">
    <ele>129.6</ele>
    <time>2026-05-31T14:24:42Z</time>
    <extensions>
     <gpxtpx:TrackPointExtension>
      <gpxtpx:hr>88</gpxtpx:hr>
      <gpxtpx:cad>61</gpxtpx:cad>
     </gpxtpx:TrackPointExtension>
    </extensions>
   </trkpt>
   <trkpt lat="51.8200730" lon="-1.5252470">
    <ele>129.0</ele>
    <time>2026-05-31T14:24:45Z</time>
    <extensions>
     <gpxtpx:TrackPointExtension>
      <gpxtpx:hr>87</gpxtpx:hr>
      <gpxtpx:cad>58</gpxtpx:cad>
     </gpxtpx:TrackPointExtension>
    </extensions>
   </trkpt>
   <trkpt lat="51.8200630" lon="-1.5253320">
    <ele>128.4</ele>
    <time>2026-05-31T14:24:48Z</time>
    <extensions>
     <gpxtpx:TrackPointExtension>
      <gpxtpx:hr>86</gpxtpx:hr>
      <gpxtpx:cad>57</gpxtpx:cad>
     </gpxtpx:TrackPointExtension>
    </extensions>
   </trkpt>
   <trkpt lat="51.8200580" lon="-1.5253810">
    <ele>128.2</ele>
    <time>2026-05-31T14:24:50Z</time>
    <extensions>
     <gpxtpx:TrackPointExtension>
      <gpxtpx:hr>83</gpxtpx:hr>
      <gpxtpx:cad>56</gpxtpx:cad>
     </gpxtpx:TrackPointExtension>
    </extensions>
   </trkpt>
   <trkpt lat="51.8200590" lon="-1.5254710">
    <ele>127.6</ele>
    <time>2026-05-31T14:24:54Z</time>
    <extensions>
     <gpxtpx:TrackPointExtension>
      <gpxtpx:hr>83</gpxtpx:hr>
      <gpxtpx:cad>55</gpxtpx:cad>
     </gpxtpx:TrackPointExtension>
    </extensions>
   </trkpt>
   <trkpt lat="51.8200480" lon="-1.5255250">
    <ele>127.6</ele>
    <time>2026-05-31T14:24:57Z</time>
    <extensions>
     <gpxtpx:TrackPointExtension>
      <gpxtpx:hr>87</gpxtpx:hr>
      <gpxtpx:cad>51</gpxtpx:cad>
     </gpxtpx:TrackPointExtension>
    </extensions>
   </trkpt>
   <trkpt lat="51.8200500" lon="-1.5255530">
    <ele>127.4</ele>
    <time>2026-05-31T14:24:59Z</time>
    <extensions>
     <gpxtpx:TrackPointExtension>
      <gpxtpx:hr>88</gpxtpx:hr>
      <gpxtpx:cad>51</gpxtpx:cad>
     </gpxtpx:TrackPointExtension>
    </extensions>
   </trkpt>
   <trkpt lat="51.8200460" lon="-1.5255700">
    <ele>127.4</ele>
    <time>2026-05-31T14:25:01Z</time>
    <extensions>
     <gpxtpx:TrackPointExtension>
      <gpxtpx:hr>87</gpxtpx:hr>
      <gpxtpx:cad>53</gpxtpx:cad>
     </gpxtpx:TrackPointExtension>
    </extensions>
   </trkpt>
   <trkpt lat="51.8200460" lon="-1.5255850">
    <ele>127.4</ele>
    <time>2026-05-31T14:25:02Z</time>
    <extensions>
     <gpxtpx:TrackPointExtension>
      <gpxtpx:hr>92</gpxtpx:hr>
      <gpxtpx:cad>55</gpxtpx:cad>
     </gpxtpx:TrackPointExtension>
    </extensions>
   </trkpt>
   <trkpt lat="51.8200980" lon="-1.5256520">
    <ele>127.2</ele>
    <time>2026-05-31T14:25:09Z</time>
    <extensions>
     <gpxtpx:TrackPointExtension>
      <gpxtpx:hr>92</gpxtpx:hr>
      <gpxtpx:cad>55</gpxtpx:cad>
     </gpxtpx:TrackPointExtension>
    </extensions>
   </trkpt>
   <trkpt lat="51.8201750" lon="-1.5256480">
    <ele>127.0</ele>
    <time>2026-05-31T14:25:18Z</time>
    <extensions>
     <gpxtpx:TrackPointExtension>
      <gpxtpx:hr>91</gpxtpx:hr>
      <gpxtpx:cad>50</gpxtpx:cad>
     </gpxtpx:TrackPointExtension>
    </extensions>
   </trkpt>
   <trkpt lat="51.8202600" lon="-1.5255960">
    <ele>127.2</ele>
    <time>2026-05-31T14:25:31Z</time>
    <extensions>
     <gpxtpx:TrackPointExtension>
      <gpxtpx:hr>92</gpxtpx:hr>
      <gpxtpx:cad>47</gpxtpx:cad>
     </gpxtpx:TrackPointExtension>
    </extensions>
   </trkpt>
   <trkpt lat="51.8203280" lon="-1.5255560">
    <ele>127.4</ele>
    <time>2026-05-31T14:25:39Z</time>
    <extensions>
     <gpxtpx:TrackPointExtension>
      <gpxtpx:hr>94</gpxtpx:hr>
      <gpxtpx:cad>0</gpxtpx:cad>
     </gpxtpx:TrackPointExtension>
    </extensions>
   </trkpt>
   <trkpt lat="51.8203580" lon="-1.5255410">
    <ele>127.6</ele>
    <time>2026-05-31T14:25:44Z</time>
    <extensions>
     <gpxtpx:TrackPointExtension>
      <gpxtpx:hr>96</gpxtpx:hr>
      <gpxtpx:cad>0</gpxtpx:cad>
     </gpxtpx:TrackPointExtension>
    </extensions>
   </trkpt>
   <trkpt lat="51.8203820" lon="-1.5255150">
    <ele>127.6</ele>
    <time>2026-05-31T14:25:50Z</time>
    <extensions>
     <gpxtpx:TrackPointExtension>
      <gpxtpx:hr>93</gpxtpx:hr>
      <gpxtpx:cad>0</gpxtpx:cad>
     </gpxtpx:TrackPointExtension>
    </extensions>
   </trkpt>
   <trkpt lat="51.8204460" lon="-1.5254700">
    <ele>127.6</ele>
    <time>2026-05-31T14:25:58Z</time>
    <extensions>
     <gpxtpx:TrackPointExtension>
      <gpxtpx:hr>96</gpxtpx:hr>
      <gpxtpx:cad>47</gpxtpx:cad>
     </gpxtpx:TrackPointExtension>
    </extensions>
   </trkpt>
   <trkpt lat="51.8204550" lon="-1.5254640">
    <ele>127.4</ele>
    <time>2026-05-31T14:25:59Z</time>
    <extensions>
     <gpxtpx:TrackPointExtension>
      <gpxtpx:hr>93</gpxtpx:hr>
      <gpxtpx:cad>48</gpxtpx:cad>
     </gpxtpx:TrackPointExtension>
    </extensions>
   </trkpt>
   <trkpt lat="51.8204660" lon="-1.5254580">
    <ele>127.4</ele>
    <time>2026-05-31T14:26:00Z</time>
    <extensions>
     <gpxtpx:TrackPointExtension>
      <gpxtpx:hr>90</gpxtpx:hr>
      <gpxtpx:cad>48</gpxtpx:cad>
     </gpxtpx:TrackPointExtension>
    </extensions>
   </trkpt>
   <trkpt lat="51.8204810" lon="-1.5254530">
    <ele>127.4</ele>
    <time>2026-05-31T14:26:01Z</time>
    <extensions>
     <gpxtpx:TrackPointExtension>
      <gpxtpx:hr>90</gpxtpx:hr>
      <gpxtpx:cad>49</gpxtpx:cad>
     </gpxtpx:TrackPointExtension>
    </extensions>
   </trkpt>
   <trkpt lat="51.8204940" lon="-1.5254480">
    <ele>127.4</ele>
    <time>2026-05-31T14:26:02Z</time>
    <extensions>
     <gpxtpx:TrackPointExtension>
      <gpxtpx:hr>85</gpxtpx:hr>
      <gpxtpx:cad>50</gpxtpx:cad>
     </gpxtpx:TrackPointExtension>
    </extensions>
   </trkpt>
   <trkpt lat="51.8205220" lon="-1.5254370">
    <ele>127.4</ele>
    <time>2026-05-31T14:26:04Z</time>
    <extensions>
     <gpxtpx:TrackPointExtension>
      <gpxtpx:hr>82</gpxtpx:hr>
      <gpxtpx:cad>51</gpxtpx:cad>
     </gpxtpx:TrackPointExtension>
    </extensions>
   </trkpt>
   <trkpt lat="51.8206450" lon="-1.5253950">
    <ele>127.6</ele>
    <time>2026-05-31T14:26:12Z</time>
    <extensions>
     <gpxtpx:TrackPointExtension>
      <gpxtpx:hr>83</gpxtpx:hr>
      <gpxtpx:cad>57</gpxtpx:cad>
     </gpxtpx:TrackPointExtension>
    </extensions>
   </trkpt>
   <trkpt lat="51.8206620" lon="-1.5253910">
    <ele>127.6</ele>
    <time>2026-05-31T14:26:13Z</time>
    <extensions>
     <gpxtpx:TrackPointExtension>
      <gpxtpx:hr>80</gpxtpx:hr>
      <gpxtpx:cad>57</gpxtpx:cad>
     </gpxtpx:TrackPointExtension>
    </extensions>
   </trkpt>
   <trkpt lat="51.8207140" lon="-1.5253920">
    <ele>127.6</ele>
    <time>2026-05-31T14:26:16Z</time>
    <extensions>
     <gpxtpx:TrackPointExtension>
      <gpxtpx:hr>77</gpxtpx:hr>
      <gpxtpx:cad>57</gpxtpx:cad>
     </gpxtpx:TrackPointExtension>
    </extensions>
   </trkpt>
   <trkpt lat="51.8207590" lon="-1.5253960">
    <ele>128.0</ele>
    <time>2026-05-31T14:26:19Z</time>
    <extensions>
     <gpxtpx:TrackPointExtension>
      <gpxtpx:hr>74</gpxtpx:hr>
      <gpxtpx:cad>57</gpxtpx:cad>
     </gpxtpx:TrackPointExtension>
    </extensions>
   </trkpt>
   <trkpt lat="51.8207850" lon="-1.5253820">
    <ele>128.0</ele>
    <time>2026-05-31T14:26:21Z</time>
    <extensions>
     <gpxtpx:TrackPointExtension>
      <gpxtpx:hr>73</gpxtpx:hr>
      <gpxtpx:cad>57</gpxtpx:cad>
     </gpxtpx:TrackPointExtension>
    </extensions>
   </trkpt>
   <trkpt lat="51.8208910" lon="-1.5253200">
    <ele>128.0</ele>
    <time>2026-05-31T14:26:30Z</time>
    <extensions>
     <gpxtpx:TrackPointExtension>
      <gpxtpx:hr>75</gpxtpx:hr>
      <gpxtpx:cad>53</gpxtpx:cad>
     </gpxtpx:TrackPointExtension>
    </extensions>
   </trkpt>
   <trkpt lat="51.8209070" lon="-1.5253140">
    <ele>128.0</ele>
    <time>2026-05-31T14:26:32Z</time>
    <extensions>
     <gpxtpx:TrackPointExtension>
      <gpxtpx:hr>78</gpxtpx:hr>
      <gpxtpx:cad>55</gpxtpx:cad>
     </gpxtpx:TrackPointExtension>
    </extensions>
   </trkpt>
   <trkpt lat="51.8209740" lon="-1.5252890">
    <ele>128.2</ele>
    <time>2026-05-31T14:26:39Z</time>
    <extensions>
     <gpxtpx:TrackPointExtension>
      <gpxtpx:hr>79</gpxtpx:hr>
      <gpxtpx:cad>51</gpxtpx:cad>
     </gpxtpx:TrackPointExtension>
    </extensions>
   </trkpt>
   <trkpt lat="51.8210980" lon="-1.5252650">
    <ele>128.2</ele>
    <time>2026-05-31T14:26:48Z</time>
    <extensions>
     <gpxtpx:TrackPointExtension>
      <gpxtpx:hr>78</gpxtpx:hr>
      <gpxtpx:cad>52</gpxtpx:cad>
     </gpxtpx:TrackPointExtension>
    </extensions>
   </trkpt>
   <trkpt lat="51.8212000" lon="-1.5252330">
    <ele>128.2</ele>
    <time>2026-05-31T14:26:55Z</time>
    <extensions>
     <gpxtpx:TrackPointExtension>
      <gpxtpx:hr>79</gpxtpx:hr>
      <gpxtpx:cad>56</gpxtpx:cad>
     </gpxtpx:TrackPointExtension>
    </extensions>
   </trkpt>
   <trkpt lat="51.8212620" lon="-1.5252050">
    <ele>128.4</ele>
    <time>2026-05-31T14:27:00Z</time>
    <extensions>
     <gpxtpx:TrackPointExtension>
      <gpxtpx:hr>81</gpxtpx:hr>
      <gpxtpx:cad>57</gpxtpx:cad>
     </gpxtpx:TrackPointExtension>
    </extensions>
   </trkpt>
   <trkpt lat="51.8212840" lon="-1.5251890">
    <ele>128.6</ele>
    <time>2026-05-31T14:27:02Z</time>
    <extensions>
     <gpxtpx:TrackPointExtension>
      <gpxtpx:hr>81</gpxtpx:hr>
      <gpxtpx:cad>55</gpxtpx:cad>
     </gpxtpx:TrackPointExtension>
    </extensions>
   </trkpt>
   <trkpt lat="51.8213300" lon="-1.5251580">
    <ele>128.6</ele>
    <time>2026-05-31T14:27:06Z</time>
    <extensions>
     <gpxtpx:TrackPointExtension>
      <gpxtpx:hr>78</gpxtpx:hr>
      <gpxtpx:cad>53</gpxtpx:cad>
     </gpxtpx:TrackPointExtension>
    </extensions>
   </trkpt>
   <trkpt lat="51.8213410" lon="-1.5251490">
    <ele>128.6</ele>
    <time>2026-05-31T14:27:07Z</time>
    <extensions>
     <gpxtpx:TrackPointExtension>
      <gpxtpx:hr>75</gpxtpx:hr>
      <gpxtpx:cad>52</gpxtpx:cad>
     </gpxtpx:TrackPointExtension>
    </extensions>
   </trkpt>
   <trkpt lat="51.8213680" lon="-1.5251310">
    <ele>128.8</ele>
    <time>2026-05-31T14:27:10Z</time>
    <extensions>
     <gpxtpx:TrackPointExtension>
      <gpxtpx:hr>74</gpxtpx:hr>
      <gpxtpx:cad>52</gpxtpx:cad>
     </gpxtpx:TrackPointExtension>
    </extensions>
   </trkpt>
   <trkpt lat="51.8213960" lon="-1.5251200">
    <ele>128.8</ele>
    <time>2026-05-31T14:27:12Z</time>
    <extensions>
     <gpxtpx:TrackPointExtension>
      <gpxtpx:hr>71</gpxtpx:hr>
      <gpxtpx:cad>51</gpxtpx:cad>
     </gpxtpx:TrackPointExtension>
    </extensions>
   </trkpt>
   <trkpt lat="51.8214590" lon="-1.5250920">
    <ele>128.8</ele>
    <time>2026-05-31T14:27:17Z</time>
    <extensions>
     <gpxtpx:TrackPointExtension>
      <gpxtpx:hr>71</gpxtpx:hr>
      <gpxtpx:cad>51</gpxtpx:cad>
     </gpxtpx:TrackPointExtension>
    </extensions>
   </trkpt>
   <trkpt lat="51.8214840" lon="-1.5250840">
    <ele>128.8</ele>
    <time>2026-05-31T14:27:19Z</time>
    <extensions>
     <gpxtpx:TrackPointExtension>
      <gpxtpx:hr>75</gpxtpx:hr>
      <gpxtpx:cad>51</gpxtpx:cad>
     </gpxtpx:TrackPointExtension>
    </extensions>
   </trkpt>
   <trkpt lat="51.8215480" lon="-1.5250570">
    <ele>129.0</ele>
    <time>2026-05-31T14:27:26Z</time>
    <extensions>
     <gpxtpx:TrackPointExtension>
      <gpxtpx:hr>76</gpxtpx:hr>
      <gpxtpx:cad>48</gpxtpx:cad>
     </gpxtpx:TrackPointExtension>
    </extensions>
   </trkpt>
   <trkpt lat="51.8216070" lon="-1.5250350">
    <ele>129.2</ele>
    <time>2026-05-31T14:27:33Z</time>
    <extensions>
     <gpxtpx:TrackPointExtension>
      <gpxtpx:hr>80</gpxtpx:hr>
      <gpxtpx:cad>0</gpxtpx:cad>
     </gpxtpx:TrackPointExtension>
    </extensions>
   </trkpt>
   <trkpt lat="51.8216190" lon="-1.5250310">
    <ele>129.2</ele>
    <time>2026-05-31T14:27:34Z</time>
    <extensions>
     <gpxtpx:TrackPointExtension>
      <gpxtpx:hr>78</gpxtpx:hr>
      <gpxtpx:cad>0</gpxtpx:cad>
     </gpxtpx:TrackPointExtension>
    </extensions>
   </trkpt>
   <trkpt lat="51.8216480" lon="-1.5250170">
    <ele>129.2</ele>
    <time>2026-05-31T14:27:37Z</time>
    <extensions>
     <gpxtpx:TrackPointExtension>
      <gpxtpx:hr>81</gpxtpx:hr>
      <gpxtpx:cad>48</gpxtpx:cad>
     </gpxtpx:TrackPointExtension>
    </extensions>
   </trkpt>
   <trkpt lat="51.8216680" lon="-1.5250100">
    <ele>129.4</ele>
    <time>2026-05-31T14:27:39Z</time>
    <extensions>
     <gpxtpx:TrackPointExtension>
      <gpxtpx:hr>85</gpxtpx:hr>
      <gpxtpx:cad>48</gpxtpx:cad>
     </gpxtpx:TrackPointExtension>
    </extensions>
   </trkpt>
   <trkpt lat="51.8216760" lon="-1.5250080">
    <ele>129.4</ele>
    <time>2026-05-31T14:27:40Z</time>
    <extensions>
     <gpxtpx:TrackPointExtension>
      <gpxtpx:hr>88</gpxtpx:hr>
      <gpxtpx:cad>0</gpxtpx:cad>
     </gpxtpx:TrackPointExtension>
    </extensions>
   </trkpt>
   <trkpt lat="51.8216840" lon="-1.5250080">
    <ele>129.4</ele>
    <time>2026-05-31T14:27:41Z</time>
    <extensions>
     <gpxtpx:TrackPointExtension>
      <gpxtpx:hr>90</gpxtpx:hr>
      <gpxtpx:cad>0</gpxtpx:cad>
     </gpxtpx:TrackPointExtension>
    </extensions>
   </trkpt>
   <trkpt lat="51.8216930" lon="-1.5250080">
    <ele>129.4</ele>
    <time>2026-05-31T14:27:42Z</time>
    <extensions>
     <gpxtpx:TrackPointExtension>
      <gpxtpx:hr>94</gpxtpx:hr>
      <gpxtpx:cad>0</gpxtpx:cad>
     </gpxtpx:TrackPointExtension>
    </extensions>
   </trkpt>
   <trkpt lat="51.8217030" lon="-1.5250050">
    <ele>129.4</ele>
    <time>2026-05-31T14:27:43Z</time>
    <extensions>
     <gpxtpx:TrackPointExtension>
      <gpxtpx:hr>93</gpxtpx:hr>
      <gpxtpx:cad>0</gpxtpx:cad>
     </gpxtpx:TrackPointExtension>
    </extensions>
   </trkpt>
   <trkpt lat="51.8217690" lon="-1.5249960">
    <ele>129.4</ele>
    <time>2026-05-31T14:27:49Z</time>
    <extensions>
     <gpxtpx:TrackPointExtension>
      <gpxtpx:hr>96</gpxtpx:hr>
      <gpxtpx:cad>48</gpxtpx:cad>
     </gpxtpx:TrackPointExtension>
    </extensions>
   </trkpt>
   <trkpt lat="51.8217880" lon="-1.5249890">
    <ele>129.4</ele>
    <time>2026-05-31T14:27:51Z</time>
    <extensions>
     <gpxtpx:TrackPointExtension>
      <gpxtpx:hr>96</gpxtpx:hr>
      <gpxtpx:cad>0</gpxtpx:cad>
     </gpxtpx:TrackPointExtension>
    </extensions>
   </trkpt>
   <trkpt lat="51.8218750" lon="-1.5249750">
    <ele>129.6</ele>
    <time>2026-05-31T14:27:59Z</time>
    <extensions>
     <gpxtpx:TrackPointExtension>
      <gpxtpx:hr>93</gpxtpx:hr>
      <gpxtpx:cad>49</gpxtpx:cad>
     </gpxtpx:TrackPointExtension>
    </extensions>
   </trkpt>
   <trkpt lat="51.8218800" lon="-1.5249730">
    <ele>129.6</ele>
    <time>2026-05-31T14:28:00Z</time>
    <extensions>
     <gpxtpx:TrackPointExtension>
      <gpxtpx:hr>93</gpxtpx:hr>
      <gpxtpx:cad>49</gpxtpx:cad>
     </gpxtpx:TrackPointExtension>
    </extensions>
   </trkpt>
   <trkpt lat="51.8219450" lon="-1.5249570">
    <ele>129.6</ele>
    <time>2026-05-31T14:28:08Z</time>
    <extensions>
     <gpxtpx:TrackPointExtension>
      <gpxtpx:hr>91</gpxtpx:hr>
      <gpxtpx:cad>0</gpxtpx:cad>
     </gpxtpx:TrackPointExtension>
    </extensions>
   </trkpt>
   <trkpt lat="51.8219520" lon="-1.5249540">
    <ele>129.6</ele>
    <time>2026-05-31T14:28:09Z</time>
    <extensions>
     <gpxtpx:TrackPointExtension>
      <gpxtpx:hr>94</gpxtpx:hr>
      <gpxtpx:cad>0</gpxtpx:cad>
     </gpxtpx:TrackPointExtension>
    </extensions>
   </trkpt>
   <trkpt lat="51.8220060" lon="-1.5249090">
    <ele>129.8</ele>
    <time>2026-05-31T14:28:16Z</time>
    <extensions>
     <gpxtpx:TrackPointExtension>
      <gpxtpx:hr>97</gpxtpx:hr>
      <gpxtpx:cad>0</gpxtpx:cad>
     </gpxtpx:TrackPointExtension>
    </extensions>
   </trkpt>
   <trkpt lat="51.8220100" lon="-1.5249000">
    <ele>129.8</ele>
    <time>2026-05-31T14:28:17Z</time>
    <extensions>
     <gpxtpx:TrackPointExtension>
      <gpxtpx:hr>97</gpxtpx:hr>
      <gpxtpx:cad>0</gpxtpx:cad>
     </gpxtpx:TrackPointExtension>
    </extensions>
   </trkpt>
   <trkpt lat="51.8220680" lon="-1.5248790">
    <ele>129.8</ele>
    <time>2026-05-31T14:28:22Z</time>
    <extensions>
     <gpxtpx:TrackPointExtension>
      <gpxtpx:hr>101</gpxtpx:hr>
      <gpxtpx:cad>0</gpxtpx:cad>
     </gpxtpx:TrackPointExtension>
    </extensions>
   </trkpt>
   <trkpt lat="51.8220790" lon="-1.5248740">
    <ele>129.8</ele>
    <time>2026-05-31T14:28:23Z</time>
    <extensions>
     <gpxtpx:TrackPointExtension>
      <gpxtpx:hr>98</gpxtpx:hr>
      <gpxtpx:cad>0</gpxtpx:cad>
     </gpxtpx:TrackPointExtension>
    </extensions>
   </trkpt>
   <trkpt lat="51.8220890" lon="-1.5248700">
    <ele>130.0</ele>
    <time>2026-05-31T14:28:24Z</time>
    <extensions>
     <gpxtpx:TrackPointExtension>
      <gpxtpx:hr>101</gpxtpx:hr>
      <gpxtpx:cad>0</gpxtpx:cad>
     </gpxtpx:TrackPointExtension>
    </extensions>
   </trkpt>
   <trkpt lat="51.8221180" lon="-1.5248510">
    <ele>130.2</ele>
    <time>2026-05-31T14:28:27Z</time>
    <extensions>
     <gpxtpx:TrackPointExtension>
      <gpxtpx:hr>104</gpxtpx:hr>
      <gpxtpx:cad>48</gpxtpx:cad>
     </gpxtpx:TrackPointExtension>
    </extensions>
   </trkpt>
   <trkpt lat="51.8221690" lon="-1.5248150">
    <ele>130.2</ele>
    <time>2026-05-31T14:28:32Z</time>
    <extensions>
     <gpxtpx:TrackPointExtension>
      <gpxtpx:hr>101</gpxtpx:hr>
      <gpxtpx:cad>0</gpxtpx:cad>
     </gpxtpx:TrackPointExtension>
    </extensions>
   </trkpt>
   <trkpt lat="51.8221910" lon="-1.5248070">
    <ele>130.2</ele>
    <time>2026-05-31T14:28:34Z</time>
    <extensions>
     <gpxtpx:TrackPointExtension>
      <gpxtpx:hr>98</gpxtpx:hr>
      <gpxtpx:cad>0</gpxtpx:cad>
     </gpxtpx:TrackPointExtension>
    </extensions>
   </trkpt>
   <trkpt lat="51.8222150" lon="-1.5247930">
    <ele>130.2</ele>
    <time>2026-05-31T14:28:36Z</time>
    <extensions>
     <gpxtpx:TrackPointExtension>
      <gpxtpx:hr>95</gpxtpx:hr>
      <gpxtpx:cad>0</gpxtpx:cad>
     </gpxtpx:TrackPointExtension>
    </extensions>
   </trkpt>
   <trkpt lat="51.8222650" lon="-1.5247690">
    <ele>130.4</ele>
    <time>2026-05-31T14:28:41Z</time>
    <extensions>
     <gpxtpx:TrackPointExtension>
      <gpxtpx:hr>96</gpxtpx:hr>
      <gpxtpx:cad>48</gpxtpx:cad>
     </gpxtpx:TrackPointExtension>
    </extensions>
   </trkpt>
   <trkpt lat="51.8223150" lon="-1.5247490">
    <ele>130.4</ele>
    <time>2026-05-31T14:28:45Z</time>
    <extensions>
     <gpxtpx:TrackPointExtension>
      <gpxtpx:hr>96</gpxtpx:hr>
      <gpxtpx:cad>48</gpxtpx:cad>
     </gpxtpx:TrackPointExtension>
    </extensions>
   </trkpt>
   <trkpt lat="51.8223610" lon="-1.5247300">
    <ele>130.6</ele>
    <time>2026-05-31T14:28:49Z</time>
    <extensions>
     <gpxtpx:TrackPointExtension>
      <gpxtpx:hr>95</gpxtpx:hr>
      <gpxtpx:cad>47</gpxtpx:cad>
     </gpxtpx:TrackPointExtension>
    </extensions>
   </trkpt>
   <trkpt lat="51.8224280" lon="-1.5247020">
    <ele>131.0</ele>
    <time>2026-05-31T14:28:56Z</time>
    <extensions>
     <gpxtpx:TrackPointExtension>
      <gpxtpx:hr>94</gpxtpx:hr>
      <gpxtpx:cad>48</gpxtpx:cad>
     </gpxtpx:TrackPointExtension>
    </extensions>
   </trkpt>
   <trkpt lat="51.8224510" lon="-1.5246720">
    <ele>131.4</ele>
    <time>2026-05-31T14:29:00Z</time>
    <extensions>
     <gpxtpx:TrackPointExtension>
      <gpxtpx:hr>97</gpxtpx:hr>
      <gpxtpx:cad>49</gpxtpx:cad>
     </gpxtpx:TrackPointExtension>
    </extensions>
   </trkpt>
   <trkpt lat="51.8224680" lon="-1.5246580">
    <ele>131.4</ele>
    <time>2026-05-31T14:29:03Z</time>
    <extensions>
     <gpxtpx:TrackPointExtension>
      <gpxtpx:hr>95</gpxtpx:hr>
      <gpxtpx:cad>51</gpxtpx:cad>
     </gpxtpx:TrackPointExtension>
    </extensions>
   </trkpt>
   <trkpt lat="51.8224880" lon="-1.5246550">
    <ele>131.4</ele>
    <time>2026-05-31T14:29:05Z</time>
    <extensions>
     <gpxtpx:TrackPointExtension>
      <gpxtpx:hr>96</gpxtpx:hr>
      <gpxtpx:cad>51</gpxtpx:cad>
     </gpxtpx:TrackPointExtension>
    </extensions>
   </trkpt>
   <trkpt lat="51.8225440" lon="-1.5246270">
    <ele>131.6</ele>
    <time>2026-05-31T14:29:11Z</time>
    <extensions>
     <gpxtpx:TrackPointExtension>
      <gpxtpx:hr>96</gpxtpx:hr>
      <gpxtpx:cad>50</gpxtpx:cad>
     </gpxtpx:TrackPointExtension>
    </extensions>
   </trkpt>
   <trkpt lat="51.8226250" lon="-1.5245770">
    <ele>131.8</ele>
    <time>2026-05-31T14:29:20Z</time>
    <extensions>
     <gpxtpx:TrackPointExtension>
      <gpxtpx:hr>93</gpxtpx:hr>
      <gpxtpx:cad>48</gpxtpx:cad>
     </gpxtpx:TrackPointExtension>
    </extensions>
   </trkpt>
   <trkpt lat="51.8227090" lon="-1.5245120">
    <ele>132.2</ele>
    <time>2026-05-31T14:29:30Z</time>
    <extensions>
     <gpxtpx:TrackPointExtension>
      <gpxtpx:hr>89</gpxtpx:hr>
      <gpxtpx:cad>50</gpxtpx:cad>
     </gpxtpx:TrackPointExtension>
    </extensions>
   </trkpt>
   <trkpt lat="51.8227400" lon="-1.5244820">
    <ele>132.2</ele>
    <time>2026-05-31T14:29:33Z</time>
    <extensions>
     <gpxtpx:TrackPointExtension>
      <gpxtpx:hr>92</gpxtpx:hr>
      <gpxtpx:cad>50</gpxtpx:cad>
     </gpxtpx:TrackPointExtension>
    </extensions>
   </trkpt>
   <trkpt lat="51.8227980" lon="-1.5244310">
    <ele>132.4</ele>
    <time>2026-05-31T14:29:39Z</time>
    <extensions>
     <gpxtpx:TrackPointExtension>
      <gpxtpx:hr>88</gpxtpx:hr>
      <gpxtpx:cad>50</gpxtpx:cad>
     </gpxtpx:TrackPointExtension>
    </extensions>
   </trkpt>
   <trkpt lat="51.8228090" lon="-1.5244230">
    <ele>132.4</ele>
    <time>2026-05-31T14:29:40Z</time>
    <extensions>
     <gpxtpx:TrackPointExtension>
      <gpxtpx:hr>85</gpxtpx:hr>
      <gpxtpx:cad>50</gpxtpx:cad>
     </gpxtpx:TrackPointExtension>
    </extensions>
   </trkpt>
   <trkpt lat="51.8228340" lon="-1.5244070">
    <ele>132.4</ele>
    <time>2026-05-31T14:29:42Z</time>
    <extensions>
     <gpxtpx:TrackPointExtension>
      <gpxtpx:hr>82</gpxtpx:hr>
      <gpxtpx:cad>0</gpxtpx:cad>
     </gpxtpx:TrackPointExtension>
    </extensions>
   </trkpt>
   <trkpt lat="51.8228930" lon="-1.5243930">
    <ele>132.6</ele>
    <time>2026-05-31T14:29:48Z</time>
    <extensions>
     <gpxtpx:TrackPointExtension>
      <gpxtpx:hr>81</gpxtpx:hr>
      <gpxtpx:cad>48</gpxtpx:cad>
     </gpxtpx:TrackPointExtension>
    </extensions>
   </trkpt>
   <trkpt lat="51.8229800" lon="-1.5244340">
    <ele>132.8</ele>
    <time>2026-05-31T14:29:56Z</time>
    <extensions>
     <gpxtpx:TrackPointExtension>
      <gpxtpx:hr>80</gpxtpx:hr>
      <gpxtpx:cad>49</gpxtpx:cad>
     </gpxtpx:TrackPointExtension>
    </extensions>
   </trkpt>
   <trkpt lat="51.8229960" lon="-1.5244580">
    <ele>132.8</ele>
    <time>2026-05-31T14:29:58Z</time>
    <extensions>
     <gpxtpx:TrackPointExtension>
      <gpxtpx:hr>83</gpxtpx:hr>
      <gpxtpx:cad>49</gpxtpx:cad>
     </gpxtpx:TrackPointExtension>
    </extensions>
   </trkpt>
   <trkpt lat="51.8230010" lon="-1.5244670">
    <ele>133.0</ele>
    <time>2026-05-31T14:30:01Z</time>
    <extensions>
     <gpxtpx:TrackPointExtension>
      <gpxtpx:hr>80</gpxtpx:hr>
      <gpxtpx:cad>0</gpxtpx:cad>
     </gpxtpx:TrackPointExtension>
    </extensions>
   </trkpt>
   <trkpt lat="51.8229980" lon="-1.5244690">
    <ele>133.0</ele>
    <time>2026-05-31T14:30:03Z</time>
    <extensions>
     <gpxtpx:TrackPointExtension>
      <gpxtpx:hr>79</gpxtpx:hr>
      <gpxtpx:cad>0</gpxtpx:cad>
     </gpxtpx:TrackPointExtension>
    </extensions>
   </trkpt>
   <trkpt lat="51.8230050" lon="-1.5245460">
    <ele>133.2</ele>
    <time>2026-05-31T14:30:16Z</time>
    <extensions>
     <gpxtpx:TrackPointExtension>
      <gpxtpx:hr>78</gpxtpx:hr>
      <gpxtpx:cad>0</gpxtpx:cad>
     </gpxtpx:TrackPointExtension>
    </extensions>
   </trkpt>
   <trkpt lat="51.8230510" lon="-1.5247520">
    <ele>133.4</ele>
    <time>2026-05-31T14:30:30Z</time>
    <extensions>
     <gpxtpx:TrackPointExtension>
      <gpxtpx:hr>77</gpxtpx:hr>
      <gpxtpx:cad>47</gpxtpx:cad>
     </gpxtpx:TrackPointExtension>
    </extensions>
   </trkpt>
   <trkpt lat="51.8230560" lon="-1.5247850">
    <ele>133.6</ele>
    <time>2026-05-31T14:30:32Z</time>
    <extensions>
     <gpxtpx:TrackPointExtension>
      <gpxtpx:hr>76</gpxtpx:hr>
      <gpxtpx:cad>47</gpxtpx:cad>
     </gpxtpx:TrackPointExtension>
    </extensions>
   </trkpt>
   <trkpt lat="51.8230670" lon="-1.5248330">
    <ele>133.8</ele>
    <time>2026-05-31T14:30:35Z</time>
    <extensions>
     <gpxtpx:TrackPointExtension>
      <gpxtpx:hr>80</gpxtpx:hr>
      <gpxtpx:cad>47</gpxtpx:cad>
     </gpxtpx:TrackPointExtension>
    </extensions>
   </trkpt>
   <trkpt lat="51.8230860" lon="-1.5249150">
    <ele>134.0</ele>
    <time>2026-05-31T14:30:40Z</time>
    <extensions>
     <gpxtpx:TrackPointExtension>
      <gpxtpx:hr>83</gpxtpx:hr>
      <gpxtpx:cad>50</gpxtpx:cad>
     </gpxtpx:TrackPointExtension>
    </extensions>
   </trkpt>
   <trkpt lat="51.8231000" lon="-1.5249650">
    <ele>134.0</ele>
    <time>2026-05-31T14:30:43Z</time>
    <extensions>
     <gpxtpx:TrackPointExtension>
      <gpxtpx:hr>79</gpxtpx:hr>
      <gpxtpx:cad>49</gpxtpx:cad>
     </gpxtpx:TrackPointExtension>
    </extensions>
   </trkpt>
   <trkpt lat="51.8231090" lon="-1.5249990">
    <ele>134.2</ele>
    <time>2026-05-31T14:30:45Z</time>
    <extensions>
     <gpxtpx:TrackPointExtension>
      <gpxtpx:hr>80</gpxtpx:hr>
      <gpxtpx:cad>48</gpxtpx:cad>
     </gpxtpx:TrackPointExtension>
    </extensions>
   </trkpt>
   <trkpt lat="51.8231620" lon="-1.5251550">
    <ele>134.6</ele>
    <time>2026-05-31T14:30:55Z</time>
    <extensions>
     <gpxtpx:TrackPointExtension>
      <gpxtpx:hr>75</gpxtpx:hr>
      <gpxtpx:cad>50</gpxtpx:cad>
     </gpxtpx:TrackPointExtension>
    </extensions>
   </trkpt>
   <trkpt lat="51.8231690" lon="-1.5251690">
    <ele>134.6</ele>
    <time>2026-05-31T14:30:56Z</time>
    <extensions>
     <gpxtpx:TrackPointExtension>
      <gpxtpx:hr>79</gpxtpx:hr>
      <gpxtpx:cad>50</gpxtpx:cad>
     </gpxtpx:TrackPointExtension>
    </extensions>
   </trkpt>
   <trkpt lat="51.8231880" lon="-1.5252150">
    <ele>134.6</ele>
    <time>2026-05-31T14:30:59Z</time>
    <extensions>
     <gpxtpx:TrackPointExtension>
      <gpxtpx:hr>81</gpxtpx:hr>
      <gpxtpx:cad>48</gpxtpx:cad>
     </gpxtpx:TrackPointExtension>
    </extensions>
   </trkpt>
   <trkpt lat="51.8232360" lon="-1.5253380">
    <ele>134.8</ele>
    <time>2026-05-31T14:31:07Z</time>
    <extensions>
     <gpxtpx:TrackPointExtension>
      <gpxtpx:hr>77</gpxtpx:hr>
      <gpxtpx:cad>49</gpxtpx:cad>
     </gpxtpx:TrackPointExtension>
    </extensions>
   </trkpt>
   <trkpt lat="51.8232860" lon="-1.5254480">
    <ele>134.8</ele>
    <time>2026-05-31T14:31:13Z</time>
    <extensions>
     <gpxtpx:TrackPointExtension>
      <gpxtpx:hr>80</gpxtpx:hr>
      <gpxtpx:cad>49</gpxtpx:cad>
     </gpxtpx:TrackPointExtension>
    </extensions>
   </trkpt>
   <trkpt lat="51.8233510" lon="-1.5256380">
    <ele>135.0</ele>
    <time>2026-05-31T14:31:17Z</time>
    <extensions>
     <gpxtpx:TrackPointExtension>
      <gpxtpx:hr>81</gpxtpx:hr>
      <gpxtpx:cad>82</gpxtpx:cad>
     </gpxtpx:TrackPointExtension>
    </extensions>
   </trkpt>
   <trkpt lat="51.8234340" lon="-1.5259150">
    <ele>135.4</ele>
    <time>2026-05-31T14:31:22Z</time>
    <extensions>
     <gpxtpx:TrackPointExtension>
      <gpxtpx:hr>82</gpxtpx:hr>
      <gpxtpx:cad>83</gpxtpx:cad>
     </gpxtpx:TrackPointExtension>
    </extensions>
   </trkpt>
   <trkpt lat="51.8234470" lon="-1.5259430">
    <ele>135.4</ele>
    <time>2026-05-31T14:31:23Z</time>
    <extensions>
     <gpxtpx:TrackPointExtension>
      <gpxtpx:hr>87</gpxtpx:hr>
      <gpxtpx:cad>83</gpxtpx:cad>
     </gpxtpx:TrackPointExtension>
    </extensions>
   </trkpt>
   <trkpt lat="51.8234550" lon="-1.5259600">
    <ele>135.6</ele>
    <time>2026-05-31T14:31:24Z</time>
    <extensions>
     <gpxtpx:TrackPointExtension>
      <gpxtpx:hr>87</gpxtpx:hr>
      <gpxtpx:cad>83</gpxtpx:cad>
     </gpxtpx:TrackPointExtension>
    </extensions>
   </trkpt>
   <trkpt lat="51.8234630" lon="-1.5259790">
    <ele>135.6</ele>
    <time>2026-05-31T14:31:25Z</time>
    <extensions>
     <gpxtpx:TrackPointExtension>
      <gpxtpx:hr>90</gpxtpx:hr>
      <gpxtpx:cad>83</gpxtpx:cad>
     </gpxtpx:TrackPointExtension>
    </extensions>
   </trkpt>
   <trkpt lat="51.8234720" lon="-1.5259920">
    <ele>135.6</ele>
    <time>2026-05-31T14:31:26Z</time>
    <extensions>
     <gpxtpx:TrackPointExtension>
      <gpxtpx:hr>94</gpxtpx:hr>
      <gpxtpx:cad>74</gpxtpx:cad>
     </gpxtpx:TrackPointExtension>
    </extensions>
   </trkpt>
   <trkpt lat="51.8234890" lon="-1.5260190">
    <ele>135.6</ele>
    <time>2026-05-31T14:31:28Z</time>
    <extensions>
     <gpxtpx:TrackPointExtension>
      <gpxtpx:hr>97</gpxtpx:hr>
      <gpxtpx:cad>64</gpxtpx:cad>
     </gpxtpx:TrackPointExtension>
    </extensions>
   </trkpt>
   <trkpt lat="51.8235030" lon="-1.5260520">
    <ele>135.8</ele>
    <time>2026-05-31T14:31:30Z</time>
    <extensions>
     <gpxtpx:TrackPointExtension>
      <gpxtpx:hr>101</gpxtpx:hr>
      <gpxtpx:cad>64</gpxtpx:cad>
     </gpxtpx:TrackPointExtension>
    </extensions>
   </trkpt>
   <trkpt lat="51.8235210" lon="-1.5261000">
    <ele>136.0</ele>
    <time>2026-05-31T14:31:33Z</time>
    <extensions>
     <gpxtpx:TrackPointExtension>
      <gpxtpx:hr>107</gpxtpx:hr>
      <gpxtpx:cad>52</gpxtpx:cad>
     </gpxtpx:TrackPointExtension>
    </extensions>
   </trkpt>
   <trkpt lat="51.8235250" lon="-1.5261220">
    <ele>136.0</ele>
    <time>2026-05-31T14:31:34Z</time>
    <extensions>
     <gpxtpx:TrackPointExtension>
      <gpxtpx:hr>110</gpxtpx:hr>
      <gpxtpx:cad>52</gpxtpx:cad>
     </gpxtpx:TrackPointExtension>
    </extensions>
   </trkpt>
   <trkpt lat="51.8235290" lon="-1.5261420">
    <ele>136.0</ele>
    <time>2026-05-31T14:31:35Z</time>
    <extensions>
     <gpxtpx:TrackPointExtension>
      <gpxtpx:hr>110</gpxtpx:hr>
      <gpxtpx:cad>53</gpxtpx:cad>
     </gpxtpx:TrackPointExtension>
    </extensions>
   </trkpt>
   <trkpt lat="51.8235380" lon="-1.5261800">
    <ele>136.0</ele>
    <time>2026-05-31T14:31:37Z</time>
    <extensions>
     <gpxtpx:TrackPointExtension>
      <gpxtpx:hr>109</gpxtpx:hr>
      <gpxtpx:cad>53</gpxtpx:cad>
     </gpxtpx:TrackPointExtension>
    </extensions>
   </trkpt>
   <trkpt lat="51.8235490" lon="-1.5262130">
    <ele>136.0</ele>
    <time>2026-05-31T14:31:38Z</time>
    <extensions>
     <gpxtpx:TrackPointExtension>
      <gpxtpx:hr>113</gpxtpx:hr>
      <gpxtpx:cad>53</gpxtpx:cad>
     </gpxtpx:TrackPointExtension>
    </extensions>
   </trkpt>
   <trkpt lat="51.8236120" lon="-1.5263530">
    <ele>136.2</ele>
    <time>2026-05-31T14:31:41Z</time>
    <extensions>
     <gpxtpx:TrackPointExtension>
      <gpxtpx:hr>115</gpxtpx:hr>
      <gpxtpx:cad>87</gpxtpx:cad>
     </gpxtpx:TrackPointExtension>
    </extensions>
   </trkpt>
   <trkpt lat="51.8236960" lon="-1.5265490">
    <ele>136.4</ele>
    <time>2026-05-31T14:31:46Z</time>
    <extensions>
     <gpxtpx:TrackPointExtension>
      <gpxtpx:hr>112</gpxtpx:hr>
      <gpxtpx:cad>85</gpxtpx:cad>
     </gpxtpx:TrackPointExtension>
    </extensions>
   </trkpt>
   <trkpt lat="51.8237140" lon="-1.5265590">
    <ele>136.4</ele>
    <time>2026-05-31T14:31:47Z</time>
    <extensions>
     <gpxtpx:TrackPointExtension>
      <gpxtpx:hr>111</gpxtpx:hr>
      <gpxtpx:cad>85</gpxtpx:cad>
     </gpxtpx:TrackPointExtension>
    </extensions>
   </trkpt>
   <trkpt lat="51.8237340" lon="-1.5265800">
    <ele>136.6</ele>
    <time>2026-05-31T14:31:49Z</time>
    <extensions>
     <gpxtpx:TrackPointExtension>
      <gpxtpx:hr>111</gpxtpx:hr>
      <gpxtpx:cad>83</gpxtpx:cad>
     </gpxtpx:TrackPointExtension>
    </extensions>
   </trkpt>
   <trkpt lat="51.8237690" lon="-1.5266230">
    <ele>136.8</ele>
    <time>2026-05-31T14:31:54Z</time>
    <extensions>
     <gpxtpx:TrackPointExtension>
      <gpxtpx:hr>114</gpxtpx:hr>
      <gpxtpx:cad>59</gpxtpx:cad>
     </gpxtpx:TrackPointExtension>
    </extensions>
   </trkpt>
   <trkpt lat="51.8238250" lon="-1.5267080">
    <ele>136.8</ele>
    <time>2026-05-31T14:32:03Z</time>
    <extensions>
     <gpxtpx:TrackPointExtension>
      <gpxtpx:hr>114</gpxtpx:hr>
      <gpxtpx:cad>43</gpxtpx:cad>
     </gpxtpx:TrackPointExtension>
    </extensions>
   </trkpt>
   <trkpt lat="51.8238410" lon="-1.5267170">
    <ele>136.8</ele>
    <time>2026-05-31T14:32:05Z</time>
    <extensions>
     <gpxtpx:TrackPointExtension>
      <gpxtpx:hr>117</gpxtpx:hr>
      <gpxtpx:cad>43</gpxtpx:cad>
     </gpxtpx:TrackPointExtension>
    </extensions>
   </trkpt>
   <trkpt lat="51.8238760" lon="-1.5267580">
    <ele>137.0</ele>
    <time>2026-05-31T14:32:09Z</time>
    <extensions>
     <gpxtpx:TrackPointExtension>
      <gpxtpx:hr>113</gpxtpx:hr>
      <gpxtpx:cad>48</gpxtpx:cad>
     </gpxtpx:TrackPointExtension>
    </extensions>
   </trkpt>
   <trkpt lat="51.8238840" lon="-1.5267690">
    <ele>137.0</ele>
    <time>2026-05-31T14:32:10Z</time>
    <extensions>
     <gpxtpx:TrackPointExtension>
      <gpxtpx:hr>114</gpxtpx:hr>
      <gpxtpx:cad>49</gpxtpx:cad>
     </gpxtpx:TrackPointExtension>
    </extensions>
   </trkpt>
   <trkpt lat="51.8239480" lon="-1.5268420">
    <ele>137.2</ele>
    <time>2026-05-31T14:32:18Z</time>
    <extensions>
     <gpxtpx:TrackPointExtension>
      <gpxtpx:hr>112</gpxtpx:hr>
      <gpxtpx:cad>51</gpxtpx:cad>
     </gpxtpx:TrackPointExtension>
    </extensions>
   </trkpt>
   <trkpt lat="51.8240190" lon="-1.5269070">
    <ele>137.4</ele>
    <time>2026-05-31T14:32:26Z</time>
    <extensions>
     <gpxtpx:TrackPointExtension>
      <gpxtpx:hr>110</gpxtpx:hr>
      <gpxtpx:cad>48</gpxtpx:cad>
     </gpxtpx:TrackPointExtension>
    </extensions>
   </trkpt>
   <trkpt lat="51.8241190" lon="-1.5269780">
    <ele>137.4</ele>
    <time>2026-05-31T14:32:34Z</time>
    <extensions>
     <gpxtpx:TrackPointExtension>
      <gpxtpx:hr>109</gpxtpx:hr>
      <gpxtpx:cad>51</gpxtpx:cad>
     </gpxtpx:TrackPointExtension>
    </extensions>
   </trkpt>
   <trkpt lat="51.8242070" lon="-1.5270640">
    <ele>137.6</ele>
    <time>2026-05-31T14:32:38Z</time>
    <extensions>
     <gpxtpx:TrackPointExtension>
      <gpxtpx:hr>108</gpxtpx:hr>
      <gpxtpx:cad>51</gpxtpx:cad>
     </gpxtpx:TrackPointExtension>
    </extensions>
   </trkpt>
   <trkpt lat="51.8242320" lon="-1.5270930">
    <ele>137.6</ele>
    <time>2026-05-31T14:32:39Z</time>
    <extensions>
     <gpxtpx:TrackPointExtension>
      <gpxtpx:hr>111</gpxtpx:hr>
      <gpxtpx:cad>82</gpxtpx:cad>
     </gpxtpx:TrackPointExtension>
    </extensions>
   </trkpt>
   <trkpt lat="51.8243150" lon="-1.5271860">
    <ele>137.8</ele>
    <time>2026-05-31T14:32:42Z</time>
    <extensions>
     <gpxtpx:TrackPointExtension>
      <gpxtpx:hr>115</gpxtpx:hr>
      <gpxtpx:cad>82</gpxtpx:cad>
     </gpxtpx:TrackPointExtension>
    </extensions>
   </trkpt>
   <trkpt lat="51.8243770" lon="-1.5272480">
    <ele>137.8</ele>
    <time>2026-05-31T14:32:44Z</time>
    <extensions>
     <gpxtpx:TrackPointExtension>
      <gpxtpx:hr>119</gpxtpx:hr>
      <gpxtpx:cad>83</gpxtpx:cad>
     </gpxtpx:TrackPointExtension>
    </extensions>
   </trkpt>
   <trkpt lat="51.8244040" lon="-1.5272760">
    <ele>138.0</ele>
    <time>2026-05-31T14:32:45Z</time>
    <extensions>
     <gpxtpx:TrackPointExtension>
      <gpxtpx:hr>116</gpxtpx:hr>
      <gpxtpx:cad>84</gpxtpx:cad>
     </gpxtpx:TrackPointExtension>
    </extensions>
   </trkpt>
   <trkpt lat="51.8244260" lon="-1.5272990">
    <ele>138.0</ele>
    <time>2026-05-31T14:32:46Z</time>
    <extensions>
     <gpxtpx:TrackPointExtension>
      <gpxtpx:hr>119</gpxtpx:hr>
      <gpxtpx:cad>85</gpxtpx:cad>
     </gpxtpx:TrackPointExtension>
    </extensions>
   </trkpt>
   <trkpt lat="51.8244500" lon="-1.5273320">
    <ele>138.4</ele>
    <time>2026-05-31T14:32:48Z</time>
    <extensions>
     <gpxtpx:TrackPointExtension>
      <gpxtpx:hr>123</gpxtpx:hr>
      <gpxtpx:cad>85</gpxtpx:cad>
     </gpxtpx:TrackPointExtension>
    </extensions>
   </trkpt>
   <trkpt lat="51.8244780" lon="-1.5273710">
    <ele>138.8</ele>
    <time>2026-05-31T14:32:51Z</time>
    <extensions>
     <gpxtpx:TrackPointExtension>
      <gpxtpx:hr>127</gpxtpx:hr>
      <gpxtpx:cad>85</gpxtpx:cad>
     </gpxtpx:TrackPointExtension>
    </extensions>
   </trkpt>
   <trkpt lat="51.8245590" lon="-1.5274620">
    <ele>139.2</ele>
    <time>2026-05-31T14:32:59Z</time>
    <extensions>
     <gpxtpx:TrackPointExtension>
      <gpxtpx:hr>130</gpxtpx:hr>
      <gpxtpx:cad>51</gpxtpx:cad>
     </gpxtpx:TrackPointExtension>
    </extensions>
   </trkpt>
   <trkpt lat="51.8246510" lon="-1.5275460">
    <ele>139.4</ele>
    <time>2026-05-31T14:33:07Z</time>
    <extensions>
     <gpxtpx:TrackPointExtension>
      <gpxtpx:hr>128</gpxtpx:hr>
      <gpxtpx:cad>51</gpxtpx:cad>
     </gpxtpx:TrackPointExtension>
    </extensions>
   </trkpt>
   <trkpt lat="51.8246870" lon="-1.5276010">
    <ele>139.6</ele>
    <time>2026-05-31T14:33:11Z</time>
    <extensions>
     <gpxtpx:TrackPointExtension>
      <gpxtpx:hr>124</gpxtpx:hr>
      <gpxtpx:cad>51</gpxtpx:cad>
     </gpxtpx:TrackPointExtension>
    </extensions>
   </trkpt>
   <trkpt lat="51.8247050" lon="-1.5276380">
    <ele>139.8</ele>
    <time>2026-05-31T14:33:14Z</time>
    <extensions>
     <gpxtpx:TrackPointExtension>
      <gpxtpx:hr>124</gpxtpx:hr>
      <gpxtpx:cad>51</gpxtpx:cad>
     </gpxtpx:TrackPointExtension>
    </extensions>
   </trkpt>
   <trkpt lat="51.8247110" lon="-1.5276470">
    <ele>139.8</ele>
    <time>2026-05-31T14:33:15Z</time>
    <extensions>
     <gpxtpx:TrackPointExtension>
      <gpxtpx:hr>125</gpxtpx:hr>
      <gpxtpx:cad>51</gpxtpx:cad>
     </gpxtpx:TrackPointExtension>
    </extensions>
   </trkpt>
   <trkpt lat="51.8247270" lon="-1.5276770">
    <ele>140.0</ele>
    <time>2026-05-31T14:33:18Z</time>
    <extensions>
     <gpxtpx:TrackPointExtension>
      <gpxtpx:hr>121</gpxtpx:hr>
      <gpxtpx:cad>0</gpxtpx:cad>
     </gpxtpx:TrackPointExtension>
    </extensions>
   </trkpt>
   <trkpt lat="51.8247370" lon="-1.5277030">
    <ele>140.2</ele>
    <time>2026-05-31T14:33:20Z</time>
    <extensions>
     <gpxtpx:TrackPointExtension>
      <gpxtpx:hr>118</gpxtpx:hr>
      <gpxtpx:cad>49</gpxtpx:cad>
     </gpxtpx:TrackPointExtension>
    </extensions>
   </trkpt>
   <trkpt lat="51.8247670" lon="-1.5277480">
    <ele>140.2</ele>
    <time>2026-05-31T14:33:23Z</time>
    <extensions>
     <gpxtpx:TrackPointExtension>
      <gpxtpx:hr>115</gpxtpx:hr>
      <gpxtpx:cad>50</gpxtpx:cad>
     </gpxtpx:TrackPointExtension>
    </extensions>
   </trkpt>
   <trkpt lat="51.8247980" lon="-1.5278320">
    <ele>140.4</ele>
    <time>2026-05-31T14:33:28Z</time>
    <extensions>
     <gpxtpx:TrackPointExtension>
      <gpxtpx:hr>110</gpxtpx:hr>
      <gpxtpx:cad>50</gpxtpx:cad>
     </gpxtpx:TrackPointExtension>
    </extensions>
   </trkpt>
   <trkpt lat="51.8248140" lon="-1.5278670">
    <ele>140.4</ele>
    <time>2026-05-31T14:33:30Z</time>
    <extensions>
     <gpxtpx:TrackPointExtension>
      <gpxtpx:hr>113</gpxtpx:hr>
      <gpxtpx:cad>51</gpxtpx:cad>
     </gpxtpx:TrackPointExtension>
    </extensions>
   </trkpt>
   <trkpt lat="51.8248210" lon="-1.5278860">
    <ele>140.6</ele>
    <time>2026-05-31T14:33:31Z</time>
    <extensions>
     <gpxtpx:TrackPointExtension>
      <gpxtpx:hr>114</gpxtpx:hr>
      <gpxtpx:cad>50</gpxtpx:cad>
     </gpxtpx:TrackPointExtension>
    </extensions>
   </trkpt>
   <trkpt lat="51.8248270" lon="-1.5279020">
    <ele>140.6</ele>
    <time>2026-05-31T14:33:32Z</time>
    <extensions>
     <gpxtpx:TrackPointExtension>
      <gpxtpx:hr>111</gpxtpx:hr>
      <gpxtpx:cad>50</gpxtpx:cad>
     </gpxtpx:TrackPointExtension>
    </extensions>
   </trkpt>
   <trkpt lat="51.8248560" lon="-1.5279820">
    <ele>140.8</ele>
    <time>2026-05-31T14:33:37Z</time>
    <extensions>
     <gpxtpx:TrackPointExtension>
      <gpxtpx:hr>112</gpxtpx:hr>
      <gpxtpx:cad>51</gpxtpx:cad>
     </gpxtpx:TrackPointExtension>
    </extensions>
   </trkpt>
   <trkpt lat="51.8248650" lon="-1.5280220">
    <ele>141.0</ele>
    <time>2026-05-31T14:33:40Z</time>
    <extensions>
     <gpxtpx:TrackPointExtension>
      <gpxtpx:hr>109</gpxtpx:hr>
      <gpxtpx:cad>51</gpxtpx:cad>
     </gpxtpx:TrackPointExtension>
    </extensions>
   </trkpt>
   <trkpt lat="51.8248970" lon="-1.5280920">
    <ele>141.0</ele>
    <time>2026-05-31T14:33:45Z</time>
    <extensions>
     <gpxtpx:TrackPointExtension>
      <gpxtpx:hr>105</gpxtpx:hr>
      <gpxtpx:cad>51</gpxtpx:cad>
     </gpxtpx:TrackPointExtension>
    </extensions>
   </trkpt>
   <trkpt lat="51.8249190" lon="-1.5281590">
    <ele>141.0</ele>
    <time>2026-05-31T14:33:49Z</time>
    <extensions>
     <gpxtpx:TrackPointExtension>
      <gpxtpx:hr>104</gpxtpx:hr>
      <gpxtpx:cad>0</gpxtpx:cad>
     </gpxtpx:TrackPointExtension>
    </extensions>
   </trkpt>
   <trkpt lat="51.8249510" lon="-1.5282360">
    <ele>141.2</ele>
    <time>2026-05-31T14:33:54Z</time>
    <extensions>
     <gpxtpx:TrackPointExtension>
      <gpxtpx:hr>101</gpxtpx:hr>
      <gpxtpx:cad>49</gpxtpx:cad>
     </gpxtpx:TrackPointExtension>
    </extensions>
   </trkpt>
   <trkpt lat="51.8249590" lon="-1.5282690">
    <ele>141.2</ele>
    <time>2026-05-31T14:33:56Z</time>
    <extensions>
     <gpxtpx:TrackPointExtension>
      <gpxtpx:hr>98</gpxtpx:hr>
      <gpxtpx:cad>0</gpxtpx:cad>
     </gpxtpx:TrackPointExtension>
    </extensions>
   </trkpt>
   <trkpt lat="51.8249630" lon="-1.5282840">
    <ele>141.2</ele>
    <time>2026-05-31T14:33:57Z</time>
    <extensions>
     <gpxtpx:TrackPointExtension>
      <gpxtpx:hr>98</gpxtpx:hr>
      <gpxtpx:cad>0</gpxtpx:cad>
     </gpxtpx:TrackPointExtension>
    </extensions>
   </trkpt>
   <trkpt lat="51.8249680" lon="-1.5283080">
    <ele>141.2</ele>
    <time>2026-05-31T14:33:59Z</time>
    <extensions>
     <gpxtpx:TrackPointExtension>
      <gpxtpx:hr>95</gpxtpx:hr>
      <gpxtpx:cad>48</gpxtpx:cad>
     </gpxtpx:TrackPointExtension>
    </extensions>
   </trkpt>
   <trkpt lat="51.8249890" lon="-1.5284060">
    <ele>141.4</ele>
    <time>2026-05-31T14:34:06Z</time>
    <extensions>
     <gpxtpx:TrackPointExtension>
      <gpxtpx:hr>90</gpxtpx:hr>
      <gpxtpx:cad>47</gpxtpx:cad>
     </gpxtpx:TrackPointExtension>
    </extensions>
   </trkpt>
   <trkpt lat="51.8250030" lon="-1.5284940">
    <ele>141.6</ele>
    <time>2026-05-31T14:34:12Z</time>
    <extensions>
     <gpxtpx:TrackPointExtension>
      <gpxtpx:hr>94</gpxtpx:hr>
      <gpxtpx:cad>0</gpxtpx:cad>
     </gpxtpx:TrackPointExtension>
    </extensions>
   </trkpt>
   <trkpt lat="51.8250080" lon="-1.5285070">
    <ele>141.6</ele>
    <time>2026-05-31T14:34:13Z</time>
    <extensions>
     <gpxtpx:TrackPointExtension>
      <gpxtpx:hr>89</gpxtpx:hr>
      <gpxtpx:cad>0</gpxtpx:cad>
     </gpxtpx:TrackPointExtension>
    </extensions>
   </trkpt>
   <trkpt lat="51.8250120" lon="-1.5285240">
    <ele>141.6</ele>
    <time>2026-05-31T14:34:14Z</time>
    <extensions>
     <gpxtpx:TrackPointExtension>
      <gpxtpx:hr>89</gpxtpx:hr>
      <gpxtpx:cad>0</gpxtpx:cad>
     </gpxtpx:TrackPointExtension>
    </extensions>
   </trkpt>
   <trkpt lat="51.8250370" lon="-1.5285980">
    <ele>142.0</ele>
    <time>2026-05-31T14:34:19Z</time>
    <extensions>
     <gpxtpx:TrackPointExtension>
      <gpxtpx:hr>87</gpxtpx:hr>
      <gpxtpx:cad>0</gpxtpx:cad>
     </gpxtpx:TrackPointExtension>
    </extensions>
   </trkpt>
   <trkpt lat="51.8250580" lon="-1.5286550">
    <ele>142.2</ele>
    <time>2026-05-31T14:34:23Z</time>
    <extensions>
     <gpxtpx:TrackPointExtension>
      <gpxtpx:hr>87</gpxtpx:hr>
      <gpxtpx:cad>0</gpxtpx:cad>
     </gpxtpx:TrackPointExtension>
    </extensions>
   </trkpt>
   <trkpt lat="51.8250830" lon="-1.5287630">
    <ele>142.8</ele>
    <time>2026-05-31T14:34:30Z</time>
    <extensions>
     <gpxtpx:TrackPointExtension>
      <gpxtpx:hr>90</gpxtpx:hr>
      <gpxtpx:cad>0</gpxtpx:cad>
     </gpxtpx:TrackPointExtension>
    </extensions>
   </trkpt>
   <trkpt lat="51.8250870" lon="-1.5287810">
    <ele>142.8</ele>
    <time>2026-05-31T14:34:31Z</time>
    <extensions>
     <gpxtpx:TrackPointExtension>
      <gpxtpx:hr>87</gpxtpx:hr>
      <gpxtpx:cad>0</gpxtpx:cad>
     </gpxtpx:TrackPointExtension>
    </extensions>
   </trkpt>
   <trkpt lat="51.8250970" lon="-1.5288080">
    <ele>142.8</ele>
    <time>2026-05-31T14:34:37Z</time>
    <extensions>
     <gpxtpx:TrackPointExtension>
      <gpxtpx:hr>89</gpxtpx:hr>
      <gpxtpx:cad>0</gpxtpx:cad>
     </gpxtpx:TrackPointExtension>
    </extensions>
   </trkpt>
   <trkpt lat="51.8250950" lon="-1.5288080">
    <ele>143.0</ele>
    <time>2026-05-31T14:34:38Z</time>
    <extensions>
     <gpxtpx:TrackPointExtension>
      <gpxtpx:hr>89</gpxtpx:hr>
      <gpxtpx:cad>0</gpxtpx:cad>
     </gpxtpx:TrackPointExtension>
    </extensions>
   </trkpt>
   <trkpt lat="51.8250970" lon="-1.5288230">
    <ele>143.0</ele>
    <time>2026-05-31T14:34:46Z</time>
    <extensions>
     <gpxtpx:TrackPointExtension>
      <gpxtpx:hr>86</gpxtpx:hr>
      <gpxtpx:cad>0</gpxtpx:cad>
     </gpxtpx:TrackPointExtension>
    </extensions>
   </trkpt>
   <trkpt lat="51.8251140" lon="-1.5288590">
    <ele>143.0</ele>
    <time>2026-05-31T14:34:49Z</time>
    <extensions>
     <gpxtpx:TrackPointExtension>
      <gpxtpx:hr>87</gpxtpx:hr>
      <gpxtpx:cad>45</gpxtpx:cad>
     </gpxtpx:TrackPointExtension>
    </extensions>
   </trkpt>
   <trkpt lat="51.8251320" lon="-1.5289000">
    <ele>142.8</ele>
    <time>2026-05-31T14:34:52Z</time>
    <extensions>
     <gpxtpx:TrackPointExtension>
      <gpxtpx:hr>83</gpxtpx:hr>
      <gpxtpx:cad>46</gpxtpx:cad>
     </gpxtpx:TrackPointExtension>
    </extensions>
   </trkpt>
   <trkpt lat="51.8251410" lon="-1.5289140">
    <ele>142.8</ele>
    <time>2026-05-31T14:34:53Z</time>
    <extensions>
     <gpxtpx:TrackPointExtension>
      <gpxtpx:hr>86</gpxtpx:hr>
      <gpxtpx:cad>47</gpxtpx:cad>
     </gpxtpx:TrackPointExtension>
    </extensions>
   </trkpt>
   <trkpt lat="51.8251460" lon="-1.5290240">
    <ele>142.8</ele>
    <time>2026-05-31T14:34:59Z</time>
    <extensions>
     <gpxtpx:TrackPointExtension>
      <gpxtpx:hr>86</gpxtpx:hr>
      <gpxtpx:cad>46</gpxtpx:cad>
     </gpxtpx:TrackPointExtension>
    </extensions>
   </trkpt>
   <trkpt lat="51.8251510" lon="-1.5290680">
    <ele>142.8</ele>
    <time>2026-05-31T14:35:01Z</time>
    <extensions>
     <gpxtpx:TrackPointExtension>
      <gpxtpx:hr>84</gpxtpx:hr>
      <gpxtpx:cad>46</gpxtpx:cad>
     </gpxtpx:TrackPointExtension>
    </extensions>
   </trkpt>
   <trkpt lat="51.8251560" lon="-1.5292740">
    <ele>144.0</ele>
    <time>2026-05-31T14:35:14Z</time>
    <extensions>
     <gpxtpx:TrackPointExtension>
      <gpxtpx:hr>83</gpxtpx:hr>
      <gpxtpx:cad>47</gpxtpx:cad>
     </gpxtpx:TrackPointExtension>
    </extensions>
   </trkpt>
   <trkpt lat="51.8251590" lon="-1.5293160">
    <ele>144.2</ele>
    <time>2026-05-31T14:35:17Z</time>
    <extensions>
     <gpxtpx:TrackPointExtension>
      <gpxtpx:hr>80</gpxtpx:hr>
      <gpxtpx:cad>47</gpxtpx:cad>
     </gpxtpx:TrackPointExtension>
    </extensions>
   </trkpt>
   <trkpt lat="51.8251600" lon="-1.5293750">
    <ele>144.2</ele>
    <time>2026-05-31T14:35:21Z</time>
    <extensions>
     <gpxtpx:TrackPointExtension>
      <gpxtpx:hr>77</gpxtpx:hr>
      <gpxtpx:cad>48</gpxtpx:cad>
     </gpxtpx:TrackPointExtension>
    </extensions>
   </trkpt>
   <trkpt lat="51.8251530" lon="-1.5294580">
    <ele>144.2</ele>
    <time>2026-05-31T14:35:26Z</time>
    <extensions>
     <gpxtpx:TrackPointExtension>
      <gpxtpx:hr>77</gpxtpx:hr>
      <gpxtpx:cad>48</gpxtpx:cad>
     </gpxtpx:TrackPointExtension>
    </extensions>
   </trkpt>
   <trkpt lat="51.8251520" lon="-1.5295220">
    <ele>144.4</ele>
    <time>2026-05-31T14:35:30Z</time>
    <extensions>
     <gpxtpx:TrackPointExtension>
      <gpxtpx:hr>81</gpxtpx:hr>
      <gpxtpx:cad>48</gpxtpx:cad>
     </gpxtpx:TrackPointExtension>
    </extensions>
   </trkpt>
   <trkpt lat="51.8251570" lon="-1.5295340">
    <ele>144.4</ele>
    <time>2026-05-31T14:35:31Z</time>
    <extensions>
     <gpxtpx:TrackPointExtension>
      <gpxtpx:hr>78</gpxtpx:hr>
      <gpxtpx:cad>47</gpxtpx:cad>
     </gpxtpx:TrackPointExtension>
    </extensions>
   </trkpt>
   <trkpt lat="51.8251550" lon="-1.5296300">
    <ele>144.6</ele>
    <time>2026-05-31T14:35:37Z</time>
    <extensions>
     <gpxtpx:TrackPointExtension>
      <gpxtpx:hr>79</gpxtpx:hr>
      <gpxtpx:cad>49</gpxtpx:cad>
     </gpxtpx:TrackPointExtension>
    </extensions>
   </trkpt>
   <trkpt lat="51.8251540" lon="-1.5297170">
    <ele>144.8</ele>
    <time>2026-05-31T14:35:42Z</time>
    <extensions>
     <gpxtpx:TrackPointExtension>
      <gpxtpx:hr>76</gpxtpx:hr>
      <gpxtpx:cad>48</gpxtpx:cad>
     </gpxtpx:TrackPointExtension>
    </extensions>
   </trkpt>
   <trkpt lat="51.8251500" lon="-1.5297710">
    <ele>144.8</ele>
    <time>2026-05-31T14:35:45Z</time>
    <extensions>
     <gpxtpx:TrackPointExtension>
      <gpxtpx:hr>79</gpxtpx:hr>
      <gpxtpx:cad>48</gpxtpx:cad>
     </gpxtpx:TrackPointExtension>
    </extensions>
   </trkpt>
   <trkpt lat="51.8251400" lon="-1.5298730">
    <ele>145.0</ele>
    <time>2026-05-31T14:35:51Z</time>
    <extensions>
     <gpxtpx:TrackPointExtension>
      <gpxtpx:hr>79</gpxtpx:hr>
      <gpxtpx:cad>48</gpxtpx:cad>
     </gpxtpx:TrackPointExtension>
    </extensions>
   </trkpt>
   <trkpt lat="51.8251400" lon="-1.5298890">
    <ele>145.0</ele>
    <time>2026-05-31T14:35:52Z</time>
    <extensions>
     <gpxtpx:TrackPointExtension>
      <gpxtpx:hr>79</gpxtpx:hr>
      <gpxtpx:cad>49</gpxtpx:cad>
     </gpxtpx:TrackPointExtension>
    </extensions>
   </trkpt>
   <trkpt lat="51.8251790" lon="-1.5301310">
    <ele>145.8</ele>
    <time>2026-05-31T14:36:05Z</time>
    <extensions>
     <gpxtpx:TrackPointExtension>
      <gpxtpx:hr>76</gpxtpx:hr>
      <gpxtpx:cad>49</gpxtpx:cad>
     </gpxtpx:TrackPointExtension>
    </extensions>
   </trkpt>
   <trkpt lat="51.8252160" lon="-1.5302630">
    <ele>146.0</ele>
    <time>2026-05-31T14:36:12Z</time>
    <extensions>
     <gpxtpx:TrackPointExtension>
      <gpxtpx:hr>76</gpxtpx:hr>
      <gpxtpx:cad>46</gpxtpx:cad>
     </gpxtpx:TrackPointExtension>
    </extensions>
   </trkpt>
   <trkpt lat="51.8252460" lon="-1.5303480">
    <ele>146.4</ele>
    <time>2026-05-31T14:36:18Z</time>
    <extensions>
     <gpxtpx:TrackPointExtension>
      <gpxtpx:hr>73</gpxtpx:hr>
      <gpxtpx:cad>0</gpxtpx:cad>
     </gpxtpx:TrackPointExtension>
    </extensions>
   </trkpt>
   <trkpt lat="51.8252510" lon="-1.5303640">
    <ele>146.4</ele>
    <time>2026-05-31T14:36:19Z</time>
    <extensions>
     <gpxtpx:TrackPointExtension>
      <gpxtpx:hr>74</gpxtpx:hr>
      <gpxtpx:cad>0</gpxtpx:cad>
     </gpxtpx:TrackPointExtension>
    </extensions>
   </trkpt>
   <trkpt lat="51.8252870" lon="-1.5304350">
    <ele>146.8</ele>
    <time>2026-05-31T14:36:24Z</time>
    <extensions>
     <gpxtpx:TrackPointExtension>
      <gpxtpx:hr>79</gpxtpx:hr>
      <gpxtpx:cad>48</gpxtpx:cad>
     </gpxtpx:TrackPointExtension>
    </extensions>
   </trkpt>
   <trkpt lat="51.8252990" lon="-1.5304600">
    <ele>147.2</ele>
    <time>2026-05-31T14:36:26Z</time>
    <extensions>
     <gpxtpx:TrackPointExtension>
      <gpxtpx:hr>77</gpxtpx:hr>
      <gpxtpx:cad>0</gpxtpx:cad>
     </gpxtpx:TrackPointExtension>
    </extensions>
   </trkpt>
   <trkpt lat="51.8253180" lon="-1.5305180">
    <ele>147.4</ele>
    <time>2026-05-31T14:36:30Z</time>
    <extensions>
     <gpxtpx:TrackPointExtension>
      <gpxtpx:hr>80</gpxtpx:hr>
      <gpxtpx:cad>45</gpxtpx:cad>
     </gpxtpx:TrackPointExtension>
    </extensions>
   </trkpt>
   <trkpt lat="51.8253280" lon="-1.5305480">
    <ele>147.4</ele>
    <time>2026-05-31T14:36:32Z</time>
    <extensions>
     <gpxtpx:TrackPointExtension>
      <gpxtpx:hr>77</gpxtpx:hr>
      <gpxtpx:cad>0</gpxtpx:cad>
     </gpxtpx:TrackPointExtension>
    </extensions>
   </trkpt>
   <trkpt lat="51.8253340" lon="-1.5305630">
    <ele>147.6</ele>
    <time>2026-05-31T14:36:33Z</time>
    <extensions>
     <gpxtpx:TrackPointExtension>
      <gpxtpx:hr>77</gpxtpx:hr>
      <gpxtpx:cad>0</gpxtpx:cad>
     </gpxtpx:TrackPointExtension>
    </extensions>
   </trkpt>
   <trkpt lat="51.8253780" lon="-1.5306830">
    <ele>147.8</ele>
    <time>2026-05-31T14:36:41Z</time>
    <extensions>
     <gpxtpx:TrackPointExtension>
      <gpxtpx:hr>81</gpxtpx:hr>
      <gpxtpx:cad>45</gpxtpx:cad>
     </gpxtpx:TrackPointExtension>
    </extensions>
   </trkpt>
   <trkpt lat="51.8253960" lon="-1.5307380">
    <ele>148.0</ele>
    <time>2026-05-31T14:36:44Z</time>
    <extensions>
     <gpxtpx:TrackPointExtension>
      <gpxtpx:hr>78</gpxtpx:hr>
      <gpxtpx:cad>45</gpxtpx:cad>
     </gpxtpx:TrackPointExtension>
    </extensions>
   </trkpt>
   <trkpt lat="51.8254260" lon="-1.5307880">
    <ele>148.2</ele>
    <time>2026-05-31T14:36:47Z</time>
    <extensions>
     <gpxtpx:TrackPointExtension>
      <gpxtpx:hr>78</gpxtpx:hr>
      <gpxtpx:cad>0</gpxtpx:cad>
     </gpxtpx:TrackPointExtension>
    </extensions>
   </trkpt>
   <trkpt lat="51.8254380" lon="-1.5308010">
    <ele>148.2</ele>
    <time>2026-05-31T14:36:48Z</time>
    <extensions>
     <gpxtpx:TrackPointExtension>
      <gpxtpx:hr>75</gpxtpx:hr>
      <gpxtpx:cad>53</gpxtpx:cad>
     </gpxtpx:TrackPointExtension>
    </extensions>
   </trkpt>
   <trkpt lat="51.8254620" lon="-1.5308490">
    <ele>148.4</ele>
    <time>2026-05-31T14:36:51Z</time>
    <extensions>
     <gpxtpx:TrackPointExtension>
      <gpxtpx:hr>73</gpxtpx:hr>
      <gpxtpx:cad>55</gpxtpx:cad>
     </gpxtpx:TrackPointExtension>
    </extensions>
   </trkpt>
   <trkpt lat="51.8254710" lon="-1.5308600">
    <ele>148.4</ele>
    <time>2026-05-31T14:36:52Z</time>
    <extensions>
     <gpxtpx:TrackPointExtension>
      <gpxtpx:hr>74</gpxtpx:hr>
      <gpxtpx:cad>55</gpxtpx:cad>
     </gpxtpx:TrackPointExtension>
    </extensions>
   </trkpt>
   <trkpt lat="51.8255360" lon="-1.5309090">
    <ele>149.0</ele>
    <time>2026-05-31T14:36:58Z</time>
    <extensions>
     <gpxtpx:TrackPointExtension>
      <gpxtpx:hr>77</gpxtpx:hr>
      <gpxtpx:cad>0</gpxtpx:cad>
     </gpxtpx:TrackPointExtension>
    </extensions>
   </trkpt>
   <trkpt lat="51.8255520" lon="-1.5309240">
    <ele>149.0</ele>
    <time>2026-05-31T14:37:00Z</time>
    <extensions>
     <gpxtpx:TrackPointExtension>
      <gpxtpx:hr>79</gpxtpx:hr>
      <gpxtpx:cad>0</gpxtpx:cad>
     </gpxtpx:TrackPointExtension>
    </extensions>
   </trkpt>
   <trkpt lat="51.8255620" lon="-1.5309340">
    <ele>149.2</ele>
    <time>2026-05-31T14:37:01Z</time>
    <extensions>
     <gpxtpx:TrackPointExtension>
      <gpxtpx:hr>80</gpxtpx:hr>
      <gpxtpx:cad>0</gpxtpx:cad>
     </gpxtpx:TrackPointExtension>
    </extensions>
   </trkpt>
   <trkpt lat="51.8255800" lon="-1.5309520">
    <ele>149.2</ele>
    <time>2026-05-31T14:37:03Z</time>
    <extensions>
     <gpxtpx:TrackPointExtension>
      <gpxtpx:hr>83</gpxtpx:hr>
      <gpxtpx:cad>0</gpxtpx:cad>
     </gpxtpx:TrackPointExtension>
    </extensions>
   </trkpt>
   <trkpt lat="51.8255870" lon="-1.5309600">
    <ele>149.4</ele>
    <time>2026-05-31T14:37:04Z</time>
    <extensions>
     <gpxtpx:TrackPointExtension>
      <gpxtpx:hr>86</gpxtpx:hr>
      <gpxtpx:cad>0</gpxtpx:cad>
     </gpxtpx:TrackPointExtension>
    </extensions>
   </trkpt>
   <trkpt lat="51.8256270" lon="-1.5310080">
    <ele>149.6</ele>
    <time>2026-05-31T14:37:09Z</time>
    <extensions>
     <gpxtpx:TrackPointExtension>
      <gpxtpx:hr>86</gpxtpx:hr>
      <gpxtpx:cad>46</gpxtpx:cad>
     </gpxtpx:TrackPointExtension>
    </extensions>
   </trkpt>
   <trkpt lat="51.8256530" lon="-1.5310470">
    <ele>149.8</ele>
    <time>2026-05-31T14:37:13Z</time>
    <extensions>
     <gpxtpx:TrackPointExtension>
      <gpxtpx:hr>89</gpxtpx:hr>
      <gpxtpx:cad>44</gpxtpx:cad>
     </gpxtpx:TrackPointExtension>
    </extensions>
   </trkpt>
   <trkpt lat="51.8256800" lon="-1.5310680">
    <ele>149.8</ele>
    <time>2026-05-31T14:37:17Z</time>
    <extensions>
     <gpxtpx:TrackPointExtension>
      <gpxtpx:hr>91</gpxtpx:hr>
      <gpxtpx:cad>0</gpxtpx:cad>
     </gpxtpx:TrackPointExtension>
    </extensions>
   </trkpt>
   <trkpt lat="51.8257240" lon="-1.5310980">
    <ele>150.0</ele>
    <time>2026-05-31T14:37:23Z</time>
    <extensions>
     <gpxtpx:TrackPointExtension>
      <gpxtpx:hr>88</gpxtpx:hr>
      <gpxtpx:cad>0</gpxtpx:cad>
     </gpxtpx:TrackPointExtension>
    </extensions>
   </trkpt>
   <trkpt lat="51.8257340" lon="-1.5310880">
    <ele>150.0</ele>
    <time>2026-05-31T14:37:26Z</time>
    <extensions>
     <gpxtpx:TrackPointExtension>
      <gpxtpx:hr>87</gpxtpx:hr>
      <gpxtpx:cad>0</gpxtpx:cad>
     </gpxtpx:TrackPointExtension>
    </extensions>
   </trkpt>
   <trkpt lat="51.8257420" lon="-1.5310960">
    <ele>150.2</ele>
    <time>2026-05-31T14:37:32Z</time>
    <extensions>
     <gpxtpx:TrackPointExtension>
      <gpxtpx:hr>89</gpxtpx:hr>
      <gpxtpx:cad>0</gpxtpx:cad>
     </gpxtpx:TrackPointExtension>
    </extensions>
   </trkpt>
   <trkpt lat="51.8257710" lon="-1.5311230">
    <ele>150.4</ele>
    <time>2026-05-31T14:37:37Z</time>
    <extensions>
     <gpxtpx:TrackPointExtension>
      <gpxtpx:hr>92</gpxtpx:hr>
      <gpxtpx:cad>0</gpxtpx:cad>
     </gpxtpx:TrackPointExtension>
    </extensions>
   </trkpt>
   <trkpt lat="51.8257780" lon="-1.5311280">
    <ele>150.4</ele>
    <time>2026-05-31T14:37:38Z</time>
    <extensions>
     <gpxtpx:TrackPointExtension>
      <gpxtpx:hr>92</gpxtpx:hr>
      <gpxtpx:cad>0</gpxtpx:cad>
     </gpxtpx:TrackPointExtension>
    </extensions>
   </trkpt>
   <trkpt lat="51.8259030" lon="-1.5311890">
    <ele>150.6</ele>
    <time>2026-05-31T14:37:52Z</time>
    <extensions>
     <gpxtpx:TrackPointExtension>
      <gpxtpx:hr>93</gpxtpx:hr>
      <gpxtpx:cad>48</gpxtpx:cad>
     </gpxtpx:TrackPointExtension>
    </extensions>
   </trkpt>
   <trkpt lat="51.8259310" lon="-1.5312040">
    <ele>150.6</ele>
    <time>2026-05-31T14:37:56Z</time>
    <extensions>
     <gpxtpx:TrackPointExtension>
      <gpxtpx:hr>90</gpxtpx:hr>
      <gpxtpx:cad>0</gpxtpx:cad>
     </gpxtpx:TrackPointExtension>
    </extensions>
   </trkpt>
   <trkpt lat="51.8259730" lon="-1.5312190">
    <ele>150.8</ele>
    <time>2026-05-31T14:38:04Z</time>
    <extensions>
     <gpxtpx:TrackPointExtension>
      <gpxtpx:hr>90</gpxtpx:hr>
      <gpxtpx:cad>0</gpxtpx:cad>
     </gpxtpx:TrackPointExtension>
    </extensions>
   </trkpt>
   <trkpt lat="51.8259770" lon="-1.5312300">
    <ele>150.8</ele>
    <time>2026-05-31T14:38:05Z</time>
    <extensions>
     <gpxtpx:TrackPointExtension>
      <gpxtpx:hr>87</gpxtpx:hr>
      <gpxtpx:cad>0</gpxtpx:cad>
     </gpxtpx:TrackPointExtension>
    </extensions>
   </trkpt>
   <trkpt lat="51.8259910" lon="-1.5312450">
    <ele>150.8</ele>
    <time>2026-05-31T14:38:08Z</time>
    <extensions>
     <gpxtpx:TrackPointExtension>
      <gpxtpx:hr>92</gpxtpx:hr>
      <gpxtpx:cad>0</gpxtpx:cad>
     </gpxtpx:TrackPointExtension>
    </extensions>
   </trkpt>
   <trkpt lat="51.8260130" lon="-1.5312610">
    <ele>150.8</ele>
    <time>2026-05-31T14:38:14Z</time>
    <extensions>
     <gpxtpx:TrackPointExtension>
      <gpxtpx:hr>88</gpxtpx:hr>
      <gpxtpx:cad>0</gpxtpx:cad>
     </gpxtpx:TrackPointExtension>
    </extensions>
   </trkpt>
   <trkpt lat="51.8260190" lon="-1.5312610">
    <ele>150.8</ele>
    <time>2026-05-31T14:38:15Z</time>
    <extensions>
     <gpxtpx:TrackPointExtension>
      <gpxtpx:hr>85</gpxtpx:hr>
      <gpxtpx:cad>0</gpxtpx:cad>
     </gpxtpx:TrackPointExtension>
    </extensions>
   </trkpt>
   <trkpt lat="51.8260290" lon="-1.5312590">
    <ele>150.8</ele>
    <time>2026-05-31T14:38:17Z</time>
    <extensions>
     <gpxtpx:TrackPointExtension>
      <gpxtpx:hr>81</gpxtpx:hr>
      <gpxtpx:cad>0</gpxtpx:cad>
     </gpxtpx:TrackPointExtension>
    </extensions>
   </trkpt>
   <trkpt lat="51.8260410" lon="-1.5312660">
    <ele>150.8</ele>
    <time>2026-05-31T14:38:19Z</time>
    <extensions>
     <gpxtpx:TrackPointExtension>
      <gpxtpx:hr>78</gpxtpx:hr>
      <gpxtpx:cad>78</gpxtpx:cad>
     </gpxtpx:TrackPointExtension>
    </extensions>
   </trkpt>
   <trkpt lat="51.8260870" lon="-1.5312870">
    <ele>151.0</ele>
    <time>2026-05-31T14:38:25Z</time>
    <extensions>
     <gpxtpx:TrackPointExtension>
      <gpxtpx:hr>75</gpxtpx:hr>
      <gpxtpx:cad>41</gpxtpx:cad>
     </gpxtpx:TrackPointExtension>
    </extensions>
   </trkpt>
   <trkpt lat="51.8261260" lon="-1.5313120">
    <ele>151.0</ele>
    <time>2026-05-31T14:38:30Z</time>
    <extensions>
     <gpxtpx:TrackPointExtension>
      <gpxtpx:hr>77</gpxtpx:hr>
      <gpxtpx:cad>45</gpxtpx:cad>
     </gpxtpx:TrackPointExtension>
    </extensions>
   </trkpt>
   <trkpt lat="51.8261550" lon="-1.5313580">
    <ele>151.2</ele>
    <time>2026-05-31T14:38:35Z</time>
    <extensions>
     <gpxtpx:TrackPointExtension>
      <gpxtpx:hr>79</gpxtpx:hr>
      <gpxtpx:cad>45</gpxtpx:cad>
     </gpxtpx:TrackPointExtension>
    </extensions>
   </trkpt>
   <trkpt lat="51.8261920" lon="-1.5313830">
    <ele>151.2</ele>
    <time>2026-05-31T14:38:39Z</time>
    <extensions>
     <gpxtpx:TrackPointExtension>
      <gpxtpx:hr>83</gpxtpx:hr>
      <gpxtpx:cad>40</gpxtpx:cad>
     </gpxtpx:TrackPointExtension>
    </extensions>
   </trkpt>
   <trkpt lat="51.8262130" lon="-1.5313930">
    <ele>151.4</ele>
    <time>2026-05-31T14:38:41Z</time>
    <extensions>
     <gpxtpx:TrackPointExtension>
      <gpxtpx:hr>82</gpxtpx:hr>
      <gpxtpx:cad>45</gpxtpx:cad>
     </gpxtpx:TrackPointExtension>
    </extensions>
   </trkpt>
   <trkpt lat="51.8262920" lon="-1.5314300">
    <ele>151.6</ele>
    <time>2026-05-31T14:38:49Z</time>
    <extensions>
     <gpxtpx:TrackPointExtension>
      <gpxtpx:hr>85</gpxtpx:hr>
      <gpxtpx:cad>43</gpxtpx:cad>
     </gpxtpx:TrackPointExtension>
    </extensions>
   </trkpt>
   <trkpt lat="51.8263970" lon="-1.5314530">
    <ele>152.0</ele>
    <time>2026-05-31T14:38:56Z</time>
    <extensions>
     <gpxtpx:TrackPointExtension>
      <gpxtpx:hr>85</gpxtpx:hr>
      <gpxtpx:cad>43</gpxtpx:cad>
     </gpxtpx:TrackPointExtension>
    </extensions>
   </trkpt>
   <trkpt lat="51.8264250" lon="-1.5314510">
    <ele>152.0</ele>
    <time>2026-05-31T14:38:58Z</time>
    <extensions>
     <gpxtpx:TrackPointExtension>
      <gpxtpx:hr>81</gpxtpx:hr>
      <gpxtpx:cad>56</gpxtpx:cad>
     </gpxtpx:TrackPointExtension>
    </extensions>
   </trkpt>
   <trkpt lat="51.8264510" lon="-1.5314570">
    <ele>152.2</ele>
    <time>2026-05-31T14:39:00Z</time>
    <extensions>
     <gpxtpx:TrackPointExtension>
      <gpxtpx:hr>78</gpxtpx:hr>
      <gpxtpx:cad>56</gpxtpx:cad>
     </gpxtpx:TrackPointExtension>
    </extensions>
   </trkpt>
   <trkpt lat="51.8264660" lon="-1.5314580">
    <ele>152.2</ele>
    <time>2026-05-31T14:39:01Z</time>
    <extensions>
     <gpxtpx:TrackPointExtension>
      <gpxtpx:hr>80</gpxtpx:hr>
      <gpxtpx:cad>56</gpxtpx:cad>
     </gpxtpx:TrackPointExtension>
    </extensions>
   </trkpt>
   <trkpt lat="51.8264920" lon="-1.5314610">
    <ele>152.4</ele>
    <time>2026-05-31T14:39:03Z</time>
    <extensions>
     <gpxtpx:TrackPointExtension>
      <gpxtpx:hr>80</gpxtpx:hr>
      <gpxtpx:cad>57</gpxtpx:cad>
     </gpxtpx:TrackPointExtension>
    </extensions>
   </trkpt>
   <trkpt lat="51.8265600" lon="-1.5314810">
    <ele>152.8</ele>
    <time>2026-05-31T14:39:08Z</time>
    <extensions>
     <gpxtpx:TrackPointExtension>
      <gpxtpx:hr>77</gpxtpx:hr>
      <gpxtpx:cad>58</gpxtpx:cad>
     </gpxtpx:TrackPointExtension>
    </extensions>
   </trkpt>
   <trkpt lat="51.8266200" lon="-1.5314920">
    <ele>153.0</ele>
    <time>2026-05-31T14:39:12Z</time>
    <extensions>
     <gpxtpx:TrackPointExtension>
      <gpxtpx:hr>77</gpxtpx:hr>
      <gpxtpx:cad>58</gpxtpx:cad>
     </gpxtpx:TrackPointExtension>
    </extensions>
   </trkpt>
   <trkpt lat="51.8266340" lon="-1.5314950">
    <ele>153.0</ele>
    <time>2026-05-31T14:39:13Z</time>
    <extensions>
     <gpxtpx:TrackPointExtension>
      <gpxtpx:hr>79</gpxtpx:hr>
      <gpxtpx:cad>58</gpxtpx:cad>
     </gpxtpx:TrackPointExtension>
    </extensions>
   </trkpt>
   <trkpt lat="51.8266600" lon="-1.5315070">
    <ele>153.4</ele>
    <time>2026-05-31T14:39:15Z</time>
    <extensions>
     <gpxtpx:TrackPointExtension>
      <gpxtpx:hr>78</gpxtpx:hr>
      <gpxtpx:cad>0</gpxtpx:cad>
     </gpxtpx:TrackPointExtension>
    </extensions>
   </trkpt>
   <trkpt lat="51.8267010" lon="-1.5315180">
    <ele>153.6</ele>
    <time>2026-05-31T14:39:18Z</time>
    <extensions>
     <gpxtpx:TrackPointExtension>
      <gpxtpx:hr>80</gpxtpx:hr>
      <gpxtpx:cad>0</gpxtpx:cad>
     </gpxtpx:TrackPointExtension>
    </extensions>
   </trkpt>
   <trkpt lat="51.8267650" lon="-1.5315330">
    <ele>154.2</ele>
    <time>2026-05-31T14:39:22Z</time>
    <extensions>
     <gpxtpx:TrackPointExtension>
      <gpxtpx:hr>77</gpxtpx:hr>
      <gpxtpx:cad>0</gpxtpx:cad>
     </gpxtpx:TrackPointExtension>
    </extensions>
   </trkpt>
   <trkpt lat="51.8268030" lon="-1.5315510">
    <ele>154.2</ele>
    <time>2026-05-31T14:39:25Z</time>
    <extensions>
     <gpxtpx:TrackPointExtension>
      <gpxtpx:hr>78</gpxtpx:hr>
      <gpxtpx:cad>58</gpxtpx:cad>
     </gpxtpx:TrackPointExtension>
    </extensions>
   </trkpt>
   <trkpt lat="51.8268570" lon="-1.5315860">
    <ele>154.0</ele>
    <time>2026-05-31T14:39:29Z</time>
    <extensions>
     <gpxtpx:TrackPointExtension>
      <gpxtpx:hr>81</gpxtpx:hr>
      <gpxtpx:cad>56</gpxtpx:cad>
     </gpxtpx:TrackPointExtension>
    </extensions>
   </trkpt>
   <trkpt lat="51.8268680" lon="-1.5315970">
    <ele>154.0</ele>
    <time>2026-05-31T14:39:30Z</time>
    <extensions>
     <gpxtpx:TrackPointExtension>
      <gpxtpx:hr>78</gpxtpx:hr>
      <gpxtpx:cad>0</gpxtpx:cad>
     </gpxtpx:TrackPointExtension>
    </extensions>
   </trkpt>
   <trkpt lat="51.8269180" lon="-1.5316260">
    <ele>154.0</ele>
    <time>2026-05-31T14:39:34Z</time>
    <extensions>
     <gpxtpx:TrackPointExtension>
      <gpxtpx:hr>78</gpxtpx:hr>
      <gpxtpx:cad>0</gpxtpx:cad>
     </gpxtpx:TrackPointExtension>
    </extensions>
   </trkpt>
   <trkpt lat="51.8269350" lon="-1.5316300">
    <ele>154.0</ele>
    <time>2026-05-31T14:39:36Z</time>
    <extensions>
     <gpxtpx:TrackPointExtension>
      <gpxtpx:hr>75</gpxtpx:hr>
      <gpxtpx:cad>0</gpxtpx:cad>
     </gpxtpx:TrackPointExtension>
    </extensions>
   </trkpt>
   <trkpt lat="51.8269840" lon="-1.5316580">
    <ele>154.0</ele>
    <time>2026-05-31T14:39:41Z</time>
    <extensions>
     <gpxtpx:TrackPointExtension>
      <gpxtpx:hr>78</gpxtpx:hr>
      <gpxtpx:cad>45</gpxtpx:cad>
     </gpxtpx:TrackPointExtension>
    </extensions>
   </trkpt>
   <trkpt lat="51.8269890" lon="-1.5316630">
    <ele>154.2</ele>
    <time>2026-05-31T14:39:42Z</time>
    <extensions>
     <gpxtpx:TrackPointExtension>
      <gpxtpx:hr>79</gpxtpx:hr>
      <gpxtpx:cad>46</gpxtpx:cad>
     </gpxtpx:TrackPointExtension>
    </extensions>
   </trkpt>
   <trkpt lat="51.8270600" lon="-1.5317080">
    <ele>154.2</ele>
    <time>2026-05-31T14:39:51Z</time>
    <extensions>
     <gpxtpx:TrackPointExtension>
      <gpxtpx:hr>78</gpxtpx:hr>
      <gpxtpx:cad>47</gpxtpx:cad>
     </gpxtpx:TrackPointExtension>
    </extensions>
   </trkpt>
   <trkpt lat="51.8270920" lon="-1.5317730">
    <ele>154.2</ele>
    <time>2026-05-31T14:39:57Z</time>
    <extensions>
     <gpxtpx:TrackPointExtension>
      <gpxtpx:hr>81</gpxtpx:hr>
      <gpxtpx:cad>0</gpxtpx:cad>
     </gpxtpx:TrackPointExtension>
    </extensions>
   </trkpt>
   <trkpt lat="51.8270940" lon="-1.5317790">
    <ele>154.2</ele>
    <time>2026-05-31T14:39:58Z</time>
    <extensions>
     <gpxtpx:TrackPointExtension>
      <gpxtpx:hr>81</gpxtpx:hr>
      <gpxtpx:cad>0</gpxtpx:cad>
     </gpxtpx:TrackPointExtension>
    </extensions>
   </trkpt>
   <trkpt lat="51.8271080" lon="-1.5318050">
    <ele>154.2</ele>
    <time>2026-05-31T14:40:01Z</time>
    <extensions>
     <gpxtpx:TrackPointExtension>
      <gpxtpx:hr>87</gpxtpx:hr>
      <gpxtpx:cad>45</gpxtpx:cad>
     </gpxtpx:TrackPointExtension>
    </extensions>
   </trkpt>
   <trkpt lat="51.8271150" lon="-1.5318120">
    <ele>154.2</ele>
    <time>2026-05-31T14:40:02Z</time>
    <extensions>
     <gpxtpx:TrackPointExtension>
      <gpxtpx:hr>90</gpxtpx:hr>
      <gpxtpx:cad>45</gpxtpx:cad>
     </gpxtpx:TrackPointExtension>
    </extensions>
   </trkpt>
   <trkpt lat="51.8271240" lon="-1.5318220">
    <ele>154.2</ele>
    <time>2026-05-31T14:40:03Z</time>
    <extensions>
     <gpxtpx:TrackPointExtension>
      <gpxtpx:hr>95</gpxtpx:hr>
      <gpxtpx:cad>0</gpxtpx:cad>
     </gpxtpx:TrackPointExtension>
    </extensions>
   </trkpt>
   <trkpt lat="51.8271450" lon="-1.5318520">
    <ele>154.2</ele>
    <time>2026-05-31T14:40:05Z</time>
    <extensions>
     <gpxtpx:TrackPointExtension>
      <gpxtpx:hr>101</gpxtpx:hr>
      <gpxtpx:cad>45</gpxtpx:cad>
     </gpxtpx:TrackPointExtension>
    </extensions>
   </trkpt>
   <trkpt lat="51.8271600" lon="-1.5318790">
    <ele>154.2</ele>
    <time>2026-05-31T14:40:07Z</time>
    <extensions>
     <gpxtpx:TrackPointExtension>
      <gpxtpx:hr>106</gpxtpx:hr>
      <gpxtpx:cad>46</gpxtpx:cad>
     </gpxtpx:TrackPointExtension>
    </extensions>
   </trkpt>
   <trkpt lat="51.8271660" lon="-1.5318930">
    <ele>154.4</ele>
    <time>2026-05-31T14:40:08Z</time>
    <extensions>
     <gpxtpx:TrackPointExtension>
      <gpxtpx:hr>109</gpxtpx:hr>
      <gpxtpx:cad>46</gpxtpx:cad>
     </gpxtpx:TrackPointExtension>
    </extensions>
   </trkpt>
   <trkpt lat="51.8271730" lon="-1.5319120">
    <ele>154.4</ele>
    <time>2026-05-31T14:40:09Z</time>
    <extensions>
     <gpxtpx:TrackPointExtension>
      <gpxtpx:hr>113</gpxtpx:hr>
      <gpxtpx:cad>46</gpxtpx:cad>
     </gpxtpx:TrackPointExtension>
    </extensions>
   </trkpt>
   <trkpt lat="51.8271820" lon="-1.5319310">
    <ele>154.4</ele>
    <time>2026-05-31T14:40:10Z</time>
    <extensions>
     <gpxtpx:TrackPointExtension>
      <gpxtpx:hr>113</gpxtpx:hr>
      <gpxtpx:cad>46</gpxtpx:cad>
     </gpxtpx:TrackPointExtension>
    </extensions>
   </trkpt>
   <trkpt lat="51.8271930" lon="-1.5319480">
    <ele>154.4</ele>
    <time>2026-05-31T14:40:11Z</time>
    <extensions>
     <gpxtpx:TrackPointExtension>
      <gpxtpx:hr>117</gpxtpx:hr>
      <gpxtpx:cad>46</gpxtpx:cad>
     </gpxtpx:TrackPointExtension>
    </extensions>
   </trkpt>
   <trkpt lat="51.8272030" lon="-1.5319650">
    <ele>154.4</ele>
    <time>2026-05-31T14:40:12Z</time>
    <extensions>
     <gpxtpx:TrackPointExtension>
      <gpxtpx:hr>120</gpxtpx:hr>
      <gpxtpx:cad>0</gpxtpx:cad>
     </gpxtpx:TrackPointExtension>
    </extensions>
   </trkpt>
   <trkpt lat="51.8272160" lon="-1.5319770">
    <ele>154.4</ele>
    <time>2026-05-31T14:40:13Z</time>
    <extensions>
     <gpxtpx:TrackPointExtension>
      <gpxtpx:hr>123</gpxtpx:hr>
      <gpxtpx:cad>0</gpxtpx:cad>
     </gpxtpx:TrackPointExtension>
    </extensions>
   </trkpt>
   <trkpt lat="51.8272250" lon="-1.5319910">
    <ele>154.4</ele>
    <time>2026-05-31T14:40:14Z</time>
    <extensions>
     <gpxtpx:TrackPointExtension>
      <gpxtpx:hr>123</gpxtpx:hr>
      <gpxtpx:cad>0</gpxtpx:cad>
     </gpxtpx:TrackPointExtension>
    </extensions>
   </trkpt>
   <trkpt lat="51.8272590" lon="-1.5320430">
    <ele>154.6</ele>
    <time>2026-05-31T14:40:18Z</time>
    <extensions>
     <gpxtpx:TrackPointExtension>
      <gpxtpx:hr>126</gpxtpx:hr>
      <gpxtpx:cad>0</gpxtpx:cad>
     </gpxtpx:TrackPointExtension>
    </extensions>
   </trkpt>
   <trkpt lat="51.8272760" lon="-1.5320650">
    <ele>154.6</ele>
    <time>2026-05-31T14:40:20Z</time>
    <extensions>
     <gpxtpx:TrackPointExtension>
      <gpxtpx:hr>124</gpxtpx:hr>
      <gpxtpx:cad>51</gpxtpx:cad>
     </gpxtpx:TrackPointExtension>
    </extensions>
   </trkpt>
   <trkpt lat="51.8272950" lon="-1.5320870">
    <ele>154.6</ele>
    <time>2026-05-31T14:40:22Z</time>
    <extensions>
     <gpxtpx:TrackPointExtension>
      <gpxtpx:hr>127</gpxtpx:hr>
      <gpxtpx:cad>53</gpxtpx:cad>
     </gpxtpx:TrackPointExtension>
    </extensions>
   </trkpt>
   <trkpt lat="51.8273290" lon="-1.5321180">
    <ele>154.6</ele>
    <time>2026-05-31T14:40:26Z</time>
    <extensions>
     <gpxtpx:TrackPointExtension>
      <gpxtpx:hr>124</gpxtpx:hr>
      <gpxtpx:cad>52</gpxtpx:cad>
     </gpxtpx:TrackPointExtension>
    </extensions>
   </trkpt>
   <trkpt lat="51.8273550" lon="-1.5321510">
    <ele>154.6</ele>
    <time>2026-05-31T14:40:29Z</time>
    <extensions>
     <gpxtpx:TrackPointExtension>
      <gpxtpx:hr>121</gpxtpx:hr>
      <gpxtpx:cad>52</gpxtpx:cad>
     </gpxtpx:TrackPointExtension>
    </extensions>
   </trkpt>
   <trkpt lat="51.8273840" lon="-1.5321910">
    <ele>154.6</ele>
    <time>2026-05-31T14:40:33Z</time>
    <extensions>
     <gpxtpx:TrackPointExtension>
      <gpxtpx:hr>118</gpxtpx:hr>
      <gpxtpx:cad>52</gpxtpx:cad>
     </gpxtpx:TrackPointExtension>
    </extensions>
   </trkpt>
   <trkpt lat="51.8273910" lon="-1.5322000">
    <ele>154.6</ele>
    <time>2026-05-31T14:40:34Z</time>
    <extensions>
     <gpxtpx:TrackPointExtension>
      <gpxtpx:hr>115</gpxtpx:hr>
      <gpxtpx:cad>52</gpxtpx:cad>
     </gpxtpx:TrackPointExtension>
    </extensions>
   </trkpt>
   <trkpt lat="51.8274420" lon="-1.5322470">
    <ele>154.8</ele>
    <time>2026-05-31T14:40:40Z</time>
    <extensions>
     <gpxtpx:TrackPointExtension>
      <gpxtpx:hr>112</gpxtpx:hr>
      <gpxtpx:cad>49</gpxtpx:cad>
     </gpxtpx:TrackPointExtension>
    </extensions>
   </trkpt>
   <trkpt lat="51.8275360" lon="-1.5323050">
    <ele>155.0</ele>
    <time>2026-05-31T14:40:49Z</time>
    <extensions>
     <gpxtpx:TrackPointExtension>
      <gpxtpx:hr>110</gpxtpx:hr>
      <gpxtpx:cad>49</gpxtpx:cad>
     </gpxtpx:TrackPointExtension>
    </extensions>
   </trkpt>
   <trkpt lat="51.8276600" lon="-1.5324020">
    <ele>155.0</ele>
    <time>2026-05-31T14:40:59Z</time>
    <extensions>
     <gpxtpx:TrackPointExtension>
      <gpxtpx:hr>107</gpxtpx:hr>
      <gpxtpx:cad>57</gpxtpx:cad>
     </gpxtpx:TrackPointExtension>
    </extensions>
   </trkpt>
   <trkpt lat="51.8277060" lon="-1.5324770">
    <ele>155.0</ele>
    <time>2026-05-31T14:41:05Z</time>
    <extensions>
     <gpxtpx:TrackPointExtension>
      <gpxtpx:hr>106</gpxtpx:hr>
      <gpxtpx:cad>0</gpxtpx:cad>
     </gpxtpx:TrackPointExtension>
    </extensions>
   </trkpt>
   <trkpt lat="51.8277230" lon="-1.5324960">
    <ele>155.2</ele>
    <time>2026-05-31T14:41:07Z</time>
    <extensions>
     <gpxtpx:TrackPointExtension>
      <gpxtpx:hr>103</gpxtpx:hr>
      <gpxtpx:cad>51</gpxtpx:cad>
     </gpxtpx:TrackPointExtension>
    </extensions>
   </trkpt>
   <trkpt lat="51.8277390" lon="-1.5325190">
    <ele>155.2</ele>
    <time>2026-05-31T14:41:09Z</time>
    <extensions>
     <gpxtpx:TrackPointExtension>
      <gpxtpx:hr>100</gpxtpx:hr>
      <gpxtpx:cad>51</gpxtpx:cad>
     </gpxtpx:TrackPointExtension>
    </extensions>
   </trkpt>
   <trkpt lat="51.8277480" lon="-1.5325300">
    <ele>155.2</ele>
    <time>2026-05-31T14:41:10Z</time>
    <extensions>
     <gpxtpx:TrackPointExtension>
      <gpxtpx:hr>97</gpxtpx:hr>
      <gpxtpx:cad>0</gpxtpx:cad>
     </gpxtpx:TrackPointExtension>
    </extensions>
   </trkpt>
   <trkpt lat="51.8277780" lon="-1.5325660">
    <ele>155.4</ele>
    <time>2026-05-31T14:41:13Z</time>
    <extensions>
     <gpxtpx:TrackPointExtension>
      <gpxtpx:hr>101</gpxtpx:hr>
      <gpxtpx:cad>48</gpxtpx:cad>
     </gpxtpx:TrackPointExtension>
    </extensions>
   </trkpt>
   <trkpt lat="51.8278110" lon="-1.5326150">
    <ele>155.4</ele>
    <time>2026-05-31T14:41:16Z</time>
    <extensions>
     <gpxtpx:TrackPointExtension>
      <gpxtpx:hr>100</gpxtpx:hr>
      <gpxtpx:cad>49</gpxtpx:cad>
     </gpxtpx:TrackPointExtension>
    </extensions>
   </trkpt>
   <trkpt lat="51.8278460" lon="-1.5326880">
    <ele>155.6</ele>
    <time>2026-05-31T14:41:20Z</time>
    <extensions>
     <gpxtpx:TrackPointExtension>
      <gpxtpx:hr>100</gpxtpx:hr>
      <gpxtpx:cad>51</gpxtpx:cad>
     </gpxtpx:TrackPointExtension>
    </extensions>
   </trkpt>
   <trkpt lat="51.8279080" lon="-1.5328080">
    <ele>155.8</ele>
    <time>2026-05-31T14:41:28Z</time>
    <extensions>
     <gpxtpx:TrackPointExtension>
      <gpxtpx:hr>100</gpxtpx:hr>
      <gpxtpx:cad>0</gpxtpx:cad>
     </gpxtpx:TrackPointExtension>
    </extensions>
   </trkpt>
   <trkpt lat="51.8279220" lon="-1.5328260">
    <ele>156.0</ele>
    <time>2026-05-31T14:41:30Z</time>
    <extensions>
     <gpxtpx:TrackPointExtension>
      <gpxtpx:hr>97</gpxtpx:hr>
      <gpxtpx:cad>51</gpxtpx:cad>
     </gpxtpx:TrackPointExtension>
    </extensions>
   </trkpt>
   <trkpt lat="51.8279430" lon="-1.5328700">
    <ele>156.2</ele>
    <time>2026-05-31T14:41:33Z</time>
    <extensions>
     <gpxtpx:TrackPointExtension>
      <gpxtpx:hr>94</gpxtpx:hr>
      <gpxtpx:cad>0</gpxtpx:cad>
     </gpxtpx:TrackPointExtension>
    </extensions>
   </trkpt>
   <trkpt lat="51.8279670" lon="-1.5329020">
    <ele>156.2</ele>
    <time>2026-05-31T14:41:36Z</time>
    <extensions>
     <gpxtpx:TrackPointExtension>
      <gpxtpx:hr>95</gpxtpx:hr>
      <gpxtpx:cad>48</gpxtpx:cad>
     </gpxtpx:TrackPointExtension>
    </extensions>
   </trkpt>
   <trkpt lat="51.8279810" lon="-1.5329230">
    <ele>156.4</ele>
    <time>2026-05-31T14:41:38Z</time>
    <extensions>
     <gpxtpx:TrackPointExtension>
      <gpxtpx:hr>91</gpxtpx:hr>
      <gpxtpx:cad>0</gpxtpx:cad>
     </gpxtpx:TrackPointExtension>
    </extensions>
   </trkpt>
   <trkpt lat="51.8279960" lon="-1.5329530">
    <ele>156.4</ele>
    <time>2026-05-31T14:41:41Z</time>
    <extensions>
     <gpxtpx:TrackPointExtension>
      <gpxtpx:hr>89</gpxtpx:hr>
      <gpxtpx:cad>0</gpxtpx:cad>
     </gpxtpx:TrackPointExtension>
    </extensions>
   </trkpt>
   <trkpt lat="51.8280010" lon="-1.5329640">
    <ele>156.4</ele>
    <time>2026-05-31T14:41:42Z</time>
    <extensions>
     <gpxtpx:TrackPointExtension>
      <gpxtpx:hr>87</gpxtpx:hr>
      <gpxtpx:cad>46</gpxtpx:cad>
     </gpxtpx:TrackPointExtension>
    </extensions>
   </trkpt>
   <trkpt lat="51.8280600" lon="-1.5330630">
    <ele>156.6</ele>
    <time>2026-05-31T14:41:49Z</time>
    <extensions>
     <gpxtpx:TrackPointExtension>
      <gpxtpx:hr>87</gpxtpx:hr>
      <gpxtpx:cad>45</gpxtpx:cad>
     </gpxtpx:TrackPointExtension>
    </extensions>
   </trkpt>
   <trkpt lat="51.8281270" lon="-1.5331320">
    <ele>157.0</ele>
    <time>2026-05-31T14:41:58Z</time>
    <extensions>
     <gpxtpx:TrackPointExtension>
      <gpxtpx:hr>88</gpxtpx:hr>
      <gpxtpx:cad>43</gpxtpx:cad>
     </gpxtpx:TrackPointExtension>
    </extensions>
   </trkpt>
   <trkpt lat="51.8281590" lon="-1.5331950">
    <ele>157.2</ele>
    <time>2026-05-31T14:42:05Z</time>
    <extensions>
     <gpxtpx:TrackPointExtension>
      <gpxtpx:hr>91</gpxtpx:hr>
      <gpxtpx:cad>0</gpxtpx:cad>
     </gpxtpx:TrackPointExtension>
    </extensions>
   </trkpt>
   <trkpt lat="51.8281740" lon="-1.5332210">
    <ele>157.4</ele>
    <time>2026-05-31T14:42:07Z</time>
    <extensions>
     <gpxtpx:TrackPointExtension>
      <gpxtpx:hr>90</gpxtpx:hr>
      <gpxtpx:cad>0</gpxtpx:cad>
     </gpxtpx:TrackPointExtension>
    </extensions>
   </trkpt>
   <trkpt lat="51.8282040" lon="-1.5332690">
    <ele>157.4</ele>
    <time>2026-05-31T14:42:11Z</time>
    <extensions>
     <gpxtpx:TrackPointExtension>
      <gpxtpx:hr>92</gpxtpx:hr>
      <gpxtpx:cad>46</gpxtpx:cad>
     </gpxtpx:TrackPointExtension>
    </extensions>
   </trkpt>
   <trkpt lat="51.8282210" lon="-1.5333100">
    <ele>157.6</ele>
    <time>2026-05-31T14:42:14Z</time>
    <extensions>
     <gpxtpx:TrackPointExtension>
      <gpxtpx:hr>95</gpxtpx:hr>
      <gpxtpx:cad>0</gpxtpx:cad>
     </gpxtpx:TrackPointExtension>
    </extensions>
   </trkpt>
   <trkpt lat="51.8282290" lon="-1.5333160">
    <ele>157.6</ele>
    <time>2026-05-31T14:42:15Z</time>
    <extensions>
     <gpxtpx:TrackPointExtension>
      <gpxtpx:hr>97</gpxtpx:hr>
      <gpxtpx:cad>0</gpxtpx:cad>
     </gpxtpx:TrackPointExtension>
    </extensions>
   </trkpt>
   <trkpt lat="51.8282450" lon="-1.5333320">
    <ele>157.6</ele>
    <time>2026-05-31T14:42:17Z</time>
    <extensions>
     <gpxtpx:TrackPointExtension>
      <gpxtpx:hr>101</gpxtpx:hr>
      <gpxtpx:cad>0</gpxtpx:cad>
     </gpxtpx:TrackPointExtension>
    </extensions>
   </trkpt>
   <trkpt lat="51.8282530" lon="-1.5333420">
    <ele>157.6</ele>
    <time>2026-05-31T14:42:18Z</time>
    <extensions>
     <gpxtpx:TrackPointExtension>
      <gpxtpx:hr>104</gpxtpx:hr>
      <gpxtpx:cad>0</gpxtpx:cad>
     </gpxtpx:TrackPointExtension>
    </extensions>
   </trkpt>
   <trkpt lat="51.8282640" lon="-1.5333640">
    <ele>157.8</ele>
    <time>2026-05-31T14:42:20Z</time>
    <extensions>
     <gpxtpx:TrackPointExtension>
      <gpxtpx:hr>108</gpxtpx:hr>
      <gpxtpx:cad>47</gpxtpx:cad>
     </gpxtpx:TrackPointExtension>
    </extensions>
   </trkpt>
   <trkpt lat="51.8282810" lon="-1.5333980">
    <ele>158.0</ele>
    <time>2026-05-31T14:42:23Z</time>
    <extensions>
     <gpxtpx:TrackPointExtension>
      <gpxtpx:hr>112</gpxtpx:hr>
      <gpxtpx:cad>47</gpxtpx:cad>
     </gpxtpx:TrackPointExtension>
    </extensions>
   </trkpt>
   <trkpt lat="51.8283070" lon="-1.5334560">
    <ele>158.2</ele>
    <time>2026-05-31T14:42:28Z</time>
    <extensions>
     <gpxtpx:TrackPointExtension>
      <gpxtpx:hr>118</gpxtpx:hr>
      <gpxtpx:cad>0</gpxtpx:cad>
     </gpxtpx:TrackPointExtension>
    </extensions>
   </trkpt>
   <trkpt lat="51.8283290" lon="-1.5335020">
    <ele>158.2</ele>
    <time>2026-05-31T14:42:32Z</time>
    <extensions>
     <gpxtpx:TrackPointExtension>
      <gpxtpx:hr>118</gpxtpx:hr>
      <gpxtpx:cad>44</gpxtpx:cad>
     </gpxtpx:TrackPointExtension>
    </extensions>
   </trkpt>
   <trkpt lat="51.8283750" lon="-1.5335950">
    <ele>158.2</ele>
    <time>2026-05-31T14:42:39Z</time>
    <extensions>
     <gpxtpx:TrackPointExtension>
      <gpxtpx:hr>118</gpxtpx:hr>
      <gpxtpx:cad>46</gpxtpx:cad>
     </gpxtpx:TrackPointExtension>
    </extensions>
   </trkpt>
   <trkpt lat="51.8284070" lon="-1.5336690">
    <ele>158.4</ele>
    <time>2026-05-31T14:42:44Z</time>
    <extensions>
     <gpxtpx:TrackPointExtension>
      <gpxtpx:hr>118</gpxtpx:hr>
      <gpxtpx:cad>0</gpxtpx:cad>
     </gpxtpx:TrackPointExtension>
    </extensions>
   </trkpt>
   <trkpt lat="51.8284410" lon="-1.5337230">
    <ele>158.6</ele>
    <time>2026-05-31T14:42:48Z</time>
    <extensions>
     <gpxtpx:TrackPointExtension>
      <gpxtpx:hr>119</gpxtpx:hr>
      <gpxtpx:cad>0</gpxtpx:cad>
     </gpxtpx:TrackPointExtension>
    </extensions>
   </trkpt>
   <trkpt lat="51.8284590" lon="-1.5337490">
    <ele>158.6</ele>
    <time>2026-05-31T14:42:50Z</time>
    <extensions>
     <gpxtpx:TrackPointExtension>
      <gpxtpx:hr>115</gpxtpx:hr>
      <gpxtpx:cad>0</gpxtpx:cad>
     </gpxtpx:TrackPointExtension>
    </extensions>
   </trkpt>
   <trkpt lat="51.8284770" lon="-1.5338060">
    <ele>158.8</ele>
    <time>2026-05-31T14:42:53Z</time>
    <extensions>
     <gpxtpx:TrackPointExtension>
      <gpxtpx:hr>119</gpxtpx:hr>
      <gpxtpx:cad>46</gpxtpx:cad>
     </gpxtpx:TrackPointExtension>
    </extensions>
   </trkpt>
   <trkpt lat="51.8284940" lon="-1.5338470">
    <ele>159.0</ele>
    <time>2026-05-31T14:42:56Z</time>
    <extensions>
     <gpxtpx:TrackPointExtension>
      <gpxtpx:hr>122</gpxtpx:hr>
      <gpxtpx:cad>46</gpxtpx:cad>
     </gpxtpx:TrackPointExtension>
    </extensions>
   </trkpt>
   <trkpt lat="51.8285040" lon="-1.5338860">
    <ele>159.2</ele>
    <time>2026-05-31T14:42:58Z</time>
    <extensions>
     <gpxtpx:TrackPointExtension>
      <gpxtpx:hr>126</gpxtpx:hr>
      <gpxtpx:cad>47</gpxtpx:cad>
     </gpxtpx:TrackPointExtension>
    </extensions>
   </trkpt>
   <trkpt lat="51.8285540" lon="-1.5339900">
    <ele>159.2</ele>
    <time>2026-05-31T14:43:05Z</time>
    <extensions>
     <gpxtpx:TrackPointExtension>
      <gpxtpx:hr>130</gpxtpx:hr>
      <gpxtpx:cad>48</gpxtpx:cad>
     </gpxtpx:TrackPointExtension>
    </extensions>
   </trkpt>
   <trkpt lat="51.8286200" lon="-1.5340890">
    <ele>159.2</ele>
    <time>2026-05-31T14:43:13Z</time>
    <extensions>
     <gpxtpx:TrackPointExtension>
      <gpxtpx:hr>127</gpxtpx:hr>
      <gpxtpx:cad>49</gpxtpx:cad>
     </gpxtpx:TrackPointExtension>
    </extensions>
   </trkpt>
   <trkpt lat="51.8286280" lon="-1.5340970">
    <ele>159.2</ele>
    <time>2026-05-31T14:43:14Z</time>
    <extensions>
     <gpxtpx:TrackPointExtension>
      <gpxtpx:hr>124</gpxtpx:hr>
      <gpxtpx:cad>47</gpxtpx:cad>
     </gpxtpx:TrackPointExtension>
    </extensions>
   </trkpt>
   <trkpt lat="51.8286460" lon="-1.5341140">
    <ele>159.2</ele>
    <time>2026-05-31T14:43:16Z</time>
    <extensions>
     <gpxtpx:TrackPointExtension>
      <gpxtpx:hr>123</gpxtpx:hr>
      <gpxtpx:cad>47</gpxtpx:cad>
     </gpxtpx:TrackPointExtension>
    </extensions>
   </trkpt>
   <trkpt lat="51.8287350" lon="-1.5342070">
    <ele>159.4</ele>
    <time>2026-05-31T14:43:26Z</time>
    <extensions>
     <gpxtpx:TrackPointExtension>
      <gpxtpx:hr>125</gpxtpx:hr>
      <gpxtpx:cad>48</gpxtpx:cad>
     </gpxtpx:TrackPointExtension>
    </extensions>
   </trkpt>
   <trkpt lat="51.8287460" lon="-1.5342210">
    <ele>159.4</ele>
    <time>2026-05-31T14:43:28Z</time>
    <extensions>
     <gpxtpx:TrackPointExtension>
      <gpxtpx:hr>128</gpxtpx:hr>
      <gpxtpx:cad>49</gpxtpx:cad>
     </gpxtpx:TrackPointExtension>
    </extensions>
   </trkpt>
   <trkpt lat="51.8287530" lon="-1.5342280">
    <ele>159.4</ele>
    <time>2026-05-31T14:43:29Z</time>
    <extensions>
     <gpxtpx:TrackPointExtension>
      <gpxtpx:hr>131</gpxtpx:hr>
      <gpxtpx:cad>49</gpxtpx:cad>
     </gpxtpx:TrackPointExtension>
    </extensions>
   </trkpt>
   <trkpt lat="51.8287890" lon="-1.5342760">
    <ele>159.4</ele>
    <time>2026-05-31T14:43:34Z</time>
    <extensions>
     <gpxtpx:TrackPointExtension>
      <gpxtpx:hr>134</gpxtpx:hr>
      <gpxtpx:cad>48</gpxtpx:cad>
     </gpxtpx:TrackPointExtension>
    </extensions>
   </trkpt>
   <trkpt lat="51.8288590" lon="-1.5343680">
    <ele>159.4</ele>
    <time>2026-05-31T14:43:43Z</time>
    <extensions>
     <gpxtpx:TrackPointExtension>
      <gpxtpx:hr>135</gpxtpx:hr>
      <gpxtpx:cad>49</gpxtpx:cad>
     </gpxtpx:TrackPointExtension>
    </extensions>
   </trkpt>
   <trkpt lat="51.8288780" lon="-1.5343860">
    <ele>159.4</ele>
    <time>2026-05-31T14:43:45Z</time>
    <extensions>
     <gpxtpx:TrackPointExtension>
      <gpxtpx:hr>132</gpxtpx:hr>
      <gpxtpx:cad>48</gpxtpx:cad>
     </gpxtpx:TrackPointExtension>
    </extensions>
   </trkpt>
   <trkpt lat="51.8289120" lon="-1.5344360">
    <ele>159.6</ele>
    <time>2026-05-31T14:43:50Z</time>
    <extensions>
     <gpxtpx:TrackPointExtension>
      <gpxtpx:hr>128</gpxtpx:hr>
      <gpxtpx:cad>48</gpxtpx:cad>
     </gpxtpx:TrackPointExtension>
    </extensions>
   </trkpt>
   <trkpt lat="51.8289180" lon="-1.5344470">
    <ele>159.6</ele>
    <time>2026-05-31T14:43:51Z</time>
    <extensions>
     <gpxtpx:TrackPointExtension>
      <gpxtpx:hr>129</gpxtpx:hr>
      <gpxtpx:cad>48</gpxtpx:cad>
     </gpxtpx:TrackPointExtension>
    </extensions>
   </trkpt>
   <trkpt lat="51.8289670" lon="-1.5345240">
    <ele>159.8</ele>
    <time>2026-05-31T14:43:57Z</time>
    <extensions>
     <gpxtpx:TrackPointExtension>
      <gpxtpx:hr>133</gpxtpx:hr>
      <gpxtpx:cad>49</gpxtpx:cad>
     </gpxtpx:TrackPointExtension>
    </extensions>
   </trkpt>
   <trkpt lat="51.8289940" lon="-1.5345550">
    <ele>159.8</ele>
    <time>2026-05-31T14:44:00Z</time>
    <extensions>
     <gpxtpx:TrackPointExtension>
      <gpxtpx:hr>131</gpxtpx:hr>
      <gpxtpx:cad>49</gpxtpx:cad>
     </gpxtpx:TrackPointExtension>
    </extensions>
   </trkpt>
   <trkpt lat="51.8290410" lon="-1.5346160">
    <ele>159.8</ele>
    <time>2026-05-31T14:44:06Z</time>
    <extensions>
     <gpxtpx:TrackPointExtension>
      <gpxtpx:hr>128</gpxtpx:hr>
      <gpxtpx:cad>46</gpxtpx:cad>
     </gpxtpx:TrackPointExtension>
    </extensions>
   </trkpt>
   <trkpt lat="51.8290530" lon="-1.5346400">
    <ele>159.8</ele>
    <time>2026-05-31T14:44:09Z</time>
    <extensions>
     <gpxtpx:TrackPointExtension>
      <gpxtpx:hr>128</gpxtpx:hr>
      <gpxtpx:cad>47</gpxtpx:cad>
     </gpxtpx:TrackPointExtension>
    </extensions>
   </trkpt>
   <trkpt lat="51.8290700" lon="-1.5346880">
    <ele>159.8</ele>
    <time>2026-05-31T14:44:12Z</time>
    <extensions>
     <gpxtpx:TrackPointExtension>
      <gpxtpx:hr>131</gpxtpx:hr>
      <gpxtpx:cad>49</gpxtpx:cad>
     </gpxtpx:TrackPointExtension>
    </extensions>
   </trkpt>
   <trkpt lat="51.8290940" lon="-1.5347300">
    <ele>159.8</ele>
    <time>2026-05-31T14:44:15Z</time>
    <extensions>
     <gpxtpx:TrackPointExtension>
      <gpxtpx:hr>134</gpxtpx:hr>
      <gpxtpx:cad>50</gpxtpx:cad>
     </gpxtpx:TrackPointExtension>
    </extensions>
   </trkpt>
   <trkpt lat="51.8291150" lon="-1.5347610">
    <ele>160.0</ele>
    <time>2026-05-31T14:44:17Z</time>
    <extensions>
     <gpxtpx:TrackPointExtension>
      <gpxtpx:hr>138</gpxtpx:hr>
      <gpxtpx:cad>50</gpxtpx:cad>
     </gpxtpx:TrackPointExtension>
    </extensions>
   </trkpt>
   <trkpt lat="51.8291780" lon="-1.5348660">
    <ele>160.2</ele>
    <time>2026-05-31T14:44:24Z</time>
    <extensions>
     <gpxtpx:TrackPointExtension>
      <gpxtpx:hr>135</gpxtpx:hr>
      <gpxtpx:cad>0</gpxtpx:cad>
     </gpxtpx:TrackPointExtension>
    </extensions>
   </trkpt>
   <trkpt lat="51.8292110" lon="-1.5348820">
    <ele>160.4</ele>
    <time>2026-05-31T14:44:27Z</time>
    <extensions>
     <gpxtpx:TrackPointExtension>
      <gpxtpx:hr>132</gpxtpx:hr>
      <gpxtpx:cad>0</gpxtpx:cad>
     </gpxtpx:TrackPointExtension>
    </extensions>
   </trkpt>
   <trkpt lat="51.8292200" lon="-1.5348890">
    <ele>160.4</ele>
    <time>2026-05-31T14:44:28Z</time>
    <extensions>
     <gpxtpx:TrackPointExtension>
      <gpxtpx:hr>132</gpxtpx:hr>
      <gpxtpx:cad>48</gpxtpx:cad>
     </gpxtpx:TrackPointExtension>
    </extensions>
   </trkpt>
   <trkpt lat="51.8292620" lon="-1.5349250">
    <ele>160.4</ele>
    <time>2026-05-31T14:44:33Z</time>
    <extensions>
     <gpxtpx:TrackPointExtension>
      <gpxtpx:hr>131</gpxtpx:hr>
      <gpxtpx:cad>0</gpxtpx:cad>
     </gpxtpx:TrackPointExtension>
    </extensions>
   </trkpt>
   <trkpt lat="51.8292930" lon="-1.5349550">
    <ele>160.6</ele>
    <time>2026-05-31T14:44:37Z</time>
    <extensions>
     <gpxtpx:TrackPointExtension>
      <gpxtpx:hr>128</gpxtpx:hr>
      <gpxtpx:cad>0</gpxtpx:cad>
     </gpxtpx:TrackPointExtension>
    </extensions>
   </trkpt>
   <trkpt lat="51.8293300" lon="-1.5349950">
    <ele>160.8</ele>
    <time>2026-05-31T14:44:42Z</time>
    <extensions>
     <gpxtpx:TrackPointExtension>
      <gpxtpx:hr>126</gpxtpx:hr>
      <gpxtpx:cad>0</gpxtpx:cad>
     </gpxtpx:TrackPointExtension>
    </extensions>
   </trkpt>
   <trkpt lat="51.8293790" lon="-1.5350740">
    <ele>161.0</ele>
    <time>2026-05-31T14:44:50Z</time>
    <extensions>
     <gpxtpx:TrackPointExtension>
      <gpxtpx:hr>123</gpxtpx:hr>
      <gpxtpx:cad>40</gpxtpx:cad>
     </gpxtpx:TrackPointExtension>
    </extensions>
   </trkpt>
   <trkpt lat="51.8293940" lon="-1.5350990">
    <ele>161.0</ele>
    <time>2026-05-31T14:44:53Z</time>
    <extensions>
     <gpxtpx:TrackPointExtension>
      <gpxtpx:hr>122</gpxtpx:hr>
      <gpxtpx:cad>44</gpxtpx:cad>
     </gpxtpx:TrackPointExtension>
    </extensions>
   </trkpt>
   <trkpt lat="51.8294130" lon="-1.5351220">
    <ele>161.0</ele>
    <time>2026-05-31T14:44:55Z</time>
    <extensions>
     <gpxtpx:TrackPointExtension>
      <gpxtpx:hr>126</gpxtpx:hr>
      <gpxtpx:cad>43</gpxtpx:cad>
     </gpxtpx:TrackPointExtension>
    </extensions>
   </trkpt>
   <trkpt lat="51.8294460" lon="-1.5351610">
    <ele>161.4</ele>
    <time>2026-05-31T14:44:58Z</time>
    <extensions>
     <gpxtpx:TrackPointExtension>
      <gpxtpx:hr>130</gpxtpx:hr>
      <gpxtpx:cad>43</gpxtpx:cad>
     </gpxtpx:TrackPointExtension>
    </extensions>
   </trkpt>
   <trkpt lat="51.8294700" lon="-1.5351860">
    <ele>161.4</ele>
    <time>2026-05-31T14:45:00Z</time>
    <extensions>
     <gpxtpx:TrackPointExtension>
      <gpxtpx:hr>131</gpxtpx:hr>
      <gpxtpx:cad>44</gpxtpx:cad>
     </gpxtpx:TrackPointExtension>
    </extensions>
   </trkpt>
   <trkpt lat="51.8295140" lon="-1.5352590">
    <ele>161.4</ele>
    <time>2026-05-31T14:45:07Z</time>
    <extensions>
     <gpxtpx:TrackPointExtension>
      <gpxtpx:hr>127</gpxtpx:hr>
      <gpxtpx:cad>47</gpxtpx:cad>
     </gpxtpx:TrackPointExtension>
    </extensions>
   </trkpt>
   <trkpt lat="51.8295200" lon="-1.5352690">
    <ele>161.4</ele>
    <time>2026-05-31T14:45:08Z</time>
    <extensions>
     <gpxtpx:TrackPointExtension>
      <gpxtpx:hr>127</gpxtpx:hr>
      <gpxtpx:cad>45</gpxtpx:cad>
     </gpxtpx:TrackPointExtension>
    </extensions>
   </trkpt>
   <trkpt lat="51.8295510" lon="-1.5353120">
    <ele>161.4</ele>
    <time>2026-05-31T14:45:12Z</time>
    <extensions>
     <gpxtpx:TrackPointExtension>
      <gpxtpx:hr>124</gpxtpx:hr>
      <gpxtpx:cad>42</gpxtpx:cad>
     </gpxtpx:TrackPointExtension>
    </extensions>
   </trkpt>
   <trkpt lat="51.8295690" lon="-1.5353310">
    <ele>161.4</ele>
    <time>2026-05-31T14:45:14Z</time>
    <extensions>
     <gpxtpx:TrackPointExtension>
      <gpxtpx:hr>123</gpxtpx:hr>
      <gpxtpx:cad>0</gpxtpx:cad>
     </gpxtpx:TrackPointExtension>
    </extensions>
   </trkpt>
   <trkpt lat="51.8295970" lon="-1.5353750">
    <ele>161.6</ele>
    <time>2026-05-31T14:45:17Z</time>
    <extensions>
     <gpxtpx:TrackPointExtension>
      <gpxtpx:hr>122</gpxtpx:hr>
      <gpxtpx:cad>50</gpxtpx:cad>
     </gpxtpx:TrackPointExtension>
    </extensions>
   </trkpt>
   <trkpt lat="51.8296140" lon="-1.5354050">
    <ele>161.6</ele>
    <time>2026-05-31T14:45:19Z</time>
    <extensions>
     <gpxtpx:TrackPointExtension>
      <gpxtpx:hr>119</gpxtpx:hr>
      <gpxtpx:cad>50</gpxtpx:cad>
     </gpxtpx:TrackPointExtension>
    </extensions>
   </trkpt>
   <trkpt lat="51.8296800" lon="-1.5355020">
    <ele>162.2</ele>
    <time>2026-05-31T14:45:26Z</time>
    <extensions>
     <gpxtpx:TrackPointExtension>
      <gpxtpx:hr>116</gpxtpx:hr>
      <gpxtpx:cad>51</gpxtpx:cad>
     </gpxtpx:TrackPointExtension>
    </extensions>
   </trkpt>
   <trkpt lat="51.8297050" lon="-1.5355290">
    <ele>162.2</ele>
    <time>2026-05-31T14:45:28Z</time>
    <extensions>
     <gpxtpx:TrackPointExtension>
      <gpxtpx:hr>117</gpxtpx:hr>
      <gpxtpx:cad>51</gpxtpx:cad>
     </gpxtpx:TrackPointExtension>
    </extensions>
   </trkpt>
   <trkpt lat="51.8297270" lon="-1.5355660">
    <ele>162.4</ele>
    <time>2026-05-31T14:45:31Z</time>
    <extensions>
     <gpxtpx:TrackPointExtension>
      <gpxtpx:hr>114</gpxtpx:hr>
      <gpxtpx:cad>51</gpxtpx:cad>
     </gpxtpx:TrackPointExtension>
    </extensions>
   </trkpt>
   <trkpt lat="51.8297630" lon="-1.5356080">
    <ele>162.4</ele>
    <time>2026-05-31T14:45:35Z</time>
    <extensions>
     <gpxtpx:TrackPointExtension>
      <gpxtpx:hr>111</gpxtpx:hr>
      <gpxtpx:cad>51</gpxtpx:cad>
     </gpxtpx:TrackPointExtension>
    </extensions>
   </trkpt>
   <trkpt lat="51.8297750" lon="-1.5356190">
    <ele>162.6</ele>
    <time>2026-05-31T14:45:36Z</time>
    <extensions>
     <gpxtpx:TrackPointExtension>
      <gpxtpx:hr>111</gpxtpx:hr>
      <gpxtpx:cad>51</gpxtpx:cad>
     </gpxtpx:TrackPointExtension>
    </extensions>
   </trkpt>
   <trkpt lat="51.8298050" lon="-1.5356570">
    <ele>162.8</ele>
    <time>2026-05-31T14:45:40Z</time>
    <extensions>
     <gpxtpx:TrackPointExtension>
      <gpxtpx:hr>108</gpxtpx:hr>
      <gpxtpx:cad>0</gpxtpx:cad>
     </gpxtpx:TrackPointExtension>
    </extensions>
   </trkpt>
   <trkpt lat="51.8298210" lon="-1.5356720">
    <ele>162.8</ele>
    <time>2026-05-31T14:45:42Z</time>
    <extensions>
     <gpxtpx:TrackPointExtension>
      <gpxtpx:hr>109</gpxtpx:hr>
      <gpxtpx:cad>0</gpxtpx:cad>
     </gpxtpx:TrackPointExtension>
    </extensions>
   </trkpt>
   <trkpt lat="51.8298500" lon="-1.5356930">
    <ele>162.8</ele>
    <time>2026-05-31T14:45:45Z</time>
    <extensions>
     <gpxtpx:TrackPointExtension>
      <gpxtpx:hr>106</gpxtpx:hr>
      <gpxtpx:cad>49</gpxtpx:cad>
     </gpxtpx:TrackPointExtension>
    </extensions>
   </trkpt>
   <trkpt lat="51.8298640" lon="-1.5357100">
    <ele>162.8</ele>
    <time>2026-05-31T14:45:48Z</time>
    <extensions>
     <gpxtpx:TrackPointExtension>
      <gpxtpx:hr>102</gpxtpx:hr>
      <gpxtpx:cad>48</gpxtpx:cad>
     </gpxtpx:TrackPointExtension>
    </extensions>
   </trkpt>
   <trkpt lat="51.8298760" lon="-1.5357250">
    <ele>162.8</ele>
    <time>2026-05-31T14:45:51Z</time>
    <extensions>
     <gpxtpx:TrackPointExtension>
      <gpxtpx:hr>99</gpxtpx:hr>
      <gpxtpx:cad>48</gpxtpx:cad>
     </gpxtpx:TrackPointExtension>
    </extensions>
   </trkpt>
   <trkpt lat="51.8299430" lon="-1.5358020">
    <ele>162.8</ele>
    <time>2026-05-31T14:46:00Z</time>
    <extensions>
     <gpxtpx:TrackPointExtension>
      <gpxtpx:hr>96</gpxtpx:hr>
      <gpxtpx:cad>48</gpxtpx:cad>
     </gpxtpx:TrackPointExtension>
    </extensions>
   </trkpt>
   <trkpt lat="51.8299530" lon="-1.5358110">
    <ele>162.8</ele>
    <time>2026-05-31T14:46:01Z</time>
    <extensions>
     <gpxtpx:TrackPointExtension>
      <gpxtpx:hr>98</gpxtpx:hr>
      <gpxtpx:cad>48</gpxtpx:cad>
     </gpxtpx:TrackPointExtension>
    </extensions>
   </trkpt>
   <trkpt lat="51.8300140" lon="-1.5359010">
    <ele>163.0</ele>
    <time>2026-05-31T14:46:09Z</time>
    <extensions>
     <gpxtpx:TrackPointExtension>
      <gpxtpx:hr>94</gpxtpx:hr>
      <gpxtpx:cad>47</gpxtpx:cad>
     </gpxtpx:TrackPointExtension>
    </extensions>
   </trkpt>
   <trkpt lat="51.8300380" lon="-1.5359420">
    <ele>163.0</ele>
    <time>2026-05-31T14:46:12Z</time>
    <extensions>
     <gpxtpx:TrackPointExtension>
      <gpxtpx:hr>91</gpxtpx:hr>
      <gpxtpx:cad>0</gpxtpx:cad>
     </gpxtpx:TrackPointExtension>
    </extensions>
   </trkpt>
   <trkpt lat="51.8300570" lon="-1.5359850">
    <ele>163.2</ele>
    <time>2026-05-31T14:46:15Z</time>
    <extensions>
     <gpxtpx:TrackPointExtension>
      <gpxtpx:hr>86</gpxtpx:hr>
      <gpxtpx:cad>43</gpxtpx:cad>
     </gpxtpx:TrackPointExtension>
    </extensions>
   </trkpt>
   <trkpt lat="51.8300630" lon="-1.5360040">
    <ele>163.2</ele>
    <time>2026-05-31T14:46:16Z</time>
    <extensions>
     <gpxtpx:TrackPointExtension>
      <gpxtpx:hr>82</gpxtpx:hr>
      <gpxtpx:cad>43</gpxtpx:cad>
     </gpxtpx:TrackPointExtension>
    </extensions>
   </trkpt>
   <trkpt lat="51.8300770" lon="-1.5360360">
    <ele>163.2</ele>
    <time>2026-05-31T14:46:18Z</time>
    <extensions>
     <gpxtpx:TrackPointExtension>
      <gpxtpx:hr>78</gpxtpx:hr>
      <gpxtpx:cad>47</gpxtpx:cad>
     </gpxtpx:TrackPointExtension>
    </extensions>
   </trkpt>
   <trkpt lat="51.8300840" lon="-1.5360530">
    <ele>163.2</ele>
    <time>2026-05-31T14:46:19Z</time>
    <extensions>
     <gpxtpx:TrackPointExtension>
      <gpxtpx:hr>81</gpxtpx:hr>
      <gpxtpx:cad>48</gpxtpx:cad>
     </gpxtpx:TrackPointExtension>
    </extensions>
   </trkpt>
   <trkpt lat="51.8301140" lon="-1.5361260">
    <ele>163.4</ele>
    <time>2026-05-31T14:46:25Z</time>
    <extensions>
     <gpxtpx:TrackPointExtension>
      <gpxtpx:hr>82</gpxtpx:hr>
      <gpxtpx:cad>48</gpxtpx:cad>
     </gpxtpx:TrackPointExtension>
    </extensions>
   </trkpt>
   <trkpt lat="51.8301630" lon="-1.5362220">
    <ele>163.4</ele>
    <time>2026-05-31T14:46:33Z</time>
    <extensions>
     <gpxtpx:TrackPointExtension>
      <gpxtpx:hr>85</gpxtpx:hr>
      <gpxtpx:cad>49</gpxtpx:cad>
     </gpxtpx:TrackPointExtension>
    </extensions>
   </trkpt>
   <trkpt lat="51.8301850" lon="-1.5362660">
    <ele>163.6</ele>
    <time>2026-05-31T14:46:37Z</time>
    <extensions>
     <gpxtpx:TrackPointExtension>
      <gpxtpx:hr>85</gpxtpx:hr>
      <gpxtpx:cad>46</gpxtpx:cad>
     </gpxtpx:TrackPointExtension>
    </extensions>
   </trkpt>
   <trkpt lat="51.8302100" lon="-1.5363050">
    <ele>163.8</ele>
    <time>2026-05-31T14:46:41Z</time>
    <extensions>
     <gpxtpx:TrackPointExtension>
      <gpxtpx:hr>85</gpxtpx:hr>
      <gpxtpx:cad>46</gpxtpx:cad>
     </gpxtpx:TrackPointExtension>
    </extensions>
   </trkpt>
   <trkpt lat="51.8302640" lon="-1.5363710">
    <ele>164.0</ele>
    <time>2026-05-31T14:46:48Z</time>
    <extensions>
     <gpxtpx:TrackPointExtension>
      <gpxtpx:hr>81</gpxtpx:hr>
      <gpxtpx:cad>45</gpxtpx:cad>
     </gpxtpx:TrackPointExtension>
    </extensions>
   </trkpt>
   <trkpt lat="51.8303050" lon="-1.5364040">
    <ele>164.2</ele>
    <time>2026-05-31T14:46:51Z</time>
    <extensions>
     <gpxtpx:TrackPointExtension>
      <gpxtpx:hr>82</gpxtpx:hr>
      <gpxtpx:cad>51</gpxtpx:cad>
     </gpxtpx:TrackPointExtension>
    </extensions>
   </trkpt>
   <trkpt lat="51.8303630" lon="-1.5364690">
    <ele>164.4</ele>
    <time>2026-05-31T14:46:55Z</time>
    <extensions>
     <gpxtpx:TrackPointExtension>
      <gpxtpx:hr>86</gpxtpx:hr>
      <gpxtpx:cad>54</gpxtpx:cad>
     </gpxtpx:TrackPointExtension>
    </extensions>
   </trkpt>
   <trkpt lat="51.8303820" lon="-1.5364790">
    <ele>164.4</ele>
    <time>2026-05-31T14:46:56Z</time>
    <extensions>
     <gpxtpx:TrackPointExtension>
      <gpxtpx:hr>83</gpxtpx:hr>
      <gpxtpx:cad>54</gpxtpx:cad>
     </gpxtpx:TrackPointExtension>
    </extensions>
   </trkpt>
   <trkpt lat="51.8304070" lon="-1.5365070">
    <ele>164.6</ele>
    <time>2026-05-31T14:46:58Z</time>
    <extensions>
     <gpxtpx:TrackPointExtension>
      <gpxtpx:hr>85</gpxtpx:hr>
      <gpxtpx:cad>54</gpxtpx:cad>
     </gpxtpx:TrackPointExtension>
    </extensions>
   </trkpt>
   <trkpt lat="51.8304270" lon="-1.5365340">
    <ele>164.8</ele>
    <time>2026-05-31T14:47:00Z</time>
    <extensions>
     <gpxtpx:TrackPointExtension>
      <gpxtpx:hr>87</gpxtpx:hr>
      <gpxtpx:cad>55</gpxtpx:cad>
     </gpxtpx:TrackPointExtension>
    </extensions>
   </trkpt>
   <trkpt lat="51.8304560" lon="-1.5365680">
    <ele>165.0</ele>
    <time>2026-05-31T14:47:06Z</time>
    <extensions>
     <gpxtpx:TrackPointExtension>
      <gpxtpx:hr>85</gpxtpx:hr>
      <gpxtpx:cad>0</gpxtpx:cad>
     </gpxtpx:TrackPointExtension>
    </extensions>
   </trkpt>
   <trkpt lat="51.8304720" lon="-1.5366090">
    <ele>165.2</ele>
    <time>2026-05-31T14:47:14Z</time>
    <extensions>
     <gpxtpx:TrackPointExtension>
      <gpxtpx:hr>88</gpxtpx:hr>
      <gpxtpx:cad>0</gpxtpx:cad>
     </gpxtpx:TrackPointExtension>
    </extensions>
   </trkpt>
   <trkpt lat="51.8304800" lon="-1.5366210">
    <ele>165.2</ele>
    <time>2026-05-31T14:47:15Z</time>
    <extensions>
     <gpxtpx:TrackPointExtension>
      <gpxtpx:hr>88</gpxtpx:hr>
      <gpxtpx:cad>0</gpxtpx:cad>
     </gpxtpx:TrackPointExtension>
    </extensions>
   </trkpt>
   <trkpt lat="51.8305860" lon="-1.5367400">
    <ele>165.2</ele>
    <time>2026-05-31T14:47:27Z</time>
    <extensions>
     <gpxtpx:TrackPointExtension>
      <gpxtpx:hr>87</gpxtpx:hr>
      <gpxtpx:cad>45</gpxtpx:cad>
     </gpxtpx:TrackPointExtension>
    </extensions>
   </trkpt>
   <trkpt lat="51.8306310" lon="-1.5367870">
    <ele>165.4</ele>
    <time>2026-05-31T14:47:32Z</time>
    <extensions>
     <gpxtpx:TrackPointExtension>
      <gpxtpx:hr>91</gpxtpx:hr>
      <gpxtpx:cad>45</gpxtpx:cad>
     </gpxtpx:TrackPointExtension>
    </extensions>
   </trkpt>
   <trkpt lat="51.8306390" lon="-1.5367970">
    <ele>165.6</ele>
    <time>2026-05-31T14:47:33Z</time>
    <extensions>
     <gpxtpx:TrackPointExtension>
      <gpxtpx:hr>91</gpxtpx:hr>
      <gpxtpx:cad>47</gpxtpx:cad>
     </gpxtpx:TrackPointExtension>
    </extensions>
   </trkpt>
   <trkpt lat="51.8306490" lon="-1.5368070">
    <ele>165.6</ele>
    <time>2026-05-31T14:47:34Z</time>
    <extensions>
     <gpxtpx:TrackPointExtension>
      <gpxtpx:hr>92</gpxtpx:hr>
      <gpxtpx:cad>47</gpxtpx:cad>
     </gpxtpx:TrackPointExtension>
    </extensions>
   </trkpt>
   <trkpt lat="51.8307190" lon="-1.5368740">
    <ele>165.6</ele>
    <time>2026-05-31T14:47:41Z</time>
    <extensions>
     <gpxtpx:TrackPointExtension>
      <gpxtpx:hr>92</gpxtpx:hr>
      <gpxtpx:cad>0</gpxtpx:cad>
     </gpxtpx:TrackPointExtension>
    </extensions>
   </trkpt>
   <trkpt lat="51.8307710" lon="-1.5369480">
    <ele>165.8</ele>
    <time>2026-05-31T14:47:48Z</time>
    <extensions>
     <gpxtpx:TrackPointExtension>
      <gpxtpx:hr>95</gpxtpx:hr>
      <gpxtpx:cad>46</gpxtpx:cad>
     </gpxtpx:TrackPointExtension>
    </extensions>
   </trkpt>
   <trkpt lat="51.8307790" lon="-1.5369620">
    <ele>166.0</ele>
    <time>2026-05-31T14:47:49Z</time>
    <extensions>
     <gpxtpx:TrackPointExtension>
      <gpxtpx:hr>92</gpxtpx:hr>
      <gpxtpx:cad>46</gpxtpx:cad>
     </gpxtpx:TrackPointExtension>
    </extensions>
   </trkpt>
   <trkpt lat="51.8308200" lon="-1.5370050">
    <ele>166.0</ele>
    <time>2026-05-31T14:47:54Z</time>
    <extensions>
     <gpxtpx:TrackPointExtension>
      <gpxtpx:hr>90</gpxtpx:hr>
      <gpxtpx:cad>48</gpxtpx:cad>
     </gpxtpx:TrackPointExtension>
    </extensions>
   </trkpt>
   <trkpt lat="51.8308830" lon="-1.5370630">
    <ele>166.2</ele>
    <time>2026-05-31T14:48:01Z</time>
    <extensions>
     <gpxtpx:TrackPointExtension>
      <gpxtpx:hr>86</gpxtpx:hr>
      <gpxtpx:cad>44</gpxtpx:cad>
     </gpxtpx:TrackPointExtension>
    </extensions>
   </trkpt>
   <trkpt lat="51.8309260" lon="-1.5370780">
    <ele>166.2</ele>
    <time>2026-05-31T14:48:05Z</time>
    <extensions>
     <gpxtpx:TrackPointExtension>
      <gpxtpx:hr>83</gpxtpx:hr>
      <gpxtpx:cad>0</gpxtpx:cad>
     </gpxtpx:TrackPointExtension>
    </extensions>
   </trkpt>
   <trkpt lat="51.8309460" lon="-1.5370880">
    <ele>166.2</ele>
    <time>2026-05-31T14:48:07Z</time>
    <extensions>
     <gpxtpx:TrackPointExtension>
      <gpxtpx:hr>82</gpxtpx:hr>
      <gpxtpx:cad>0</gpxtpx:cad>
     </gpxtpx:TrackPointExtension>
    </extensions>
   </trkpt>
   <trkpt lat="51.8310710" lon="-1.5371350">
    <ele>166.2</ele>
    <time>2026-05-31T14:48:18Z</time>
    <extensions>
     <gpxtpx:TrackPointExtension>
      <gpxtpx:hr>85</gpxtpx:hr>
      <gpxtpx:cad>0</gpxtpx:cad>
     </gpxtpx:TrackPointExtension>
    </extensions>
   </trkpt>
   <trkpt lat="51.8310920" lon="-1.5371450">
    <ele>166.4</ele>
    <time>2026-05-31T14:48:20Z</time>
    <extensions>
     <gpxtpx:TrackPointExtension>
      <gpxtpx:hr>84</gpxtpx:hr>
      <gpxtpx:cad>0</gpxtpx:cad>
     </gpxtpx:TrackPointExtension>
    </extensions>
   </trkpt>
   <trkpt lat="51.8311790" lon="-1.5371800">
    <ele>166.8</ele>
    <time>2026-05-31T14:48:28Z</time>
    <extensions>
     <gpxtpx:TrackPointExtension>
      <gpxtpx:hr>86</gpxtpx:hr>
      <gpxtpx:cad>0</gpxtpx:cad>
     </gpxtpx:TrackPointExtension>
    </extensions>
   </trkpt>
   <trkpt lat="51.8311880" lon="-1.5371840">
    <ele>166.8</ele>
    <time>2026-05-31T14:48:29Z</time>
    <extensions>
     <gpxtpx:TrackPointExtension>
      <gpxtpx:hr>89</gpxtpx:hr>
      <gpxtpx:cad>0</gpxtpx:cad>
     </gpxtpx:TrackPointExtension>
    </extensions>
   </trkpt>
   <trkpt lat="51.8312420" lon="-1.5371950">
    <ele>167.0</ele>
    <time>2026-05-31T14:48:36Z</time>
    <extensions>
     <gpxtpx:TrackPointExtension>
      <gpxtpx:hr>92</gpxtpx:hr>
      <gpxtpx:cad>46</gpxtpx:cad>
     </gpxtpx:TrackPointExtension>
    </extensions>
   </trkpt>
   <trkpt lat="51.8312520" lon="-1.5372010">
    <ele>167.0</ele>
    <time>2026-05-31T14:48:37Z</time>
    <extensions>
     <gpxtpx:TrackPointExtension>
      <gpxtpx:hr>88</gpxtpx:hr>
      <gpxtpx:cad>46</gpxtpx:cad>
     </gpxtpx:TrackPointExtension>
    </extensions>
   </trkpt>
   <trkpt lat="51.8313030" lon="-1.5372660">
    <ele>167.2</ele>
    <time>2026-05-31T14:48:43Z</time>
    <extensions>
     <gpxtpx:TrackPointExtension>
      <gpxtpx:hr>91</gpxtpx:hr>
      <gpxtpx:cad>48</gpxtpx:cad>
     </gpxtpx:TrackPointExtension>
    </extensions>
   </trkpt>
   <trkpt lat="51.8313290" lon="-1.5373220">
    <ele>167.2</ele>
    <time>2026-05-31T14:48:48Z</time>
    <extensions>
     <gpxtpx:TrackPointExtension>
      <gpxtpx:hr>90</gpxtpx:hr>
      <gpxtpx:cad>0</gpxtpx:cad>
     </gpxtpx:TrackPointExtension>
    </extensions>
   </trkpt>
   <trkpt lat="51.8314080" lon="-1.5374340">
    <ele>167.4</ele>
    <time>2026-05-31T14:48:58Z</time>
    <extensions>
     <gpxtpx:TrackPointExtension>
      <gpxtpx:hr>90</gpxtpx:hr>
      <gpxtpx:cad>0</gpxtpx:cad>
     </gpxtpx:TrackPointExtension>
    </extensions>
   </trkpt>
   <trkpt lat="51.8314190" lon="-1.5374530">
    <ele>167.6</ele>
    <time>2026-05-31T14:49:02Z</time>
    <extensions>
     <gpxtpx:TrackPointExtension>
      <gpxtpx:hr>93</gpxtpx:hr>
      <gpxtpx:cad>0</gpxtpx:cad>
     </gpxtpx:TrackPointExtension>
    </extensions>
   </trkpt>
   <trkpt lat="51.8314470" lon="-1.5375110">
    <ele>167.6</ele>
    <time>2026-05-31T14:49:08Z</time>
    <extensions>
     <gpxtpx:TrackPointExtension>
      <gpxtpx:hr>96</gpxtpx:hr>
      <gpxtpx:cad>0</gpxtpx:cad>
     </gpxtpx:TrackPointExtension>
    </extensions>
   </trkpt>
   <trkpt lat="51.8314670" lon="-1.5375480">
    <ele>167.8</ele>
    <time>2026-05-31T14:49:11Z</time>
    <extensions>
     <gpxtpx:TrackPointExtension>
      <gpxtpx:hr>96</gpxtpx:hr>
      <gpxtpx:cad>0</gpxtpx:cad>
     </gpxtpx:TrackPointExtension>
    </extensions>
   </trkpt>
   <trkpt lat="51.8314820" lon="-1.5375730">
    <ele>167.8</ele>
    <time>2026-05-31T14:49:13Z</time>
    <extensions>
     <gpxtpx:TrackPointExtension>
      <gpxtpx:hr>95</gpxtpx:hr>
      <gpxtpx:cad>46</gpxtpx:cad>
     </gpxtpx:TrackPointExtension>
    </extensions>
   </trkpt>
   <trkpt lat="51.8315030" lon="-1.5376190">
    <ele>168.2</ele>
    <time>2026-05-31T14:49:19Z</time>
    <extensions>
     <gpxtpx:TrackPointExtension>
      <gpxtpx:hr>92</gpxtpx:hr>
      <gpxtpx:cad>47</gpxtpx:cad>
     </gpxtpx:TrackPointExtension>
    </extensions>
   </trkpt>
   <trkpt lat="51.8315130" lon="-1.5376360">
    <ele>168.4</ele>
    <time>2026-05-31T14:49:21Z</time>
    <extensions>
     <gpxtpx:TrackPointExtension>
      <gpxtpx:hr>87</gpxtpx:hr>
      <gpxtpx:cad>41</gpxtpx:cad>
     </gpxtpx:TrackPointExtension>
    </extensions>
   </trkpt>
   <trkpt lat="51.8315250" lon="-1.5376550">
    <ele>168.4</ele>
    <time>2026-05-31T14:49:23Z</time>
    <extensions>
     <gpxtpx:TrackPointExtension>
      <gpxtpx:hr>89</gpxtpx:hr>
      <gpxtpx:cad>41</gpxtpx:cad>
     </gpxtpx:TrackPointExtension>
    </extensions>
   </trkpt>
   <trkpt lat="51.8315880" lon="-1.5377430">
    <ele>168.8</ele>
    <time>2026-05-31T14:49:38Z</time>
    <extensions>
     <gpxtpx:TrackPointExtension>
      <gpxtpx:hr>90</gpxtpx:hr>
      <gpxtpx:cad>0</gpxtpx:cad>
     </gpxtpx:TrackPointExtension>
    </extensions>
   </trkpt>
   <trkpt lat="51.8315930" lon="-1.5377510">
    <ele>168.8</ele>
    <time>2026-05-31T14:49:41Z</time>
    <extensions>
     <gpxtpx:TrackPointExtension>
      <gpxtpx:hr>87</gpxtpx:hr>
      <gpxtpx:cad>0</gpxtpx:cad>
     </gpxtpx:TrackPointExtension>
    </extensions>
   </trkpt>
   <trkpt lat="51.8316010" lon="-1.5377480">
    <ele>168.8</ele>
    <time>2026-05-31T14:49:42Z</time>
    <extensions>
     <gpxtpx:TrackPointExtension>
      <gpxtpx:hr>90</gpxtpx:hr>
      <gpxtpx:cad>0</gpxtpx:cad>
     </gpxtpx:TrackPointExtension>
    </extensions>
   </trkpt>
   <trkpt lat="51.8316470" lon="-1.5377940">
    <ele>168.8</ele>
    <time>2026-05-31T14:49:49Z</time>
    <extensions>
     <gpxtpx:TrackPointExtension>
      <gpxtpx:hr>91</gpxtpx:hr>
      <gpxtpx:cad>43</gpxtpx:cad>
     </gpxtpx:TrackPointExtension>
    </extensions>
   </trkpt>
   <trkpt lat="51.8316500" lon="-1.5378040">
    <ele>169.0</ele>
    <time>2026-05-31T14:49:50Z</time>
    <extensions>
     <gpxtpx:TrackPointExtension>
      <gpxtpx:hr>90</gpxtpx:hr>
      <gpxtpx:cad>43</gpxtpx:cad>
     </gpxtpx:TrackPointExtension>
    </extensions>
   </trkpt>
   <trkpt lat="51.8316710" lon="-1.5378420">
    <ele>169.0</ele>
    <time>2026-05-31T14:49:55Z</time>
    <extensions>
     <gpxtpx:TrackPointExtension>
      <gpxtpx:hr>93</gpxtpx:hr>
      <gpxtpx:cad>45</gpxtpx:cad>
     </gpxtpx:TrackPointExtension>
    </extensions>
   </trkpt>
   <trkpt lat="51.8317470" lon="-1.5379240">
    <ele>169.4</ele>
    <time>2026-05-31T14:50:05Z</time>
    <extensions>
     <gpxtpx:TrackPointExtension>
      <gpxtpx:hr>92</gpxtpx:hr>
      <gpxtpx:cad>46</gpxtpx:cad>
     </gpxtpx:TrackPointExtension>
    </extensions>
   </trkpt>
   <trkpt lat="51.8318480" lon="-1.5379870">
    <ele>169.8</ele>
    <time>2026-05-31T14:50:17Z</time>
    <extensions>
     <gpxtpx:TrackPointExtension>
      <gpxtpx:hr>95</gpxtpx:hr>
      <gpxtpx:cad>43</gpxtpx:cad>
     </gpxtpx:TrackPointExtension>
    </extensions>
   </trkpt>
   <trkpt lat="51.8318930" lon="-1.5380310">
    <ele>169.8</ele>
    <time>2026-05-31T14:50:22Z</time>
    <extensions>
     <gpxtpx:TrackPointExtension>
      <gpxtpx:hr>94</gpxtpx:hr>
      <gpxtpx:cad>49</gpxtpx:cad>
     </gpxtpx:TrackPointExtension>
    </extensions>
   </trkpt>
   <trkpt lat="51.8319170" lon="-1.5380300">
    <ele>170.0</ele>
    <time>2026-05-31T14:50:26Z</time>
    <extensions>
     <gpxtpx:TrackPointExtension>
      <gpxtpx:hr>90</gpxtpx:hr>
      <gpxtpx:cad>49</gpxtpx:cad>
     </gpxtpx:TrackPointExtension>
    </extensions>
   </trkpt>
   <trkpt lat="51.8319270" lon="-1.5380420">
    <ele>170.0</ele>
    <time>2026-05-31T14:50:28Z</time>
    <extensions>
     <gpxtpx:TrackPointExtension>
      <gpxtpx:hr>94</gpxtpx:hr>
      <gpxtpx:cad>0</gpxtpx:cad>
     </gpxtpx:TrackPointExtension>
    </extensions>
   </trkpt>
   <trkpt lat="51.8319760" lon="-1.5380790">
    <ele>170.2</ele>
    <time>2026-05-31T14:50:33Z</time>
    <extensions>
     <gpxtpx:TrackPointExtension>
      <gpxtpx:hr>92</gpxtpx:hr>
      <gpxtpx:cad>0</gpxtpx:cad>
     </gpxtpx:TrackPointExtension>
    </extensions>
   </trkpt>
   <trkpt lat="51.8320070" lon="-1.5381430">
    <ele>170.4</ele>
    <time>2026-05-31T14:50:38Z</time>
    <extensions>
     <gpxtpx:TrackPointExtension>
      <gpxtpx:hr>88</gpxtpx:hr>
      <gpxtpx:cad>48</gpxtpx:cad>
     </gpxtpx:TrackPointExtension>
    </extensions>
   </trkpt>
   <trkpt lat="51.8320220" lon="-1.5381590">
    <ele>170.4</ele>
    <time>2026-05-31T14:50:41Z</time>
    <extensions>
     <gpxtpx:TrackPointExtension>
      <gpxtpx:hr>85</gpxtpx:hr>
      <gpxtpx:cad>47</gpxtpx:cad>
     </gpxtpx:TrackPointExtension>
    </extensions>
   </trkpt>
   <trkpt lat="51.8320380" lon="-1.5381710">
    <ele>170.6</ele>
    <time>2026-05-31T14:50:44Z</time>
    <extensions>
     <gpxtpx:TrackPointExtension>
      <gpxtpx:hr>82</gpxtpx:hr>
      <gpxtpx:cad>47</gpxtpx:cad>
     </gpxtpx:TrackPointExtension>
    </extensions>
   </trkpt>
   <trkpt lat="51.8320770" lon="-1.5382020">
    <ele>170.6</ele>
    <time>2026-05-31T14:50:49Z</time>
    <extensions>
     <gpxtpx:TrackPointExtension>
      <gpxtpx:hr>82</gpxtpx:hr>
      <gpxtpx:cad>47</gpxtpx:cad>
     </gpxtpx:TrackPointExtension>
    </extensions>
   </trkpt>
   <trkpt lat="51.8321310" lon="-1.5382580">
    <ele>170.8</ele>
    <time>2026-05-31T14:50:55Z</time>
    <extensions>
     <gpxtpx:TrackPointExtension>
      <gpxtpx:hr>79</gpxtpx:hr>
      <gpxtpx:cad>47</gpxtpx:cad>
     </gpxtpx:TrackPointExtension>
    </extensions>
   </trkpt>
   <trkpt lat="51.8322370" lon="-1.5383530">
    <ele>171.0</ele>
    <time>2026-05-31T14:51:03Z</time>
    <extensions>
     <gpxtpx:TrackPointExtension>
      <gpxtpx:hr>81</gpxtpx:hr>
      <gpxtpx:cad>47</gpxtpx:cad>
     </gpxtpx:TrackPointExtension>
    </extensions>
   </trkpt>
   <trkpt lat="51.8322800" lon="-1.5384020">
    <ele>171.0</ele>
    <time>2026-05-31T14:51:06Z</time>
    <extensions>
     <gpxtpx:TrackPointExtension>
      <gpxtpx:hr>79</gpxtpx:hr>
      <gpxtpx:cad>50</gpxtpx:cad>
     </gpxtpx:TrackPointExtension>
    </extensions>
   </trkpt>
   <trkpt lat="51.8323030" lon="-1.5384330">
    <ele>171.0</ele>
    <time>2026-05-31T14:51:08Z</time>
    <extensions>
     <gpxtpx:TrackPointExtension>
      <gpxtpx:hr>82</gpxtpx:hr>
      <gpxtpx:cad>50</gpxtpx:cad>
     </gpxtpx:TrackPointExtension>
    </extensions>
   </trkpt>
   <trkpt lat="51.8323620" lon="-1.5385070">
    <ele>171.2</ele>
    <time>2026-05-31T14:51:17Z</time>
    <extensions>
     <gpxtpx:TrackPointExtension>
      <gpxtpx:hr>79</gpxtpx:hr>
      <gpxtpx:cad>0</gpxtpx:cad>
     </gpxtpx:TrackPointExtension>
    </extensions>
   </trkpt>
   <trkpt lat="51.8323790" lon="-1.5385160">
    <ele>171.4</ele>
    <time>2026-05-31T14:51:20Z</time>
    <extensions>
     <gpxtpx:TrackPointExtension>
      <gpxtpx:hr>80</gpxtpx:hr>
      <gpxtpx:cad>0</gpxtpx:cad>
     </gpxtpx:TrackPointExtension>
    </extensions>
   </trkpt>
   <trkpt lat="51.8324050" lon="-1.5385330">
    <ele>171.4</ele>
    <time>2026-05-31T14:51:26Z</time>
    <extensions>
     <gpxtpx:TrackPointExtension>
      <gpxtpx:hr>83</gpxtpx:hr>
      <gpxtpx:cad>0</gpxtpx:cad>
     </gpxtpx:TrackPointExtension>
    </extensions>
   </trkpt>
   <trkpt lat="51.8324840" lon="-1.5385670">
    <ele>171.4</ele>
    <time>2026-05-31T14:51:34Z</time>
    <extensions>
     <gpxtpx:TrackPointExtension>
      <gpxtpx:hr>81</gpxtpx:hr>
      <gpxtpx:cad>0</gpxtpx:cad>
     </gpxtpx:TrackPointExtension>
    </extensions>
   </trkpt>
   <trkpt lat="51.8325680" lon="-1.5385220">
    <ele>171.8</ele>
    <time>2026-05-31T14:51:46Z</time>
    <extensions>
     <gpxtpx:TrackPointExtension>
      <gpxtpx:hr>78</gpxtpx:hr>
      <gpxtpx:cad>42</gpxtpx:cad>
     </gpxtpx:TrackPointExtension>
    </extensions>
   </trkpt>
   <trkpt lat="51.8325770" lon="-1.5385200">
    <ele>171.8</ele>
    <time>2026-05-31T14:51:47Z</time>
    <extensions>
     <gpxtpx:TrackPointExtension>
      <gpxtpx:hr>79</gpxtpx:hr>
      <gpxtpx:cad>42</gpxtpx:cad>
     </gpxtpx:TrackPointExtension>
    </extensions>
   </trkpt>
   <trkpt lat="51.8326260" lon="-1.5385250">
    <ele>172.0</ele>
    <time>2026-05-31T14:51:53Z</time>
    <extensions>
     <gpxtpx:TrackPointExtension>
      <gpxtpx:hr>81</gpxtpx:hr>
      <gpxtpx:cad>48</gpxtpx:cad>
     </gpxtpx:TrackPointExtension>
    </extensions>
   </trkpt>
   <trkpt lat="51.8326360" lon="-1.5385230">
    <ele>172.0</ele>
    <time>2026-05-31T14:51:54Z</time>
    <extensions>
     <gpxtpx:TrackPointExtension>
      <gpxtpx:hr>84</gpxtpx:hr>
      <gpxtpx:cad>48</gpxtpx:cad>
     </gpxtpx:TrackPointExtension>
    </extensions>
   </trkpt>
   <trkpt lat="51.8326950" lon="-1.5385190">
    <ele>172.6</ele>
    <time>2026-05-31T14:52:02Z</time>
    <extensions>
     <gpxtpx:TrackPointExtension>
      <gpxtpx:hr>87</gpxtpx:hr>
      <gpxtpx:cad>45</gpxtpx:cad>
     </gpxtpx:TrackPointExtension>
    </extensions>
   </trkpt>
   <trkpt lat="51.8327110" lon="-1.5385160">
    <ele>172.6</ele>
    <time>2026-05-31T14:52:04Z</time>
    <extensions>
     <gpxtpx:TrackPointExtension>
      <gpxtpx:hr>83</gpxtpx:hr>
      <gpxtpx:cad>0</gpxtpx:cad>
     </gpxtpx:TrackPointExtension>
    </extensions>
   </trkpt>
   <trkpt lat="51.8327160" lon="-1.5385100">
    <ele>172.6</ele>
    <time>2026-05-31T14:52:05Z</time>
    <extensions>
     <gpxtpx:TrackPointExtension>
      <gpxtpx:hr>86</gpxtpx:hr>
      <gpxtpx:cad>0</gpxtpx:cad>
     </gpxtpx:TrackPointExtension>
    </extensions>
   </trkpt>
   <trkpt lat="51.8327290" lon="-1.5385070">
    <ele>172.8</ele>
    <time>2026-05-31T14:52:07Z</time>
    <extensions>
     <gpxtpx:TrackPointExtension>
      <gpxtpx:hr>81</gpxtpx:hr>
      <gpxtpx:cad>43</gpxtpx:cad>
     </gpxtpx:TrackPointExtension>
    </extensions>
   </trkpt>
   <trkpt lat="51.8327540" lon="-1.5384810">
    <ele>173.0</ele>
    <time>2026-05-31T14:52:12Z</time>
    <extensions>
     <gpxtpx:TrackPointExtension>
      <gpxtpx:hr>81</gpxtpx:hr>
      <gpxtpx:cad>44</gpxtpx:cad>
     </gpxtpx:TrackPointExtension>
    </extensions>
   </trkpt>
   <trkpt lat="51.8327720" lon="-1.5384880">
    <ele>173.2</ele>
    <time>2026-05-31T14:52:15Z</time>
    <extensions>
     <gpxtpx:TrackPointExtension>
      <gpxtpx:hr>88</gpxtpx:hr>
      <gpxtpx:cad>42</gpxtpx:cad>
     </gpxtpx:TrackPointExtension>
    </extensions>
   </trkpt>
   <trkpt lat="51.8327800" lon="-1.5384930">
    <ele>173.4</ele>
    <time>2026-05-31T14:52:17Z</time>
    <extensions>
     <gpxtpx:TrackPointExtension>
      <gpxtpx:hr>86</gpxtpx:hr>
      <gpxtpx:cad>41</gpxtpx:cad>
     </gpxtpx:TrackPointExtension>
    </extensions>
   </trkpt>
   <trkpt lat="51.8328480" lon="-1.5385170">
    <ele>173.8</ele>
    <time>2026-05-31T14:52:24Z</time>
    <extensions>
     <gpxtpx:TrackPointExtension>
      <gpxtpx:hr>81</gpxtpx:hr>
      <gpxtpx:cad>0</gpxtpx:cad>
     </gpxtpx:TrackPointExtension>
    </extensions>
   </trkpt>
   <trkpt lat="51.8328870" lon="-1.5385290">
    <ele>173.8</ele>
    <time>2026-05-31T14:52:28Z</time>
    <extensions>
     <gpxtpx:TrackPointExtension>
      <gpxtpx:hr>85</gpxtpx:hr>
      <gpxtpx:cad>0</gpxtpx:cad>
     </gpxtpx:TrackPointExtension>
    </extensions>
   </trkpt>
   <trkpt lat="51.8328980" lon="-1.5385320">
    <ele>173.8</ele>
    <time>2026-05-31T14:52:29Z</time>
    <extensions>
     <gpxtpx:TrackPointExtension>
      <gpxtpx:hr>85</gpxtpx:hr>
      <gpxtpx:cad>0</gpxtpx:cad>
     </gpxtpx:TrackPointExtension>
    </extensions>
   </trkpt>
   <trkpt lat="51.8329230" lon="-1.5385360">
    <ele>174.0</ele>
    <time>2026-05-31T14:52:31Z</time>
    <extensions>
     <gpxtpx:TrackPointExtension>
      <gpxtpx:hr>84</gpxtpx:hr>
      <gpxtpx:cad>0</gpxtpx:cad>
     </gpxtpx:TrackPointExtension>
    </extensions>
   </trkpt>
   <trkpt lat="51.8329820" lon="-1.5385440">
    <ele>174.4</ele>
    <time>2026-05-31T14:52:35Z</time>
    <extensions>
     <gpxtpx:TrackPointExtension>
      <gpxtpx:hr>88</gpxtpx:hr>
      <gpxtpx:cad>48</gpxtpx:cad>
     </gpxtpx:TrackPointExtension>
    </extensions>
   </trkpt>
   <trkpt lat="51.8330180" lon="-1.5385610">
    <ele>174.4</ele>
    <time>2026-05-31T14:52:38Z</time>
    <extensions>
     <gpxtpx:TrackPointExtension>
      <gpxtpx:hr>85</gpxtpx:hr>
      <gpxtpx:cad>55</gpxtpx:cad>
     </gpxtpx:TrackPointExtension>
    </extensions>
   </trkpt>
   <trkpt lat="51.8330410" lon="-1.5385820">
    <ele>174.6</ele>
    <time>2026-05-31T14:52:40Z</time>
    <extensions>
     <gpxtpx:TrackPointExtension>
      <gpxtpx:hr>86</gpxtpx:hr>
      <gpxtpx:cad>56</gpxtpx:cad>
     </gpxtpx:TrackPointExtension>
    </extensions>
   </trkpt>
   <trkpt lat="51.8330550" lon="-1.5385940">
    <ele>174.6</ele>
    <time>2026-05-31T14:52:41Z</time>
    <extensions>
     <gpxtpx:TrackPointExtension>
      <gpxtpx:hr>83</gpxtpx:hr>
      <gpxtpx:cad>55</gpxtpx:cad>
     </gpxtpx:TrackPointExtension>
    </extensions>
   </trkpt>
   <trkpt lat="51.8331350" lon="-1.5386560">
    <ele>175.2</ele>
    <time>2026-05-31T14:52:46Z</time>
    <extensions>
     <gpxtpx:TrackPointExtension>
      <gpxtpx:hr>81</gpxtpx:hr>
      <gpxtpx:cad>57</gpxtpx:cad>
     </gpxtpx:TrackPointExtension>
    </extensions>
   </trkpt>
   <trkpt lat="51.8331900" lon="-1.5386950">
    <ele>175.6</ele>
    <time>2026-05-31T14:52:50Z</time>
    <extensions>
     <gpxtpx:TrackPointExtension>
      <gpxtpx:hr>82</gpxtpx:hr>
      <gpxtpx:cad>55</gpxtpx:cad>
     </gpxtpx:TrackPointExtension>
    </extensions>
   </trkpt>
   <trkpt lat="51.8333020" lon="-1.5387860">
    <ele>176.0</ele>
    <time>2026-05-31T14:52:58Z</time>
    <extensions>
     <gpxtpx:TrackPointExtension>
      <gpxtpx:hr>80</gpxtpx:hr>
      <gpxtpx:cad>56</gpxtpx:cad>
     </gpxtpx:TrackPointExtension>
    </extensions>
   </trkpt>
   <trkpt lat="51.8333160" lon="-1.5387990">
    <ele>176.2</ele>
    <time>2026-05-31T14:52:59Z</time>
    <extensions>
     <gpxtpx:TrackPointExtension>
      <gpxtpx:hr>82</gpxtpx:hr>
      <gpxtpx:cad>55</gpxtpx:cad>
     </gpxtpx:TrackPointExtension>
    </extensions>
   </trkpt>
   <trkpt lat="51.8334260" lon="-1.5388800">
    <ele>177.0</ele>
    <time>2026-05-31T14:53:06Z</time>
    <extensions>
     <gpxtpx:TrackPointExtension>
      <gpxtpx:hr>82</gpxtpx:hr>
      <gpxtpx:cad>56</gpxtpx:cad>
     </gpxtpx:TrackPointExtension>
    </extensions>
   </trkpt>
   <trkpt lat="51.8334560" lon="-1.5389090">
    <ele>177.2</ele>
    <time>2026-05-31T14:53:08Z</time>
    <extensions>
     <gpxtpx:TrackPointExtension>
      <gpxtpx:hr>80</gpxtpx:hr>
      <gpxtpx:cad>55</gpxtpx:cad>
     </gpxtpx:TrackPointExtension>
    </extensions>
   </trkpt>
   <trkpt lat="51.8335230" lon="-1.5389880">
    <ele>177.4</ele>
    <time>2026-05-31T14:53:13Z</time>
    <extensions>
     <gpxtpx:TrackPointExtension>
      <gpxtpx:hr>80</gpxtpx:hr>
      <gpxtpx:cad>57</gpxtpx:cad>
     </gpxtpx:TrackPointExtension>
    </extensions>
   </trkpt>
   <trkpt lat="51.8335540" lon="-1.5390160">
    <ele>177.6</ele>
    <time>2026-05-31T14:53:15Z</time>
    <extensions>
     <gpxtpx:TrackPointExtension>
      <gpxtpx:hr>83</gpxtpx:hr>
      <gpxtpx:cad>56</gpxtpx:cad>
     </gpxtpx:TrackPointExtension>
    </extensions>
   </trkpt>
   <trkpt lat="51.8335700" lon="-1.5390320">
    <ele>177.6</ele>
    <time>2026-05-31T14:53:16Z</time>
    <extensions>
     <gpxtpx:TrackPointExtension>
      <gpxtpx:hr>79</gpxtpx:hr>
      <gpxtpx:cad>56</gpxtpx:cad>
     </gpxtpx:TrackPointExtension>
    </extensions>
   </trkpt>
   <trkpt lat="51.8336190" lon="-1.5390640">
    <ele>177.8</ele>
    <time>2026-05-31T14:53:19Z</time>
    <extensions>
     <gpxtpx:TrackPointExtension>
      <gpxtpx:hr>83</gpxtpx:hr>
      <gpxtpx:cad>56</gpxtpx:cad>
     </gpxtpx:TrackPointExtension>
    </extensions>
   </trkpt>
   <trkpt lat="51.8336350" lon="-1.5390700">
    <ele>177.8</ele>
    <time>2026-05-31T14:53:20Z</time>
    <extensions>
     <gpxtpx:TrackPointExtension>
      <gpxtpx:hr>84</gpxtpx:hr>
      <gpxtpx:cad>56</gpxtpx:cad>
     </gpxtpx:TrackPointExtension>
    </extensions>
   </trkpt>
   <trkpt lat="51.8336710" lon="-1.5390860">
    <ele>177.8</ele>
    <time>2026-05-31T14:53:22Z</time>
    <extensions>
     <gpxtpx:TrackPointExtension>
      <gpxtpx:hr>88</gpxtpx:hr>
      <gpxtpx:cad>55</gpxtpx:cad>
     </gpxtpx:TrackPointExtension>
    </extensions>
   </trkpt>
   <trkpt lat="51.8337170" lon="-1.5391230">
    <ele>178.2</ele>
    <time>2026-05-31T14:53:25Z</time>
    <extensions>
     <gpxtpx:TrackPointExtension>
      <gpxtpx:hr>86</gpxtpx:hr>
      <gpxtpx:cad>55</gpxtpx:cad>
     </gpxtpx:TrackPointExtension>
    </extensions>
   </trkpt>
   <trkpt lat="51.8337470" lon="-1.5391350">
    <ele>178.4</ele>
    <time>2026-05-31T14:53:28Z</time>
    <extensions>
     <gpxtpx:TrackPointExtension>
      <gpxtpx:hr>84</gpxtpx:hr>
      <gpxtpx:cad>55</gpxtpx:cad>
     </gpxtpx:TrackPointExtension>
    </extensions>
   </trkpt>
   <trkpt lat="51.8337790" lon="-1.5391490">
    <ele>178.6</ele>
    <time>2026-05-31T14:53:31Z</time>
    <extensions>
     <gpxtpx:TrackPointExtension>
      <gpxtpx:hr>87</gpxtpx:hr>
      <gpxtpx:cad>55</gpxtpx:cad>
     </gpxtpx:TrackPointExtension>
    </extensions>
   </trkpt>
   <trkpt lat="51.8338220" lon="-1.5391640">
    <ele>178.6</ele>
    <time>2026-05-31T14:53:35Z</time>
    <extensions>
     <gpxtpx:TrackPointExtension>
      <gpxtpx:hr>86</gpxtpx:hr>
      <gpxtpx:cad>55</gpxtpx:cad>
     </gpxtpx:TrackPointExtension>
    </extensions>
   </trkpt>
   <trkpt lat="51.8339020" lon="-1.5391810">
    <ele>178.8</ele>
    <time>2026-05-31T14:53:41Z</time>
    <extensions>
     <gpxtpx:TrackPointExtension>
      <gpxtpx:hr>87</gpxtpx:hr>
      <gpxtpx:cad>55</gpxtpx:cad>
     </gpxtpx:TrackPointExtension>
    </extensions>
   </trkpt>
   <trkpt lat="51.8339250" lon="-1.5391950">
    <ele>178.8</ele>
    <time>2026-05-31T14:53:43Z</time>
    <extensions>
     <gpxtpx:TrackPointExtension>
      <gpxtpx:hr>89</gpxtpx:hr>
      <gpxtpx:cad>55</gpxtpx:cad>
     </gpxtpx:TrackPointExtension>
    </extensions>
   </trkpt>
   <trkpt lat="51.8339760" lon="-1.5392100">
    <ele>178.8</ele>
    <time>2026-05-31T14:53:48Z</time>
    <extensions>
     <gpxtpx:TrackPointExtension>
      <gpxtpx:hr>85</gpxtpx:hr>
      <gpxtpx:cad>56</gpxtpx:cad>
     </gpxtpx:TrackPointExtension>
    </extensions>
   </trkpt>
   <trkpt lat="51.8339860" lon="-1.5392170">
    <ele>179.0</ele>
    <time>2026-05-31T14:53:49Z</time>
    <extensions>
     <gpxtpx:TrackPointExtension>
      <gpxtpx:hr>88</gpxtpx:hr>
      <gpxtpx:cad>56</gpxtpx:cad>
     </gpxtpx:TrackPointExtension>
    </extensions>
   </trkpt>
   <trkpt lat="51.8339980" lon="-1.5392220">
    <ele>179.0</ele>
    <time>2026-05-31T14:53:50Z</time>
    <extensions>
     <gpxtpx:TrackPointExtension>
      <gpxtpx:hr>90</gpxtpx:hr>
      <gpxtpx:cad>56</gpxtpx:cad>
     </gpxtpx:TrackPointExtension>
    </extensions>
   </trkpt>
   <trkpt lat="51.8340790" lon="-1.5392970">
    <ele>179.2</ele>
    <time>2026-05-31T14:53:57Z</time>
    <extensions>
     <gpxtpx:TrackPointExtension>
      <gpxtpx:hr>90</gpxtpx:hr>
      <gpxtpx:cad>57</gpxtpx:cad>
     </gpxtpx:TrackPointExtension>
    </extensions>
   </trkpt>
   <trkpt lat="51.8341330" lon="-1.5393400">
    <ele>179.2</ele>
    <time>2026-05-31T14:54:02Z</time>
    <extensions>
     <gpxtpx:TrackPointExtension>
      <gpxtpx:hr>89</gpxtpx:hr>
      <gpxtpx:cad>58</gpxtpx:cad>
     </gpxtpx:TrackPointExtension>
    </extensions>
   </trkpt>
   <trkpt lat="51.8341720" lon="-1.5393380">
    <ele>179.4</ele>
    <time>2026-05-31T14:54:05Z</time>
    <extensions>
     <gpxtpx:TrackPointExtension>
      <gpxtpx:hr>91</gpxtpx:hr>
      <gpxtpx:cad>55</gpxtpx:cad>
     </gpxtpx:TrackPointExtension>
    </extensions>
   </trkpt>
  </trkseg>
 </trk>
</gpx>
